FileName	PrecursorID	PrecursorMz	PrecursorCharge	ModifiedSequence	PeptideSequence	Protein	ProteinQvalue
Substrate_comp_Rapid_Method_Polypropylenechip_3c.mzML	TADGIVSHLK2	520.7908	2	TADGIVSHLK	TADGIVSHLK	sp|P30101|PDIA3_HUMAN	0.0015527950310559
Substrate_comp_Rapid_Method_Polypropylenechip_3c.mzML	LVASMEEAR2	503.25574	2	LVASMEEAR	LVASMEEAR	sp|Q15149|PLEC_HUMAN	0.0015527950310559
Substrate_comp_Rapid_Method_Polypropylenechip_3c.mzML	NLVVIPK2	391.75943	2	NLVVIPK	NLVVIPK	sp|P15121|ALDR_HUMAN	0.0015527950310559
Substrate_comp_Rapid_Method_Polypropylenechip_3c.mzML	LLEAQIATGGIIDPEESHR3	683.69257	3	LLEAQIATGGIIDPEESHR	LLEAQIATGGIIDPEESHR	sp|Q15149|PLEC_HUMAN	0.0015527950310559
Substrate_comp_Rapid_Method_Polypropylenechip_3c.mzML	LGSLVENNER2	565.7937	2	LGSLVENNER	LGSLVENNER	sp|B5ME19|EIFCL_HUMAN	0.0015527950310559
Substrate_comp_Rapid_Method_Polypropylenechip_3c.mzML	SLAAEEEAAR2	523.759	2	SLAAEEEAAR	SLAAEEEAAR	sp|Q15149|PLEC_HUMAN	0.0015527950310559
Substrate_comp_Rapid_Method_Polypropylenechip_3c.mzML	SLAQAEAEK2	473.74615	2	SLAQAEAEK	SLAQAEAEK	sp|Q15149|PLEC_HUMAN	0.0015527950310559
Substrate_comp_Rapid_Method_Polypropylenechip_3c.mzML	HLEINPDHSIIETLR3	596.3201	3	HLEINPDHSIIETLR	HLEINPDHSIIETLR	sp|P07900|HS90A_HUMAN	0.0015527950310559
Substrate_comp_Rapid_Method_Polypropylenechip_3c.mzML	APGTPHSHTKPYVR3	516.6073	3	APGTPHSHTKPYVR	APGTPHSHTKPYVR	sp|Q07020|RL18_HUMAN	0.0015527950310559
Substrate_comp_Rapid_Method_Polypropylenechip_3c.mzML	SGYLAGDK2	405.70316	2	SGYLAGDK	SGYLAGDK	sp|P26038|MOES_HUMAN	0.0015527950310559
Substrate_comp_Rapid_Method_Polypropylenechip_3c.mzML	AVVQLKPR2	455.79495	2	AVVQLKPR	AVVQLKPR	sp|Q15149|PLEC_HUMAN	0.0015527950310559
Substrate_comp_Rapid_Method_Polypropylenechip_3c.mzML	QLFDQVVK2	488.7763	2	QLFDQVVK	QLFDQVVK	sp|P26038|MOES_HUMAN;sp|P35241|RADI_HUMAN	0.0015527950310559
Substrate_comp_Rapid_Method_Polypropylenechip_3c.mzML	AVLVDLEPGTMDSVR2	801.41455	2	AVLVDLEPGTMDSVR	AVLVDLEPGTMDSVR	sp|P68371|TBB4B_HUMAN	0.0015527950310559
Substrate_comp_Rapid_Method_Polypropylenechip_3c.mzML	GIVVTAYSPLGSPDRPWAKPEDPSLLEDPR4	816.42535	4	GIVVTAYSPLGSPDRPWAKPEDPSLLEDPR	GIVVTAYSPLGSPDRPWAKPEDPSLLEDPR	sp|P15121|ALDR_HUMAN	0.0015527950310559
Substrate_comp_Rapid_Method_Polypropylenechip_3c.mzML	KGLVGPELHDR3	407.5634	3	KGLVGPELHDR	KGLVGPELHDR	sp|Q15149|PLEC_HUMAN	0.0015527950310559
Substrate_comp_Rapid_Method_Polypropylenechip_3c.mzML	EIHKPGYLANDR3	471.58115	3	EIHKPGYLANDR	EIHKPGYLANDR	sp|P35241|RADI_HUMAN	0.0015527950310559
Substrate_comp_Rapid_Method_Polypropylenechip_3c.mzML	LYSESLAR2	469.75098	2	LYSESLAR	LYSESLAR	sp|P31150|GDIA_HUMAN	0.0015527950310559
Substrate_comp_Rapid_Method_Polypropylenechip_3c.mzML	GGELVYTDSEAR2	648.80695	2	GGELVYTDSEAR	GGELVYTDSEAR	sp|Q15149|PLEC_HUMAN	0.0015527950310559
Substrate_comp_Rapid_Method_Polypropylenechip_3c.mzML	LTFDTTFSPNTGKK3	519.60376	3	LTFDTTFSPNTGKK	LTFDTTFSPNTGKK	sp|P45880|VDAC2_HUMAN	0.0015527950310559
Substrate_comp_Rapid_Method_Polypropylenechip_3c.mzML	SLTNDWEDHLAVK3	509.91977	3	SLTNDWEDHLAVK	SLTNDWEDHLAVK	sp|P07900|HS90A_HUMAN	0.0015527950310559
Substrate_comp_Rapid_Method_Polypropylenechip_3c.mzML	AGLQFPVGR2	472.76913	2	AGLQFPVGR	AGLQFPVGR	sp|Q9BTM1|H2AJ_HUMAN	0.0015527950310559
Substrate_comp_Rapid_Method_Polypropylenechip_3c.mzML	ENPLQFK2	438.23474	2	ENPLQFK	ENPLQFK	sp|P35241|RADI_HUMAN	0.0015527950310559
Substrate_comp_Rapid_Method_Polypropylenechip_3c.mzML	LSVYAALQR2	510.7954	2	LSVYAALQR	LSVYAALQR	sp|Q15149|PLEC_HUMAN	0.0015527950310559
Substrate_comp_Rapid_Method_Polypropylenechip_3c.mzML	IQVWHEEHR3	411.87518	3	IQVWHEEHR	IQVWHEEHR	sp|P26038|MOES_HUMAN	0.0015527950310559
Substrate_comp_Rapid_Method_Polypropylenechip_3c.mzML	LLSTDPVAAK2	507.79504	2	LLSTDPVAAK	LLSTDPVAAK	sp|Q10567|AP1B1_HUMAN	0.0015527950310559
Substrate_comp_Rapid_Method_Polypropylenechip_3c.mzML	LLLNNGAK2	421.766	2	LLLNNGAK	LLLNNGAK	sp|P15121|ALDR_HUMAN	0.0015527950310559
Substrate_comp_Rapid_Method_Polypropylenechip_3c.mzML	VLALPEPSPAAPTLR2	766.4453	2	VLALPEPSPAAPTLR	VLALPEPSPAAPTLR	sp|Q15149|PLEC_HUMAN	0.0015527950310559
Substrate_comp_Rapid_Method_Polypropylenechip_3c.mzML	HFSVEGQLEFR3	450.22687	3	HFSVEGQLEFR	HFSVEGQLEFR	sp|P07900|HS90A_HUMAN	0.0015527950310559
Substrate_comp_Rapid_Method_Polypropylenechip_3c.mzML	AGVAAPATQVAQVTLQSVQR3	665.7042	3	AGVAAPATQVAQVTLQSVQR	AGVAAPATQVAQVTLQSVQR	sp|Q15149|PLEC_HUMAN	0.0015527950310559
Substrate_comp_Rapid_Method_Polypropylenechip_3c.mzML	GFDEYMK2	445.19202	2	GFDEYMK	GFDEYMK	sp|Q01469|FABP5_HUMAN	0.0015527950310559
Substrate_comp_Rapid_Method_Polypropylenechip_3c.mzML	LSDQFHDILIR3	452.91382	3	LSDQFHDILIR	LSDQFHDILIR	sp|O75340|PDCD6_HUMAN	0.0015527950310559
Substrate_comp_Rapid_Method_Polypropylenechip_3c.mzML	TTAQVLIR2	451.2766	2	TTAQVLIR	TTAQVLIR	sp|P15121|ALDR_HUMAN	0.0015527950310559
Substrate_comp_Rapid_Method_Polypropylenechip_3c.mzML	SQDIYLR2	447.73727	2	SQDIYLR	SQDIYLR	sp|Q07020|RL18_HUMAN	0.0015527950310559
Substrate_comp_Rapid_Method_Polypropylenechip_3c.mzML	KAPDFVFYAPR3	437.5674	3	KAPDFVFYAPR	KAPDFVFYAPR	sp|P26038|MOES_HUMAN;sp|P35241|RADI_HUMAN	0.0015527950310559
Substrate_comp_Rapid_Method_Polypropylenechip_3c.mzML	KESEAVEWQQK3	454.56052	3	KESEAVEWQQK	KESEAVEWQQK	sp|P26038|MOES_HUMAN	0.0015527950310559
Substrate_comp_Rapid_Method_Polypropylenechip_3c.mzML	LTVNEAVK2	437.25534	2	LTVNEAVK	LTVNEAVK	sp|Q15149|PLEC_HUMAN	0.0015527950310559
Substrate_comp_Rapid_Method_Polypropylenechip_3c.mzML	YLTVAAVFR2	520.2998	2	YLTVAAVFR	YLTVAAVFR	sp|P68371|TBB4B_HUMAN	0.0015527950310559
Substrate_comp_Rapid_Method_Polypropylenechip_3c.mzML	LQNVQIALDYLR2	723.4096	2	LQNVQIALDYLR	LQNVQIALDYLR	sp|Q15149|PLEC_HUMAN	0.0015527950310559
Substrate_comp_Rapid_Method_Polypropylenechip_3c.mzML	DNSTMGYMAAK2	594.7553	2	DNSTMGYMAAK	DNSTMGYMAAK	sp|P07900|HS90A_HUMAN	0.0015527950310559
Substrate_comp_Rapid_Method_Polypropylenechip_3c.mzML	KFVIKPIDK2	544.3476	2	KFVIKPIDK	KFVIKPIDK	sp|P26038|MOES_HUMAN;sp|P35241|RADI_HUMAN	0.0015527950310559
Substrate_comp_Rapid_Method_Polypropylenechip_3c.mzML	IDKPILK2	413.7733	2	IDKPILK	IDKPILK	sp|P62917|RL8_HUMAN	0.0015527950310559
Substrate_comp_Rapid_Method_Polypropylenechip_3c.mzML	VLLVPGPEK2	476.29755	2	VLLVPGPEK	VLLVPGPEK	sp|Q99536|VAT1_HUMAN	0.0015527950310559
Substrate_comp_Rapid_Method_Polypropylenechip_3c.mzML	ELLGQGLLLR2	556.3452	2	ELLGQGLLLR	ELLGQGLLLR	sp|B5ME19|EIFCL_HUMAN	0.0015527950310559
Substrate_comp_Rapid_Method_Polypropylenechip_3c.mzML	TLTIVDTGIGMTK2	675.3717	2	TLTIVDTGIGMTK	TLTIVDTGIGMTK	sp|P07900|HS90A_HUMAN	0.0015527950310559
Substrate_comp_Rapid_Method_Polypropylenechip_3c.mzML	VPVDVAYR2	459.75577	2	VPVDVAYR	VPVDVAYR	sp|Q15149|PLEC_HUMAN	0.0015527950310559
Substrate_comp_Rapid_Method_Polypropylenechip_3c.mzML	RLTVNEAVK2	515.3059	2	RLTVNEAVK	RLTVNEAVK	sp|Q15149|PLEC_HUMAN	0.0015527950310559
Substrate_comp_Rapid_Method_Polypropylenechip_3c.mzML	QLLEEELAR2	550.8005	2	QLLEEELAR	QLLEEELAR	sp|Q15149|PLEC_HUMAN	0.0015527950310559
Substrate_comp_Rapid_Method_Polypropylenechip_3c.mzML	GLVEDTLR2	451.7502	2	GLVEDTLR	GLVEDTLR	sp|Q15149|PLEC_HUMAN	0.0015527950310559
Substrate_comp_Rapid_Method_Polypropylenechip_3c.mzML	SYVDPSTDER2	584.759	2	SYVDPSTDER	SYVDPSTDER	sp|Q15149|PLEC_HUMAN	0.0015527950310559
Substrate_comp_Rapid_Method_Polypropylenechip_3c.mzML	LLEAQIATGGIIDPVHSHR4	507.5313	4	LLEAQIATGGIIDPVHSHR	LLEAQIATGGIIDPVHSHR	sp|Q15149|PLEC_HUMAN	0.0015527950310559
Substrate_comp_Rapid_Method_Polypropylenechip_3c.mzML	KAPDFVFYAPR2	655.8478	2	KAPDFVFYAPR	KAPDFVFYAPR	sp|P26038|MOES_HUMAN;sp|P35241|RADI_HUMAN	0.0015527950310559
Substrate_comp_Rapid_Method_Polypropylenechip_3c.mzML	FYEQFSK2	474.72568	2	FYEQFSK	FYEQFSK	sp|P07900|HS90A_HUMAN	0.0015527950310559
Substrate_comp_Rapid_Method_Polypropylenechip_3c.mzML	HLQLAIR2	425.7667	2	HLQLAIR	HLQLAIR	sp|Q9BTM1|H2AJ_HUMAN	0.0015527950310559
Substrate_comp_Rapid_Method_Polypropylenechip_3c.mzML	SLESLHSFVAAATK3	487.5959	3	SLESLHSFVAAATK	SLESLHSFVAAATK	sp|Q15149|PLEC_HUMAN	0.0015527950310559
Substrate_comp_Rapid_Method_Polypropylenechip_3c.mzML	LSYTQLLR2	497.2895	2	LSYTQLLR	LSYTQLLR	sp|Q15149|PLEC_HUMAN	0.0015527950310559
Substrate_comp_Rapid_Method_Polypropylenechip_3c.mzML	HYGGLTGLNK2	530.2814	2	HYGGLTGLNK	HYGGLTGLNK	sp|Q8N0Y7|PGAM4_HUMAN	0.0015527950310559
Substrate_comp_Rapid_Method_Polypropylenechip_3c.mzML	VPLDEALQR2	520.78955	2	VPLDEALQR	VPLDEALQR	sp|Q15149|PLEC_HUMAN	0.0015527950310559
Substrate_comp_Rapid_Method_Polypropylenechip_3c.mzML	ELEVAEGGK2	466.241	2	ELEVAEGGK	ELEVAEGGK	sp|Q16543|CDC37_HUMAN	0.0015527950310559
Substrate_comp_Rapid_Method_Polypropylenechip_3c.mzML	RPELEDSTLR3	405.8817	3	RPELEDSTLR	RPELEDSTLR	sp|Q15149|PLEC_HUMAN	0.0015527950310559
Substrate_comp_Rapid_Method_Polypropylenechip_3c.mzML	AQVEQELTTLR2	644.3505	2	AQVEQELTTLR	AQVEQELTTLR	sp|Q15149|PLEC_HUMAN	0.0015527950310559
Substrate_comp_Rapid_Method_Polypropylenechip_3c.mzML	VVVAENFDEIVNNENK2	916.9527	2	VVVAENFDEIVNNENK	VVVAENFDEIVNNENK	sp|P30101|PDIA3_HUMAN	0.0015527950310559
Substrate_comp_Rapid_Method_Polypropylenechip_3c.mzML	EDAVLEYLK2	540.28546	2	EDAVLEYLK	EDAVLEYLK	sp|P26038|MOES_HUMAN	0.0015527950310559
Substrate_comp_Rapid_Method_Polypropylenechip_3c.mzML	DALDGPAAEAEPEHSFDGLR3	699.6558	3	DALDGPAAEAEPEHSFDGLR	DALDGPAAEAEPEHSFDGLR	sp|Q15149|PLEC_HUMAN	0.0015527950310559
Substrate_comp_Rapid_Method_Polypropylenechip_3c.mzML	SEHPGLSIGDTAK3	437.89056	3	SEHPGLSIGDTAK	SEHPGLSIGDTAK	sp|P26583|HMGB2_HUMAN	0.0015527950310559
Substrate_comp_Rapid_Method_Polypropylenechip_3c.mzML	SMVEEGTGLR2	539.76434	2	SMVEEGTGLR	SMVEEGTGLR	sp|Q15149|PLEC_HUMAN	0.0015527950310559
Substrate_comp_Rapid_Method_Polypropylenechip_3c.mzML	LLEAAAQSTK2	516.29095	2	LLEAAAQSTK	LLEAAAQSTK	sp|Q15149|PLEC_HUMAN	0.0015527950310559
Substrate_comp_Rapid_Method_Polypropylenechip_3c.mzML	TNRPPLSLSR2	570.8285	2	TNRPPLSLSR	TNRPPLSLSR	sp|Q07020|RL18_HUMAN	0.0015527950310559
Substrate_comp_Rapid_Method_Polypropylenechip_3c.mzML	GTADVTHDLQEMK3	482.23004	3	GTADVTHDLQEMK	GTADVTHDLQEMK	sp|P11166|GTR1_HUMAN	0.0015527950310559
Substrate_comp_Rapid_Method_Polypropylenechip_3c.mzML	SIISMFDR2	484.7477	2	SIISMFDR	SIISMFDR	sp|O75340|PDCD6_HUMAN	0.0015527950310559
Substrate_comp_Rapid_Method_Polypropylenechip_3c.mzML	TFDEIASGFR2	571.7768	2	TFDEIASGFR	TFDEIASGFR	sp|P11166|GTR1_HUMAN	0.0015527950310559
Substrate_comp_Rapid_Method_Polypropylenechip_3c.mzML	ALRDPALDSLAYEYER3	627.99	3	ALRDPALDSLAYEYER	ALRDPALDSLAYEYER	sp|Q15628|TRADD_HUMAN	0.0015527950310559
Substrate_comp_Rapid_Method_Polypropylenechip_3c.mzML	TNRPPLSLSR3	380.88797	3	TNRPPLSLSR	TNRPPLSLSR	sp|Q07020|RL18_HUMAN	0.0015527950310559
Substrate_comp_Rapid_Method_Polypropylenechip_3c.mzML	LFFLQVK2	447.776	2	LFFLQVK	LFFLQVK	sp|P26038|MOES_HUMAN;sp|P35241|RADI_HUMAN	0.0015527950310559
Substrate_comp_Rapid_Method_Polypropylenechip_3c.mzML	ESEAVEWQQK2	617.292	2	ESEAVEWQQK	ESEAVEWQQK	sp|P26038|MOES_HUMAN	0.0015527950310559
Substrate_comp_Rapid_Method_Polypropylenechip_3c.mzML	ATVSAPFGK2	439.24216	2	ATVSAPFGK	ATVSAPFGK	sp|Q15149|PLEC_HUMAN	0.0015527950310559
Substrate_comp_Rapid_Method_Polypropylenechip_3c.mzML	AQAEVEGLGK2	501.26608	2	AQAEVEGLGK	AQAEVEGLGK	sp|Q15149|PLEC_HUMAN	0.0015527950310559
Substrate_comp_Rapid_Method_Polypropylenechip_3c.mzML	LHVAILER2	475.7933	2	LHVAILER	LHVAILER	sp|Q15149|PLEC_HUMAN	0.0015527950310559
Substrate_comp_Rapid_Method_Polypropylenechip_3c.mzML	LTAEDLFEAR2	582.79895	2	LTAEDLFEAR	LTAEDLFEAR	sp|Q15149|PLEC_HUMAN	0.0015527950310559
Substrate_comp_Rapid_Method_Polypropylenechip_3c.mzML	GHLSGLAK2	391.73038	2	GHLSGLAK	GHLSGLAK	sp|Q15149|PLEC_HUMAN	0.0015527950310559
Substrate_comp_Rapid_Method_Polypropylenechip_3c.mzML	VSIYEAMR2	484.74786	2	VSIYEAMR	VSIYEAMR	sp|Q15149|PLEC_HUMAN	0.0015527950310559
Substrate_comp_Rapid_Method_Polypropylenechip_3c.mzML	AAVPSGASTGIYEALELR3	602.3205	3	AAVPSGASTGIYEALELR	AAVPSGASTGIYEALELR	sp|P09104|ENOG_HUMAN	0.0015527950310559
Substrate_comp_Rapid_Method_Polypropylenechip_3c.mzML	ALELDQER2	487.25238	2	ALELDQER	ALELDQER	sp|P35241|RADI_HUMAN	0.0015527950310559
Substrate_comp_Rapid_Method_Polypropylenechip_3c.mzML	AHEEQLK2	427.7225	2	AHEEQLK	AHEEQLK	sp|Q15149|PLEC_HUMAN	0.0015527950310559
Substrate_comp_Rapid_Method_Polypropylenechip_3c.mzML	HIYYITGETK2	612.8163	2	HIYYITGETK	HIYYITGETK	sp|P07900|HS90A_HUMAN	0.0015527950310559
Substrate_comp_Rapid_Method_Polypropylenechip_3c.mzML	LNFAVASR2	439.24838	2	LNFAVASR	LNFAVASR	sp|P30101|PDIA3_HUMAN	0.0015527950310559
Substrate_comp_Rapid_Method_Polypropylenechip_3c.mzML	LQAEEAER2	473.2361	2	LQAEEAER	LQAEEAER	sp|Q15149|PLEC_HUMAN	0.0015527950310559
Substrate_comp_Rapid_Method_Polypropylenechip_3c.mzML	LLEAQIATGGVIDPVHSHR3	671.7004	3	LLEAQIATGGVIDPVHSHR	LLEAQIATGGVIDPVHSHR	sp|Q15149|PLEC_HUMAN	0.0015527950310559
Substrate_comp_Rapid_Method_Polypropylenechip_3c.mzML	REELFIVSK2	560.8206	2	REELFIVSK	REELFIVSK	sp|P15121|ALDR_HUMAN	0.0015527950310559
Substrate_comp_Rapid_Method_Polypropylenechip_3c.mzML	EAHEPLAVADAK3	417.5509	3	EAHEPLAVADAK	EAHEPLAVADAK	sp|Q9Y2X3|NOP58_HUMAN	0.0015527950310559
Substrate_comp_Rapid_Method_Polypropylenechip_3c.mzML	SSIAGLLLK2	451.2896	2	SSIAGLLLK	SSIAGLLLK	sp|Q15149|PLEC_HUMAN	0.0015527950310559
Substrate_comp_Rapid_Method_Polypropylenechip_3c.mzML	IIITVVEEQEQK2	714.90234	2	IIITVVEEQEQK	IIITVVEEQEQK	sp|Q15149|PLEC_HUMAN	0.0015527950310559
Substrate_comp_Rapid_Method_Polypropylenechip_3c.mzML	GYFDEEMNR2	580.7376	2	GYFDEEMNR	GYFDEEMNR	sp|Q15149|PLEC_HUMAN	0.0015527950310559
Substrate_comp_Rapid_Method_Polypropylenechip_3c.mzML	GFSTWLK2	419.72592	2	GFSTWLK	GFSTWLK	sp|P26038|MOES_HUMAN	0.0015527950310559
Substrate_comp_Rapid_Method_Polypropylenechip_3c.mzML	ASGNYATVISHNPETK3	563.6134	3	ASGNYATVISHNPETK	ASGNYATVISHNPETK	sp|P62917|RL8_HUMAN	0.0015527950310559
Substrate_comp_Rapid_Method_Polypropylenechip_3c.mzML	QAGLSYIR2	454.25333	2	QAGLSYIR	QAGLSYIR	sp|P56381|ATP5E_HUMAN	0.0015527950310559
Substrate_comp_Rapid_Method_Polypropylenechip_3c.mzML	ALAAPAAEEK2	485.76428	2	ALAAPAAEEK	ALAAPAAEEK	sp|Q01650|LAT1_HUMAN	0.0015527950310559
Substrate_comp_Rapid_Method_Polypropylenechip_3c.mzML	EVGVYEALKDDSWLK3	584.6355	3	EVGVYEALKDDSWLK	EVGVYEALKDDSWLK	sp|P40925|MDHC_HUMAN	0.0015527950310559
Substrate_comp_Rapid_Method_Polypropylenechip_3c.mzML	AGVVGPELHEQLLSAEK3	592.9886	3	AGVVGPELHEQLLSAEK	AGVVGPELHEQLLSAEK	sp|Q15149|PLEC_HUMAN	0.0015527950310559
Substrate_comp_Rapid_Method_Polypropylenechip_3c.mzML	VDEVPDGAVKPPTNK3	522.61176	3	VDEVPDGAVKPPTNK	VDEVPDGAVKPPTNK	sp|O75475|PSIP1_HUMAN	0.0015527950310559
Substrate_comp_Rapid_Method_Polypropylenechip_3c.mzML	QLAEGTAQQR2	551.2847	2	QLAEGTAQQR	QLAEGTAQQR	sp|Q15149|PLEC_HUMAN	0.0015527950310559
Substrate_comp_Rapid_Method_Polypropylenechip_3c.mzML	AAVPSGASTGIYEALELR2	902.9765	2	AAVPSGASTGIYEALELR	AAVPSGASTGIYEALELR	sp|P09104|ENOG_HUMAN	0.0015527950310559
Substrate_comp_Rapid_Method_Polypropylenechip_3c.mzML	NISFNDK2	419.2089	2	NISFNDK	NISFNDK	sp|P26038|MOES_HUMAN;sp|P35241|RADI_HUMAN	0.0015527950310559
Substrate_comp_Rapid_Method_Polypropylenechip_3c.mzML	LHFFM[15.99]PGFAPLTSR3	546.2821	3	LHFFM[15.99]PGFAPLTSR	LHFFMPGFAPLTSR	sp|P68371|TBB4B_HUMAN	0.0015527950310559
Substrate_comp_Rapid_Method_Polypropylenechip_3c.mzML	GYPHWPAR2	492.24615	2	GYPHWPAR	GYPHWPAR	sp|O75475|PSIP1_HUMAN	0.0015527950310559
Substrate_comp_Rapid_Method_Polypropylenechip_3c.mzML	DQVANSAFVER2	618.304	2	DQVANSAFVER	DQVANSAFVER	sp|P07900|HS90A_HUMAN	0.0015527950310559
Substrate_comp_Rapid_Method_Polypropylenechip_3c.mzML	GGAEGELQALR2	550.7882	2	GGAEGELQALR	GGAEGELQALR	sp|Q15149|PLEC_HUMAN	0.0015527950310559
Substrate_comp_Rapid_Method_Polypropylenechip_3c.mzML	SADGSAPAGEGEGVTLQR2	851.4079	2	SADGSAPAGEGEGVTLQR	SADGSAPAGEGEGVTLQR	sp|Q01650|LAT1_HUMAN	0.0015527950310559
Substrate_comp_Rapid_Method_Polypropylenechip_3c.mzML	TDTGEPMGR2	482.21313	2	TDTGEPMGR	TDTGEPMGR	sp|P07900|HS90A_HUMAN	0.0015527950310559
Substrate_comp_Rapid_Method_Polypropylenechip_3c.mzML	LIAHAGSLLNLAK3	440.93848	3	LIAHAGSLLNLAK	LIAHAGSLLNLAK	sp|Q9Y2X3|NOP58_HUMAN	0.0015527950310559
Substrate_comp_Rapid_Method_Polypropylenechip_3c.mzML	ELGVGIALR2	464.28433	2	ELGVGIALR	ELGVGIALR	sp|Q01469|FABP5_HUMAN	0.0015527950310559
Substrate_comp_Rapid_Method_Polypropylenechip_3c.mzML	TPVEVPVGGFK2	565.3165	2	TPVEVPVGGFK	TPVEVPVGGFK	sp|Q15149|PLEC_HUMAN	0.0015527950310559
Substrate_comp_Rapid_Method_Polypropylenechip_3c.mzML	ALTSELANAR2	523.2853	2	ALTSELANAR	ALTSELANAR	sp|P26038|MOES_HUMAN	0.0015527950310559
Substrate_comp_Rapid_Method_Polypropylenechip_3c.mzML	QLAAEEER2	473.23596	2	QLAAEEER	QLAAEEER	sp|Q15149|PLEC_HUMAN	0.0015527950310559
Substrate_comp_Rapid_Method_Polypropylenechip_3c.mzML	ADLINNLGTIAK2	621.85565	2	ADLINNLGTIAK	ADLINNLGTIAK	sp|P07900|HS90A_HUMAN	0.0015527950310559
Substrate_comp_Rapid_Method_Polypropylenechip_3c.mzML	TANDMIHAENMR3	468.21097	3	TANDMIHAENMR	TANDMIHAENMR	sp|P26038|MOES_HUMAN	0.0015527950310559
Substrate_comp_Rapid_Method_Polypropylenechip_3c.mzML	LLFNDVQTLK2	595.84375	2	LLFNDVQTLK	LLFNDVQTLK	sp|Q15149|PLEC_HUMAN	0.0015527950310559
Substrate_comp_Rapid_Method_Polypropylenechip_3c.mzML	FEETTADGR2	513.2307	2	FEETTADGR	FEETTADGR	sp|Q01469|FABP5_HUMAN	0.0015527950310559
Substrate_comp_Rapid_Method_Polypropylenechip_3c.mzML	DYELQLVTYK2	636.3305	2	DYELQLVTYK	DYELQLVTYK	sp|Q15149|PLEC_HUMAN	0.0015527950310559
Substrate_comp_Rapid_Method_Polypropylenechip_3c.mzML	VNYDTTESK2	528.7452	2	VNYDTTESK	VNYDTTESK	sp|P08621|RU17_HUMAN	0.0015527950310559
Substrate_comp_Rapid_Method_Polypropylenechip_3c.mzML	LDLQYAK2	425.73773	2	LDLQYAK	LDLQYAK	sp|Q15149|PLEC_HUMAN	0.0015527950310559
Substrate_comp_Rapid_Method_Polypropylenechip_3c.mzML	LLDPEDVDVPQPDEK2	854.918	2	LLDPEDVDVPQPDEK	LLDPEDVDVPQPDEK	sp|Q15149|PLEC_HUMAN	0.0015527950310559
Substrate_comp_Rapid_Method_Polypropylenechip_3c.mzML	AGLVGPEFHEK2	592.30914	2	AGLVGPEFHEK	AGLVGPEFHEK	sp|Q15149|PLEC_HUMAN	0.0015527950310559
Substrate_comp_Rapid_Method_Polypropylenechip_3c.mzML	NVEDFTGPR2	517.7496	2	NVEDFTGPR	NVEDFTGPR	sp|P61009|SPCS3_HUMAN	0.0015527950310559
Substrate_comp_Rapid_Method_Polypropylenechip_3c.mzML	LYVHEAVK2	479.77094	2	LYVHEAVK	LYVHEAVK	sp|Q15149|PLEC_HUMAN	0.0015527950310559
Substrate_comp_Rapid_Method_Polypropylenechip_3c.mzML	SVEAAAELSAK2	538.2868	2	SVEAAAELSAK	SVEAAAELSAK	sp|P20962|PTMS_HUMAN	0.0015527950310559
Substrate_comp_Rapid_Method_Polypropylenechip_3c.mzML	HFSVEGQLEFR2	674.83655	2	HFSVEGQLEFR	HFSVEGQLEFR	sp|P07900|HS90A_HUMAN	0.0015527950310559
Substrate_comp_Rapid_Method_Polypropylenechip_3c.mzML	VVIVDPETGK2	528.7998	2	VVIVDPETGK	VVIVDPETGK	sp|Q15149|PLEC_HUMAN	0.0015527950310559
Substrate_comp_Rapid_Method_Polypropylenechip_3c.mzML	ISQLEM[15.99]AR2	482.25	2	ISQLEM[15.99]AR	ISQLEMAR	sp|P26038|MOES_HUMAN	0.0015527950310559
Substrate_comp_Rapid_Method_Polypropylenechip_3c.mzML	QQGLASYDYVR2	650.3207	2	QQGLASYDYVR	QQGLASYDYVR	sp|Q15149|PLEC_HUMAN	0.0015527950310559
Substrate_comp_Rapid_Method_Polypropylenechip_3c.mzML	LISLFQAMK2	525.80475	2	LISLFQAMK	LISLFQAMK	sp|Q15149|PLEC_HUMAN	0.0015527950310559
Substrate_comp_Rapid_Method_Polypropylenechip_3c.mzML	EAQAVPATLPELEATK2	834.4469	2	EAQAVPATLPELEATK	EAQAVPATLPELEATK	sp|Q15149|PLEC_HUMAN	0.0015527950310559
Substrate_comp_Rapid_Method_Polypropylenechip_3c.mzML	AMLENEK2	417.7054	2	AMLENEK	AMLENEK	sp|P26038|MOES_HUMAN	0.0015527950310559
Substrate_comp_Rapid_Method_Polypropylenechip_3c.mzML	VTGTLETK2	424.7398	2	VTGTLETK	VTGTLETK	sp|P45880|VDAC2_HUMAN	0.0015527950310559
Substrate_comp_Rapid_Method_Polypropylenechip_3c.mzML	SLSAIYLEK2	512.2897	2	SLSAIYLEK	SLSAIYLEK	sp|Q15149|PLEC_HUMAN	0.0015527950310559
Substrate_comp_Rapid_Method_Polypropylenechip_3c.mzML	SNAEDTLR2	453.22012	2	SNAEDTLR	SNAEDTLR	sp|Q15149|PLEC_HUMAN	0.0015527950310559
Substrate_comp_Rapid_Method_Polypropylenechip_3c.mzML	LAVNMVPFPR2	572.32135	2	LAVNMVPFPR	LAVNMVPFPR	sp|P68371|TBB4B_HUMAN	0.0015527950310559
Substrate_comp_Rapid_Method_Polypropylenechip_3c.mzML	RLAPEYEAAATR3	449.90482	3	RLAPEYEAAATR	RLAPEYEAAATR	sp|P30101|PDIA3_HUMAN	0.0015527950310559
Substrate_comp_Rapid_Method_Polypropylenechip_3c.mzML	GFGFGLVK2	412.7371	2	GFGFGLVK	GFGFGLVK	sp|P45880|VDAC2_HUMAN	0.0015527950310559
Substrate_comp_Rapid_Method_Polypropylenechip_3c.mzML	SELELTLGK2	495.2782	2	SELELTLGK	SELELTLGK	sp|Q15149|PLEC_HUMAN	0.0015527950310559
Substrate_comp_Rapid_Method_Polypropylenechip_3c.mzML	APGTPHSHTKPYVR4	387.7073	4	APGTPHSHTKPYVR	APGTPHSHTKPYVR	sp|Q07020|RL18_HUMAN	0.0015527950310559
Substrate_comp_Rapid_Method_Polypropylenechip_3c.mzML	FEETTADGRK3	385.18765	3	FEETTADGRK	FEETTADGRK	sp|Q01469|FABP5_HUMAN	0.0015527950310559
Substrate_comp_Rapid_Method_Polypropylenechip_3c.mzML	LTFDTTFSPNTGK2	714.85394	2	LTFDTTFSPNTGK	LTFDTTFSPNTGK	sp|P45880|VDAC2_HUMAN	0.0015527950310559
Substrate_comp_Rapid_Method_Polypropylenechip_3c.mzML	TELATQEK2	460.23938	2	TELATQEK	TELATQEK	sp|Q15149|PLEC_HUMAN	0.0015527950310559
Substrate_comp_Rapid_Method_Polypropylenechip_3c.mzML	LGVTANDVK2	458.7592	2	LGVTANDVK	LGVTANDVK	sp|P40925|MDHC_HUMAN	0.0015527950310559
Substrate_comp_Rapid_Method_Polypropylenechip_3c.mzML	AAEEEDEADPK2	602.2543	2	AAEEEDEADPK	AAEEEDEADPK	sp|P20962|PTMS_HUMAN	0.0015527950310559
Substrate_comp_Rapid_Method_Polypropylenechip_3c.mzML	LLDAQLATGGIVDPR2	769.9308	2	LLDAQLATGGIVDPR	LLDAQLATGGIVDPR	sp|Q15149|PLEC_HUMAN	0.0015527950310559
Substrate_comp_Rapid_Method_Polypropylenechip_3c.mzML	TVENVTVFGTASASK2	755.8908	2	TVENVTVFGTASASK	TVENVTVFGTASASK	sp|Q99536|VAT1_HUMAN	0.0015527950310559
Substrate_comp_Rapid_Method_Polypropylenechip_3c.mzML	YESLTDPSK2	520.2513	2	YESLTDPSK	YESLTDPSK	sp|P07900|HS90A_HUMAN	0.0015527950310559
Substrate_comp_Rapid_Method_Polypropylenechip_3c.mzML	MQAVQEATR2	517.258	2	MQAVQEATR	MQAVQEATR	sp|Q15149|PLEC_HUMAN	0.0015527950310559
Substrate_comp_Rapid_Method_Polypropylenechip_3c.mzML	TNSTFNQVVLK2	625.8408	2	TNSTFNQVVLK	TNSTFNQVVLK	sp|Q07020|RL18_HUMAN	0.0015527950310559
Substrate_comp_Rapid_Method_Polypropylenechip_3c.mzML	LLEAQIATGGVIDPVHSHR4	504.02682	4	LLEAQIATGGVIDPVHSHR	LLEAQIATGGVIDPVHSHR	sp|Q15149|PLEC_HUMAN	0.0015527950310559
Substrate_comp_Rapid_Method_Polypropylenechip_3c.mzML	LRAETEQGEQQR3	482.24164	3	LRAETEQGEQQR	LRAETEQGEQQR	sp|Q15149|PLEC_HUMAN	0.0015527950310559
Substrate_comp_Rapid_Method_Polypropylenechip_3c.mzML	SM[15.99]VEEGTGLR2	547.761	2	SM[15.99]VEEGTGLR	SMVEEGTGLR	sp|Q15149|PLEC_HUMAN	0.0015527950310559
Substrate_comp_Rapid_Method_Polypropylenechip_3c.mzML	TAVVVGTITDDVR2	673.369	2	TAVVVGTITDDVR	TAVVVGTITDDVR	sp|Q07020|RL18_HUMAN	0.0015527950310559
Substrate_comp_Rapid_Method_Polypropylenechip_3c.mzML	FVIKPIDK2	480.29996	2	FVIKPIDK	FVIKPIDK	sp|P26038|MOES_HUMAN;sp|P35241|RADI_HUMAN	0.0015527950310559
Substrate_comp_Rapid_Method_Polypropylenechip_3c.mzML	IREEYPDR2	539.26996	2	IREEYPDR	IREEYPDR	sp|P68371|TBB4B_HUMAN	0.0015527950310559
Substrate_comp_Rapid_Method_Polypropylenechip_3c.mzML	KGNYAER2	419.21387	2	KGNYAER	KGNYAER	sp|Q9BTM1|H2AJ_HUMAN	0.0015527950310559
Substrate_comp_Rapid_Method_Polypropylenechip_3c.mzML	VTAQDVR2	394.716	2	VTAQDVR	VTAQDVR	sp|P26038|MOES_HUMAN	0.0015527950310559
Substrate_comp_Rapid_Method_Polypropylenechip_3c.mzML	SQVMDEATALQLR2	731.371	2	SQVMDEATALQLR	SQVMDEATALQLR	sp|Q15149|PLEC_HUMAN	0.0015527950310559
Substrate_comp_Rapid_Method_Polypropylenechip_3c.mzML	TADGIVSHLKK3	390.22763	3	TADGIVSHLKK	TADGIVSHLKK	sp|P30101|PDIA3_HUMAN	0.0015527950310559
Substrate_comp_Rapid_Method_Polypropylenechip_3c.mzML	LGFHLPLEVAYQR3	514.9536	3	LGFHLPLEVAYQR	LGFHLPLEVAYQR	sp|Q15149|PLEC_HUMAN	0.0015527950310559
Substrate_comp_Rapid_Method_Polypropylenechip_3c.mzML	SRGFAFVYFER2	689.8495	2	SRGFAFVYFER	SRGFAFVYFER	sp|Q13595|TRA2A_HUMAN	0.0015527950310559
Substrate_comp_Rapid_Method_Polypropylenechip_3c.mzML	SSSVGSSSSYPISPAVSR2	877.93097	2	SSSVGSSSSYPISPAVSR	SSSVGSSSSYPISPAVSR	sp|Q15149|PLEC_HUMAN	0.0015527950310559
Substrate_comp_Rapid_Method_Polypropylenechip_3c.mzML	QVQVALETAQR2	621.8429	2	QVQVALETAQR	QVQVALETAQR	sp|Q15149|PLEC_HUMAN	0.0015527950310559
Substrate_comp_Rapid_Method_Polypropylenechip_3c.mzML	QSSEAEIQAK2	545.77295	2	QSSEAEIQAK	QSSEAEIQAK	sp|Q15149|PLEC_HUMAN	0.0015527950310559
Substrate_comp_Rapid_Method_Polypropylenechip_3c.mzML	ESPLLFK2	417.24127	2	ESPLLFK	ESPLLFK	sp|P26038|MOES_HUMAN	0.0015527950310559
Substrate_comp_Rapid_Method_Polypropylenechip_3c.mzML	LREQLQLLEEQHR3	564.6437	3	LREQLQLLEEQHR	LREQLQLLEEQHR	sp|Q15149|PLEC_HUMAN	0.0015527950310559
Substrate_comp_Rapid_Method_Polypropylenechip_3c.mzML	AEVVETTQVYTEEETR2	942.4481	2	AEVVETTQVYTEEETR	AEVVETTQVYTEEETR	sp|Q15149|PLEC_HUMAN	0.0015527950310559
Substrate_comp_Rapid_Method_Polypropylenechip_3c.mzML	TQEQLALEMAELTAR3	568.6263	3	TQEQLALEMAELTAR	TQEQLALEMAELTAR	sp|P26038|MOES_HUMAN	0.0015527950310559
Substrate_comp_Rapid_Method_Polypropylenechip_3c.mzML	LHFFMPGFAPLTSR3	540.95044	3	LHFFMPGFAPLTSR	LHFFMPGFAPLTSR	sp|P68371|TBB4B_HUMAN	0.0015527950310559
Substrate_comp_Rapid_Method_Polypropylenechip_3c.mzML	GEFVTTVQQR2	582.8033	2	GEFVTTVQQR	GEFVTTVQQR	sp|P40925|MDHC_HUMAN	0.0015527950310559
Substrate_comp_Rapid_Method_Polypropylenechip_3c.mzML	KVISSANR2	437.75885	2	KVISSANR	KVISSANR	sp|P62917|RL8_HUMAN	0.0015527950310559
Substrate_comp_Rapid_Method_Polypropylenechip_3c.mzML	ELHINLIPNK3	397.56824	3	ELHINLIPNK	ELHINLIPNK	sp|P07900|HS90A_HUMAN	0.0015527950310559
Substrate_comp_Rapid_Method_Polypropylenechip_3c.mzML	FISETLR2	433.24213	2	FISETLR	FISETLR	sp|Q15149|PLEC_HUMAN	0.0015527950310559
Substrate_comp_Rapid_Method_Polypropylenechip_3c.mzML	SPPGQVTEAVK2	556.8018	2	SPPGQVTEAVK	SPPGQVTEAVK	sp|P15121|ALDR_HUMAN	0.0015527950310559
Substrate_comp_Rapid_Method_Polypropylenechip_3c.mzML	TLTIVDTGIGM[15.99]TK2	683.3675	2	TLTIVDTGIGM[15.99]TK	TLTIVDTGIGMTK	sp|P07900|HS90A_HUMAN	0.0015527950310559
Substrate_comp_Rapid_Method_Polypropylenechip_3c.mzML	VAIDVGYR2	446.74948	2	VAIDVGYR	VAIDVGYR	sp|P15121|ALDR_HUMAN	0.0015527950310559
Substrate_comp_Rapid_Method_Polypropylenechip_3c.mzML	DNSTM[15.99]GYM[15.99]AAK2	610.7506	2	DNSTM[15.99]GYM[15.99]AAK	DNSTMGYMAAK	sp|P07900|HS90A_HUMAN	0.0015527950310559
Substrate_comp_Rapid_Method_Polypropylenechip_3c.mzML	ELYQQLQR2	539.28723	2	ELYQQLQR	ELYQQLQR	sp|Q15149|PLEC_HUMAN	0.0015527950310559
Substrate_comp_Rapid_Method_Polypropylenechip_3c.mzML	QVQDESQR2	495.23654	2	QVQDESQR	QVQDESQR	sp|Q15149|PLEC_HUMAN	0.0015527950310559
Substrate_comp_Rapid_Method_Polypropylenechip_3c.mzML	SAEAELQSK2	482.2407	2	SAEAELQSK	SAEAELQSK	sp|Q15149|PLEC_HUMAN	0.0015527950310559
Substrate_comp_Rapid_Method_Polypropylenechip_3c.mzML	QVEEEILALK2	586.3314	2	QVEEEILALK	QVEEEILALK	sp|Q15149|PLEC_HUMAN	0.0015527950310559
Substrate_comp_Rapid_Method_Polypropylenechip_3c.mzML	QRIDEFESM2	577.7616	2	QRIDEFESM	QRIDEFESM	sp|P26038|MOES_HUMAN	0.0015527950310559
Substrate_comp_Rapid_Method_Polypropylenechip_3c.mzML	YGVSGYPTLK2	542.787	2	YGVSGYPTLK	YGVSGYPTLK	sp|P30101|PDIA3_HUMAN	0.0015527950310559
Substrate_comp_Rapid_Method_Polypropylenechip_3c.mzML	NLVDNITGQR2	565.30096	2	NLVDNITGQR	NLVDNITGQR	sp|Q15149|PLEC_HUMAN	0.0015527950310559
Substrate_comp_Rapid_Method_Polypropylenechip_3c.mzML	GFDEYM[15.99]K2	453.18817	2	GFDEYM[15.99]K	GFDEYMK	sp|Q01469|FABP5_HUMAN	0.0015527950310559
Substrate_comp_Rapid_Method_Polypropylenechip_3c.mzML	SQVEEELFSVR2	661.83435	2	SQVEEELFSVR	SQVEEELFSVR	sp|Q15149|PLEC_HUMAN	0.0015527950310559
Substrate_comp_Rapid_Method_Polypropylenechip_3c.mzML	ELISNSSDALDK2	646.32086	2	ELISNSSDALDK	ELISNSSDALDK	sp|P07900|HS90A_HUMAN	0.0015527950310559
Substrate_comp_Rapid_Method_Polypropylenechip_3c.mzML	QLAEEDLAQQR2	650.8286	2	QLAEEDLAQQR	QLAEEDLAQQR	sp|Q15149|PLEC_HUMAN	0.0015527950310559
Substrate_comp_Rapid_Method_Polypropylenechip_3c.mzML	ALQALEELR2	521.7975	2	ALQALEELR	ALQALEELR	sp|Q15149|PLEC_HUMAN	0.0015527950310559
Substrate_comp_Rapid_Method_Polypropylenechip_3c.mzML	GTQGAEEVLR2	530.2751	2	GTQGAEEVLR	GTQGAEEVLR	sp|Q15149|PLEC_HUMAN	0.0015527950310559
Substrate_comp_Rapid_Method_Polypropylenechip_3c.mzML	ILTFDQLALDSPK2	730.9041	2	ILTFDQLALDSPK	ILTFDQLALDSPK	sp|Q07020|RL18_HUMAN	0.0015527950310559
Substrate_comp_Rapid_Method_Polypropylenechip_3c.mzML	AAVDGLSK2	380.71353	2	AAVDGLSK	AAVDGLSK	sp|Q13155|AIMP2_HUMAN	0.0015527950310559
Substrate_comp_Rapid_Method_Polypropylenechip_3c.mzML	APDFVFYAPR2	591.8022	2	APDFVFYAPR	APDFVFYAPR	sp|P26038|MOES_HUMAN;sp|P35241|RADI_HUMAN	0.0015527950310559
Substrate_comp_Rapid_Method_Polypropylenechip_3c.mzML	APVPASELLASGVLSR3	522.9667	3	APVPASELLASGVLSR	APVPASELLASGVLSR	sp|Q15149|PLEC_HUMAN	0.0015527950310559
Substrate_comp_Rapid_Method_Polypropylenechip_3c.mzML	APVPASELLASGVLSR2	783.94824	2	APVPASELLASGVLSR	APVPASELLASGVLSR	sp|Q15149|PLEC_HUMAN	0.0015527950310559
Substrate_comp_Rapid_Method_Polypropylenechip_3c.mzML	ANGMELDGR2	481.72177	2	ANGMELDGR	ANGMELDGR	sp|Q13595|TRA2A_HUMAN	0.0015527950310559
Substrate_comp_Rapid_Method_Polypropylenechip_3c.mzML	TEAEIALK2	437.74774	2	TEAEIALK	TEAEIALK	sp|Q15149|PLEC_HUMAN	0.0015527950310559
Substrate_comp_Rapid_Method_Polypropylenechip_3c.mzML	EGLELPEDEEEK2	708.82263	2	EGLELPEDEEEK	EGLELPEDEEEK	sp|P07900|HS90A_HUMAN	0.0015527950310559
Substrate_comp_Rapid_Method_Polypropylenechip_3c.mzML	VVEGSFVYK2	514.27704	2	VVEGSFVYK	VVEGSFVYK	sp|P31150|GDIA_HUMAN	0.0015527950310559
Substrate_comp_Rapid_Method_Polypropylenechip_3c.mzML	AEVVETTQVYTEEETRR3	680.6665	3	AEVVETTQVYTEEETRR	AEVVETTQVYTEEETRR	sp|Q15149|PLEC_HUMAN	0.0015527950310559
Substrate_comp_Rapid_Method_Polypropylenechip_3c.mzML	VPDVQDGVR2	492.7595	2	VPDVQDGVR	VPDVQDGVR	sp|Q15149|PLEC_HUMAN	0.0015527950310559
Substrate_comp_Rapid_Method_Polypropylenechip_3c.mzML	YGLIYHASLVGQTSPK3	578.64636	3	YGLIYHASLVGQTSPK	YGLIYHASLVGQTSPK	sp|Q9Y2X3|NOP58_HUMAN	0.0015527950310559
Substrate_comp_Rapid_Method_Polypropylenechip_3c.mzML	QLAEEDAAR2	501.7472	2	QLAEEDAAR	QLAEEDAAR	sp|Q15149|PLEC_HUMAN	0.0015527950310559
Substrate_comp_Rapid_Method_Polypropylenechip_3c.mzML	GFPTIYFSPANK2	671.34595	2	GFPTIYFSPANK	GFPTIYFSPANK	sp|P30101|PDIA3_HUMAN	0.0015527950310559
Substrate_comp_Rapid_Method_Polypropylenechip_3c.mzML	RQELEAELAK2	593.8261	2	RQELEAELAK	RQELEAELAK	sp|Q15149|PLEC_HUMAN	0.0015527950310559
Substrate_comp_Rapid_Method_Polypropylenechip_3c.mzML	NDDIADGNPK2	529.74084	2	NDDIADGNPK	NDDIADGNPK	sp|Q15149|PLEC_HUMAN	0.0015527950310559
Substrate_comp_Rapid_Method_Polypropylenechip_3c.mzML	AEAELLQQQK2	579.31226	2	AEAELLQQQK	AEAELLQQQK	sp|Q15149|PLEC_HUMAN	0.0015527950310559
Substrate_comp_Rapid_Method_Polypropylenechip_3c.mzML	AQMVQEDLEK2	595.7905	2	AQMVQEDLEK	AQMVQEDLEK	sp|P26038|MOES_HUMAN	0.0015527950310559
Substrate_comp_Rapid_Method_Polypropylenechip_3c.mzML	QLQLAQEAAQK2	614.3384	2	QLQLAQEAAQK	QLQLAQEAAQK	sp|Q15149|PLEC_HUMAN	0.0015527950310559
Substrate_comp_Rapid_Method_Polypropylenechip_3c.mzML	RKPDTIEVQQMK3	491.60114	3	RKPDTIEVQQMK	RKPDTIEVQQMK	sp|P26038|MOES_HUMAN;sp|P35241|RADI_HUMAN	0.0015527950310559
Substrate_comp_Rapid_Method_Polypropylenechip_3c.mzML	VNNSSLIGVGYTQTLRPGVK3	701.72516	3	VNNSSLIGVGYTQTLRPGVK	VNNSSLIGVGYTQTLRPGVK	sp|P45880|VDAC2_HUMAN	0.0015527950310559
Substrate_comp_Rapid_Method_Polypropylenechip_3c.mzML	RKPDTIEVQQM[15.99]K3	496.9324	3	RKPDTIEVQQM[15.99]K	RKPDTIEVQQMK	sp|P26038|MOES_HUMAN;sp|P35241|RADI_HUMAN	0.0015527950310559
Substrate_comp_Rapid_Method_Polypropylenechip_3c.mzML	QEEAEYVR2	512.24097	2	QEEAEYVR	QEEAEYVR	sp|P46108|CRK_HUMAN	0.0015527950310559
Substrate_comp_Rapid_Method_Polypropylenechip_3c.mzML	LQEAGILSAEELQR2	778.91785	2	LQEAGILSAEELQR	LQEAGILSAEELQR	sp|Q15149|PLEC_HUMAN	0.0015527950310559
Substrate_comp_Rapid_Method_Polypropylenechip_3c.mzML	IM[15.99]NTFSVVPSPK2	668.35236	2	IM[15.99]NTFSVVPSPK	IMNTFSVVPSPK	sp|P68371|TBB4B_HUMAN	0.0015527950310559
Substrate_comp_Rapid_Method_Polypropylenechip_3c.mzML	QQQQMEQER2	602.7715	2	QQQQMEQER	QQQQMEQER	sp|Q15149|PLEC_HUMAN	0.0015527950310559
Substrate_comp_Rapid_Method_Polypropylenechip_3c.mzML	YSHLQPGDHLTDITLK4	460.24097	4	YSHLQPGDHLTDITLK	YSHLQPGDHLTDITLK	sp|Q15046|SYK_HUMAN	0.0015527950310559
Substrate_comp_Rapid_Method_Polypropylenechip_3c.mzML	EGLELPEDEEEKK3	515.5807	3	EGLELPEDEEEKK	EGLELPEDEEEKK	sp|P07900|HS90A_HUMAN	0.0015527950310559
Substrate_comp_Rapid_Method_Polypropylenechip_3c.mzML	RPELEDSTLR2	608.3185	2	RPELEDSTLR	RPELEDSTLR	sp|Q15149|PLEC_HUMAN	0.0015527950310559
Substrate_comp_Rapid_Method_Polypropylenechip_3c.mzML	AQAQAAAEK2	444.23245	2	AQAQAAAEK	AQAQAAAEK	sp|Q15149|PLEC_HUMAN	0.0015527950310559
Substrate_comp_Rapid_Method_Polypropylenechip_3c.mzML	VTIAQGGVLPNIQAVLLPK3	644.3946	3	VTIAQGGVLPNIQAVLLPK	VTIAQGGVLPNIQAVLLPK	sp|Q9BTM1|H2AJ_HUMAN	0.0015527950310559
Substrate_comp_Rapid_Method_Polypropylenechip_3c.mzML	YIDQEELNK2	576.2837	2	YIDQEELNK	YIDQEELNK	sp|P07900|HS90A_HUMAN	0.0015527950310559
Substrate_comp_Rapid_Method_Polypropylenechip_3c.mzML	VKLPSGSK2	408.25296	2	VKLPSGSK	VKLPSGSK	sp|P62917|RL8_HUMAN	0.0015527950310559
Substrate_comp_Rapid_Method_Polypropylenechip_3c.mzML	DSQDAGGFGPEDR2	675.78394	2	DSQDAGGFGPEDR	DSQDAGGFGPEDR	sp|Q15149|PLEC_HUMAN	0.0015527950310559
Substrate_comp_Rapid_Method_Polypropylenechip_3c.mzML	DTHDQLSEPSEVR3	504.9019	3	DTHDQLSEPSEVR	DTHDQLSEPSEVR	sp|Q15149|PLEC_HUMAN	0.0015527950310559
Substrate_comp_Rapid_Method_Polypropylenechip_3c.mzML	FPGQLNADLR2	565.80225	2	FPGQLNADLR	FPGQLNADLR	sp|P68371|TBB4B_HUMAN	0.0015527950310559
Substrate_comp_Rapid_Method_Polypropylenechip_3c.mzML	INVYYNEATGGK2	664.8284	2	INVYYNEATGGK	INVYYNEATGGK	sp|P68371|TBB4B_HUMAN	0.0015527950310559
Substrate_comp_Rapid_Method_Polypropylenechip_3c.mzML	SLQEEHVAVAQLR3	493.935	3	SLQEEHVAVAQLR	SLQEEHVAVAQLR	sp|Q15149|PLEC_HUMAN	0.0015527950310559
Substrate_comp_Rapid_Method_Polypropylenechip_3c.mzML	QAGPASVPLR2	498.28613	2	QAGPASVPLR	QAGPASVPLR	sp|P30101|PDIA3_HUMAN	0.0015527950310559
Substrate_comp_Rapid_Method_Polypropylenechip_3c.mzML	LAQGHTTVDELAR2	705.8733	2	LAQGHTTVDELAR	LAQGHTTVDELAR	sp|Q15149|PLEC_HUMAN	0.0015527950310559
Substrate_comp_Rapid_Method_Polypropylenechip_3c.mzML	TDTGEPM[15.99]GR2	490.21115	2	TDTGEPM[15.99]GR	TDTGEPMGR	sp|P07900|HS90A_HUMAN	0.0015527950310559
Substrate_comp_Rapid_Method_Polypropylenechip_3c.mzML	QVEVTVHK2	470.2665	2	QVEVTVHK	QVEVTVHK	sp|Q15149|PLEC_HUMAN	0.0015527950310559
Substrate_comp_Rapid_Method_Polypropylenechip_3c.mzML	LGIHEDSQNR3	390.19464	3	LGIHEDSQNR	LGIHEDSQNR	sp|P07900|HS90A_HUMAN	0.0015527950310559
Substrate_comp_Rapid_Method_Polypropylenechip_3c.mzML	FLMANGQLVK2	560.8128	2	FLMANGQLVK	FLMANGQLVK	sp|P31150|GDIA_HUMAN	0.0015527950310559
Substrate_comp_Rapid_Method_Polypropylenechip_3c.mzML	DIFPYSENK2	556.7674	2	DIFPYSENK	DIFPYSENK	sp|O75475|PSIP1_HUMAN	0.0015527950310559
Substrate_comp_Rapid_Method_Polypropylenechip_3c.mzML	VTLVQTLEIQR2	650.38605	2	VTLVQTLEIQR	VTLVQTLEIQR	sp|Q15149|PLEC_HUMAN	0.0015527950310559
Substrate_comp_Rapid_Method_Polypropylenechip_3c.mzML	AGLVGPEFHEK3	395.2084	3	AGLVGPEFHEK	AGLVGPEFHEK	sp|Q15149|PLEC_HUMAN	0.0015527950310559
Substrate_comp_Rapid_Method_Polypropylenechip_3c.mzML	ELQNAGDR2	451.7192	2	ELQNAGDR	ELQNAGDR	sp|Q15149|PLEC_HUMAN	0.0015527950310559
Substrate_comp_Rapid_Method_Polypropylenechip_3c.mzML	SEHPGLSIGDTAK2	656.33154	2	SEHPGLSIGDTAK	SEHPGLSIGDTAK	sp|P26583|HMGB2_HUMAN	0.0015527950310559
Substrate_comp_Rapid_Method_Polypropylenechip_3c.mzML	AVDFAER2	404.20355	2	AVDFAER	AVDFAER	sp|P62917|RL8_HUMAN	0.0015527950310559
Substrate_comp_Rapid_Method_Polypropylenechip_3c.mzML	AM[15.99]LENEK2	425.70172	2	AM[15.99]LENEK	AMLENEK	sp|P26038|MOES_HUMAN	0.0015527950310559
Substrate_comp_Rapid_Method_Polypropylenechip_3c.mzML	YQLDPTASISAK2	647.3389	2	YQLDPTASISAK	YQLDPTASISAK	sp|P45880|VDAC2_HUMAN	0.0015527950310559
Substrate_comp_Rapid_Method_Polypropylenechip_3c.mzML	AALAHSEEVTASQVAATK3	595.3117	3	AALAHSEEVTASQVAATK	AALAHSEEVTASQVAATK	sp|Q15149|PLEC_HUMAN	0.0015527950310559
Substrate_comp_Rapid_Method_Polypropylenechip_3c.mzML	MLLYTEVTR2	563.3017	2	MLLYTEVTR	MLLYTEVTR	sp|P31150|GDIA_HUMAN	0.0015527950310559
Substrate_comp_Rapid_Method_Polypropylenechip_3c.mzML	GWEEGVAQMSVGQR2	767.3589	2	GWEEGVAQMSVGQR	GWEEGVAQMSVGQR	sp|P62942|FKB1A_HUMAN	0.0015527950310559
Substrate_comp_Rapid_Method_Polypropylenechip_3c.mzML	AQAEQAALR2	479.25964	2	AQAEQAALR	AQAEQAALR	sp|Q15149|PLEC_HUMAN	0.0015527950310559
Substrate_comp_Rapid_Method_Polypropylenechip_3c.mzML	TISLVIR2	401.26263	2	TISLVIR	TISLVIR	sp|Q15149|PLEC_HUMAN	0.0015527950310559
Substrate_comp_Rapid_Method_Polypropylenechip_3c.mzML	QLEM[15.99]SAEAER2	590.26984	2	QLEM[15.99]SAEAER	QLEMSAEAER	sp|Q15149|PLEC_HUMAN	0.0015527950310559
Substrate_comp_Rapid_Method_Polypropylenechip_3c.mzML	AYSDPSTGEPATYGELQQR2	1035.4764	2	AYSDPSTGEPATYGELQQR	AYSDPSTGEPATYGELQQR	sp|Q15149|PLEC_HUMAN	0.0015527950310559
Substrate_comp_Rapid_Method_Polypropylenechip_3c.mzML	LLDAQLSTGGIVDPSK2	807.4414	2	LLDAQLSTGGIVDPSK	LLDAQLSTGGIVDPSK	sp|Q15149|PLEC_HUMAN	0.0015527950310559
Substrate_comp_Rapid_Method_Polypropylenechip_3c.mzML	TAMSTPHVAEPAENEQDEQDENGAEASADLR3	1105.477	3	TAMSTPHVAEPAENEQDEQDENGAEASADLR	TAMSTPHVAEPAENEQDEQDENGAEASADLR	sp|P26038|MOES_HUMAN	0.0015527950310559
Substrate_comp_Rapid_Method_Polypropylenechip_3c.mzML	SGPFGQIFRPDNFVFGQSGAGNNWAK3	933.45233	3	SGPFGQIFRPDNFVFGQSGAGNNWAK	SGPFGQIFRPDNFVFGQSGAGNNWAK	sp|P68371|TBB4B_HUMAN	0.0015527950310559
Substrate_comp_Rapid_Method_Polypropylenechip_3c.mzML	KAQQELEEQTR2	680.34625	2	KAQQELEEQTR	KAQQELEEQTR	sp|P26038|MOES_HUMAN	0.0015527950310559
Substrate_comp_Rapid_Method_Polypropylenechip_3c.mzML	LSSAMSAAK2	433.22583	2	LSSAMSAAK	LSSAMSAAK	sp|P40925|MDHC_HUMAN	0.0015527950310559
Substrate_comp_Rapid_Method_Polypropylenechip_3c.mzML	LQAEEVAQQK2	572.3038	2	LQAEEVAQQK	LQAEEVAQQK	sp|Q15149|PLEC_HUMAN	0.0015527950310559
Substrate_comp_Rapid_Method_Polypropylenechip_3c.mzML	LTVDEAVR2	451.75098	2	LTVDEAVR	LTVDEAVR	sp|Q15149|PLEC_HUMAN	0.0015527950310559
Substrate_comp_Rapid_Method_Polypropylenechip_3c.mzML	FPVTDAVNK2	495.76584	2	FPVTDAVNK	FPVTDAVNK	sp|Q15149|PLEC_HUMAN	0.0015527950310559
Substrate_comp_Rapid_Method_Polypropylenechip_3c.mzML	TKPIWTR2	451.2675	2	TKPIWTR	TKPIWTR	sp|P07900|HS90A_HUMAN	0.0015527950310559
Substrate_comp_Rapid_Method_Polypropylenechip_3c.mzML	RLEEQAAQHK3	403.88242	3	RLEEQAAQHK	RLEEQAAQHK	sp|Q15149|PLEC_HUMAN	0.0015527950310559
Substrate_comp_Rapid_Method_Polypropylenechip_3c.mzML	LLEAQIATGGIIDPVHSHR3	676.3732	3	LLEAQIATGGIIDPVHSHR	LLEAQIATGGIIDPVHSHR	sp|Q15149|PLEC_HUMAN	0.0015527950310559
Substrate_comp_Rapid_Method_Polypropylenechip_3c.mzML	LFFVGSR2	413.23447	2	LFFVGSR	LFFVGSR	sp|Q01650|LAT1_HUMAN	0.0015527950310559
Substrate_comp_Rapid_Method_Polypropylenechip_3c.mzML	LVASM[15.99]EEAR2	511.25183	2	LVASM[15.99]EEAR	LVASMEEAR	sp|Q15149|PLEC_HUMAN	0.0015527950310559
Substrate_comp_Rapid_Method_Polypropylenechip_3c.mzML	SLLAWQSLR2	537.3084	2	SLLAWQSLR	SLLAWQSLR	sp|Q15149|PLEC_HUMAN	0.0015527950310559
Substrate_comp_Rapid_Method_Polypropylenechip_3c.mzML	LSVAAQEAAR2	508.27982	2	LSVAAQEAAR	LSVAAQEAAR	sp|Q15149|PLEC_HUMAN	0.0015527950310559
Substrate_comp_Rapid_Method_Polypropylenechip_3c.mzML	DNSTM[15.99]GYMAAK2	602.7506	2	DNSTM[15.99]GYMAAK	DNSTMGYMAAK	sp|P07900|HS90A_HUMAN	0.0015527950310559
Substrate_comp_Rapid_Method_Polypropylenechip_3c.mzML	GFFDPNTHENLTYR3	570.93384	3	GFFDPNTHENLTYR	GFFDPNTHENLTYR	sp|Q15149|PLEC_HUMAN	0.0015527950310559
Substrate_comp_Rapid_Method_Polypropylenechip_3c.mzML	MDATANDVPSPYEVR2	832.883	2	MDATANDVPSPYEVR	MDATANDVPSPYEVR	sp|P30101|PDIA3_HUMAN	0.0015527950310559
Substrate_comp_Rapid_Method_Polypropylenechip_3c.mzML	ISQLEMAR2	474.25302	2	ISQLEMAR	ISQLEMAR	sp|P26038|MOES_HUMAN	0.0015527950310559
Substrate_comp_Rapid_Method_Polypropylenechip_3c.mzML	SDEGQLSPATR2	580.78125	2	SDEGQLSPATR	SDEGQLSPATR	sp|Q15149|PLEC_HUMAN	0.0015527950310559
Substrate_comp_Rapid_Method_Polypropylenechip_3c.mzML	AQM[15.99]VQEDLEK2	603.7878	2	AQM[15.99]VQEDLEK	AQMVQEDLEK	sp|P26038|MOES_HUMAN	0.0015527950310559
Substrate_comp_Rapid_Method_Polypropylenechip_3c.mzML	IGFPWSEIR2	552.79456	2	IGFPWSEIR	IGFPWSEIR	sp|P26038|MOES_HUMAN;sp|P35241|RADI_HUMAN	0.0015527950310559
Substrate_comp_Rapid_Method_Polypropylenechip_3c.mzML	GIYQSLEGAVQAGQLK2	831.44714	2	GIYQSLEGAVQAGQLK	GIYQSLEGAVQAGQLK	sp|Q15149|PLEC_HUMAN	0.0015527950310559
Substrate_comp_Rapid_Method_Polypropylenechip_3c.mzML	EEEIEAQEK2	552.7561	2	EEEIEAQEK	EEEIEAQEK	sp|O75937|DNJC8_HUMAN	0.0015527950310559
Substrate_comp_Rapid_Method_Polypropylenechip_3c.mzML	AQAEAQQPTFDALR2	773.3879	2	AQAEAQQPTFDALR	AQAEAQQPTFDALR	sp|Q15149|PLEC_HUMAN	0.0015527950310559
Substrate_comp_Rapid_Method_Polypropylenechip_3c.mzML	EVWFFGLQYQDTK2	830.9041	2	EVWFFGLQYQDTK	EVWFFGLQYQDTK	sp|P26038|MOES_HUMAN	0.0015527950310559
Substrate_comp_Rapid_Method_Polypropylenechip_3c.mzML	VPVDVAYQR2	523.7858	2	VPVDVAYQR	VPVDVAYQR	sp|Q15149|PLEC_HUMAN	0.0015527950310559
Substrate_comp_Rapid_Method_Polypropylenechip_3c.mzML	AFAAQEDLEK2	561.2773	2	AFAAQEDLEK	AFAAQEDLEK	sp|P35241|RADI_HUMAN	0.0015527950310559
Substrate_comp_Rapid_Method_Polypropylenechip_3c.mzML	LTLSALVDGK2	508.80402	2	LTLSALVDGK	LTLSALVDGK	sp|P45880|VDAC2_HUMAN	0.0015527950310559
Substrate_comp_Rapid_Method_Polypropylenechip_3c.mzML	QAADAEMEK2	496.72095	2	QAADAEMEK	QAADAEMEK	sp|Q15149|PLEC_HUMAN	0.0015527950310559
Substrate_comp_Rapid_Method_Polypropylenechip_3c.mzML	IRYESLTDPSK3	436.89795	3	IRYESLTDPSK	IRYESLTDPSK	sp|P07900|HS90A_HUMAN	0.0015527950310559
Substrate_comp_Rapid_Method_Polypropylenechip_3c.mzML	AQFEQLK2	432.23535	2	AQFEQLK	AQFEQLK	sp|Q15149|PLEC_HUMAN	0.0015527950310559
Substrate_comp_Rapid_Method_Polypropylenechip_3c.mzML	QYDIDDAIAK2	576.2832	2	QYDIDDAIAK	QYDIDDAIAK	sp|Q15149|PLEC_HUMAN	0.0015527950310559
Substrate_comp_Rapid_Method_Polypropylenechip_3c.mzML	KHPDSSVNFAEFSK3	531.5938	3	KHPDSSVNFAEFSK	KHPDSSVNFAEFSK	sp|P26583|HMGB2_HUMAN	0.0015527950310559
Substrate_comp_Rapid_Method_Polypropylenechip_3c.mzML	KGAGSVFR2	411.2354	2	KGAGSVFR	KGAGSVFR	sp|P62917|RL8_HUMAN	0.0015527950310559
Substrate_comp_Rapid_Method_Polypropylenechip_3c.mzML	LPETNLFETEETRK3	569.62555	3	LPETNLFETEETRK	LPETNLFETEETRK	sp|Q15046|SYK_HUMAN	0.0015527950310559
Substrate_comp_Rapid_Method_Polypropylenechip_3c.mzML	VTIAQGGVLPNIQAVLLPK2	966.08887	2	VTIAQGGVLPNIQAVLLPK	VTIAQGGVLPNIQAVLLPK	sp|Q9BTM1|H2AJ_HUMAN	0.0015527950310559
Substrate_comp_Rapid_Method_Polypropylenechip_3c.mzML	VLADPSDDTK2	531.2679	2	VLADPSDDTK	VLADPSDDTK	sp|Q15149|PLEC_HUMAN	0.0015527950310559
Substrate_comp_Rapid_Method_Polypropylenechip_3c.mzML	KTANDMIHAENMR3	510.91058	3	KTANDMIHAENMR	KTANDMIHAENMR	sp|P26038|MOES_HUMAN	0.0015527950310559
Substrate_comp_Rapid_Method_Polypropylenechip_3c.mzML	AQLEPVASPAK2	555.8102	2	AQLEPVASPAK	AQLEPVASPAK	sp|Q15149|PLEC_HUMAN	0.0015527950310559
Substrate_comp_Rapid_Method_Polypropylenechip_3c.mzML	SPYLYPLYGLGELPQGFAR2	1071.059	2	SPYLYPLYGLGELPQGFAR	SPYLYPLYGLGELPQGFAR	sp|P31150|GDIA_HUMAN	0.0015527950310559
Substrate_comp_Rapid_Method_Polypropylenechip_3c.mzML	QLAEAHAQAK2	533.7856	2	QLAEAHAQAK	QLAEAHAQAK	sp|Q15149|PLEC_HUMAN	0.0015527950310559
Substrate_comp_Rapid_Method_Polypropylenechip_3c.mzML	KHLEINPDHSIIETLR4	479.51578	4	KHLEINPDHSIIETLR	KHLEINPDHSIIETLR	sp|P07900|HS90A_HUMAN	0.0015527950310559
Substrate_comp_Rapid_Method_Polypropylenechip_3c.mzML	VAEEEETSVK2	560.7718	2	VAEEEETSVK	VAEEEETSVK	sp|Q9Y2X3|NOP58_HUMAN	0.0015527950310559
Substrate_comp_Rapid_Method_Polypropylenechip_3c.mzML	SWSLATFR2	484.2537	2	SWSLATFR	SWSLATFR	sp|Q15149|PLEC_HUMAN	0.0015527950310559
Substrate_comp_Rapid_Method_Polypropylenechip_3c.mzML	NLLDEELQR2	565.2958	2	NLLDEELQR	NLLDEELQR	sp|Q15149|PLEC_HUMAN	0.0015527950310559
Substrate_comp_Rapid_Method_Polypropylenechip_3c.mzML	GLLSAEVAR2	458.2669	2	GLLSAEVAR	GLLSAEVAR	sp|Q15149|PLEC_HUMAN	0.0015527950310559
Substrate_comp_Rapid_Method_Polypropylenechip_3c.mzML	SIQEELQQLR2	622.33545	2	SIQEELQQLR	SIQEELQQLR	sp|Q15149|PLEC_HUMAN	0.0015527950310559
Substrate_comp_Rapid_Method_Polypropylenechip_3c.mzML	KTQEQLALEMAELTAR3	611.3264	3	KTQEQLALEMAELTAR	KTQEQLALEMAELTAR	sp|P26038|MOES_HUMAN	0.0015527950310559
Substrate_comp_Rapid_Method_Polypropylenechip_3c.mzML	HISDLYEDLR2	630.81335	2	HISDLYEDLR	HISDLYEDLR	sp|Q15149|PLEC_HUMAN	0.0015527950310559
Substrate_comp_Rapid_Method_Polypropylenechip_3c.mzML	MVEGYQGLR2	526.7623	2	MVEGYQGLR	MVEGYQGLR	sp|Q15149|PLEC_HUMAN	0.0015527950310559
Substrate_comp_Rapid_Method_Polypropylenechip_3c.mzML	KAQQELEEQTR3	453.8999	3	KAQQELEEQTR	KAQQELEEQTR	sp|P26038|MOES_HUMAN	0.0015527950310559
Substrate_comp_Rapid_Method_Polypropylenechip_3c.mzML	LAAEQELIR2	521.7984	2	LAAEQELIR	LAAEQELIR	sp|Q15149|PLEC_HUMAN	0.0015527950310559
Substrate_comp_Rapid_Method_Polypropylenechip_3c.mzML	QLFEEQAK2	496.7561	2	QLFEEQAK	QLFEEQAK	sp|Q15046|SYK_HUMAN	0.0015527950310559
Substrate_comp_Rapid_Method_Polypropylenechip_3c.mzML	EAIAELER2	465.74774	2	EAIAELER	EAIAELER	sp|Q15149|PLEC_HUMAN	0.0015527950310559
Substrate_comp_Rapid_Method_Polypropylenechip_3c.mzML	AELELELGR2	515.2818	2	AELELELGR	AELELELGR	sp|Q15149|PLEC_HUMAN	0.0015527950310559
Substrate_comp_Rapid_Method_Polypropylenechip_3c.mzML	AEMEVLLASK2	545.7949	2	AEMEVLLASK	AEMEVLLASK	sp|Q15149|PLEC_HUMAN	0.0015527950310559
Substrate_comp_Rapid_Method_Polypropylenechip_3c.mzML	QQEELLAEENQR2	743.85974	2	QQEELLAEENQR	QQEELLAEENQR	sp|Q15149|PLEC_HUMAN	0.0015527950310559
Substrate_comp_Rapid_Method_Polypropylenechip_3c.mzML	LAEVEAALEK2	536.7981	2	LAEVEAALEK	LAEVEAALEK	sp|Q15149|PLEC_HUMAN	0.0015527950310559
Substrate_comp_Rapid_Method_Polypropylenechip_3c.mzML	LAPEYEAAATR2	596.3038	2	LAPEYEAAATR	LAPEYEAAATR	sp|P30101|PDIA3_HUMAN	0.0015527950310559
Substrate_comp_Rapid_Method_Polypropylenechip_3c.mzML	AVIDLNNR2	457.75674	2	AVIDLNNR	AVIDLNNR	sp|Q01081|U2AF1_HUMAN	0.0015527950310559
Substrate_comp_Rapid_Method_Polypropylenechip_3c.mzML	DVAEVDTVR2	502.2576	2	DVAEVDTVR	DVAEVDTVR	sp|Q15149|PLEC_HUMAN	0.0015527950310559
Substrate_comp_Rapid_Method_Polypropylenechip_3c.mzML	AVVGVVAGGGR2	471.28134	2	AVVGVVAGGGR	AVVGVVAGGGR	sp|P62917|RL8_HUMAN	0.0015527950310559
Substrate_comp_Rapid_Method_Polypropylenechip_3c.mzML	SLTNDWEDHLAVK2	764.37537	2	SLTNDWEDHLAVK	SLTNDWEDHLAVK	sp|P07900|HS90A_HUMAN	0.0015527950310559
Substrate_comp_Rapid_Method_Polypropylenechip_3c.mzML	YSHLQPGDHLTDITLK3	613.319	3	YSHLQPGDHLTDITLK	YSHLQPGDHLTDITLK	sp|Q15046|SYK_HUMAN	0.0015527950310559
Substrate_comp_Rapid_Method_Polypropylenechip_3c.mzML	EGLELPEDEEEKK2	772.8683	2	EGLELPEDEEEKK	EGLELPEDEEEKK	sp|P07900|HS90A_HUMAN	0.0015527950310559
Substrate_comp_Rapid_Method_Polypropylenechip_3c.mzML	QQEVETELK2	552.2825	2	QQEVETELK	QQEVETELK	sp|P08621|RU17_HUMAN	0.0015527950310559
Substrate_comp_Rapid_Method_Polypropylenechip_3c.mzML	LFGYEPTIYYPK2	745.8833	2	LFGYEPTIYYPK	LFGYEPTIYYPK	sp|Q8NCW5|NNRE_HUMAN	0.0015527950310559
Substrate_comp_Rapid_Method_Polypropylenechip_3c.mzML	EQLQLLEEQHR3	474.9153	3	EQLQLLEEQHR	EQLQLLEEQHR	sp|Q15149|PLEC_HUMAN	0.0015527950310559
Substrate_comp_Rapid_Method_Polypropylenechip_3c.mzML	EGVVGPELHHK3	401.21582	3	EGVVGPELHHK	EGVVGPELHHK	sp|Q15149|PLEC_HUMAN	0.0015527950310559
Substrate_comp_Rapid_Method_Polypropylenechip_3c.mzML	FLQEEAEK2	497.24713	2	FLQEEAEK	FLQEEAEK	sp|Q15149|PLEC_HUMAN	0.0015527950310559
Substrate_comp_Rapid_Method_Polypropylenechip_3c.mzML	DIIHDPGR2	461.74042	2	DIIHDPGR	DIIHDPGR	sp|P62917|RL8_HUMAN	0.0015527950310559
Substrate_comp_Rapid_Method_Polypropylenechip_3c.mzML	EGLTSIEEVTK2	603.3169	2	EGLTSIEEVTK	EGLTSIEEVTK	sp|Q15149|PLEC_HUMAN	0.0015527950310559
Substrate_comp_Rapid_Method_Polypropylenechip_3c.mzML	LLPLEEHYR3	390.54898	3	LLPLEEHYR	LLPLEEHYR	sp|Q9NZN4|EHD2_HUMAN	0.0015527950310559
Substrate_comp_Rapid_Method_Polypropylenechip_3c.mzML	QALHSLELHYQAFLR4	457.24777	4	QALHSLELHYQAFLR	QALHSLELHYQAFLR	sp|Q15149|PLEC_HUMAN	0.0015527950310559
Substrate_comp_Rapid_Method_Polypropylenechip_3c.mzML	LQLEATER2	480.26263	2	LQLEATER	LQLEATER	sp|Q15149|PLEC_HUMAN	0.0015527950310559
Substrate_comp_Rapid_Method_Polypropylenechip_3c.mzML	M[15.99]VEGYQGLR2	534.7609	2	M[15.99]VEGYQGLR	MVEGYQGLR	sp|Q15149|PLEC_HUMAN	0.0015527950310559
Substrate_comp_Rapid_Method_Polypropylenechip_3c.mzML	QITM[15.99]EELVR2	567.7938	2	QITM[15.99]EELVR	QITMEELVR	sp|Q15149|PLEC_HUMAN	0.0015527950310559
Substrate_comp_Rapid_Method_Polypropylenechip_3c.mzML	DNSTMGYM[15.99]AAK2	602.7537	2	DNSTMGYM[15.99]AAK	DNSTMGYMAAK	sp|P07900|HS90A_HUMAN	0.0015527950310559
Substrate_comp_Rapid_Method_Polypropylenechip_3c.mzML	TANDM[15.99]IHAENMR3	473.54355	3	TANDM[15.99]IHAENMR	TANDMIHAENMR	sp|P26038|MOES_HUMAN	0.0015527950310559
Substrate_comp_Rapid_Method_Polypropylenechip_3c.mzML	TAVDSLVAYSVK2	626.8428	2	TAVDSLVAYSVK	TAVDSLVAYSVK	sp|Q07065|CKAP4_HUMAN	0.0015527950310559
Substrate_comp_Rapid_Method_Polypropylenechip_3c.mzML	AFEAVDK2	390.20102	2	AFEAVDK	AFEAVDK	sp|O75937|DNJC8_HUMAN	0.0015527950310559
Substrate_comp_Rapid_Method_Polypropylenechip_3c.mzML	VPPGYHPLDVEK3	450.90695	3	VPPGYHPLDVEK	VPPGYHPLDVEK	sp|Q15149|PLEC_HUMAN	0.0015527950310559
Substrate_comp_Rapid_Method_Polypropylenechip_3c.mzML	WQAVLAQTDVR2	643.8454	2	WQAVLAQTDVR	WQAVLAQTDVR	sp|Q15149|PLEC_HUMAN	0.0015527950310559
Substrate_comp_Rapid_Method_Polypropylenechip_3c.mzML	VSIYEAM[15.99]R2	492.74536	2	VSIYEAM[15.99]R	VSIYEAMR	sp|Q15149|PLEC_HUMAN	0.0015527950310559
Substrate_comp_Rapid_Method_Polypropylenechip_3c.mzML	SALDQYR2	426.7144	2	SALDQYR	SALDQYR	sp|Q15149|PLEC_HUMAN	0.0015527950310559
Substrate_comp_Rapid_Method_Polypropylenechip_3c.mzML	VTYHPDGPEGQAYDVDFTPPFRR4	666.8169	4	VTYHPDGPEGQAYDVDFTPPFRR	VTYHPDGPEGQAYDVDFTPPFRR	sp|Q15046|SYK_HUMAN	0.0015527950310559
Substrate_comp_Rapid_Method_Polypropylenechip_3c.mzML	EENIEDATEK2	589.2661	2	EENIEDATEK	EENIEDATEK	sp|P82970|HMGN5_HUMAN	0.0015527950310559
Substrate_comp_Rapid_Method_Polypropylenechip_3c.mzML	GHYTEGAELVDSVLDVVR3	653.66614	3	GHYTEGAELVDSVLDVVR	GHYTEGAELVDSVLDVVR	sp|P68371|TBB4B_HUMAN	0.0015527950310559
Substrate_comp_Rapid_Method_Polypropylenechip_3c.mzML	NSSYFVEWIPNNVK3	566.28296	3	NSSYFVEWIPNNVK	NSSYFVEWIPNNVK	sp|P68371|TBB4B_HUMAN	0.0015527950310559
Substrate_comp_Rapid_Method_Polypropylenechip_3c.mzML	ELAEEAAR2	444.72482	2	ELAEEAAR	ELAEEAAR	sp|Q15149|PLEC_HUMAN	0.0015527950310559
Substrate_comp_Rapid_Method_Polypropylenechip_3c.mzML	EM[15.99]LQQSK2	440.21555	2	EM[15.99]LQQSK	EMLQQSK	sp|P07900|HS90A_HUMAN	0.0015527950310559
Substrate_comp_Rapid_Method_Polypropylenechip_3c.mzML	ALTVPELTQQMFDAK2	846.4388	2	ALTVPELTQQMFDAK	ALTVPELTQQMFDAK	sp|P68371|TBB4B_HUMAN	0.0015527950310559
Substrate_comp_Rapid_Method_Polypropylenechip_3c.mzML	GTQGATAGASSELDASK2	775.86926	2	GTQGATAGASSELDASK	GTQGATAGASSELDASK	sp|O76094|SRP72_HUMAN	0.0015527950310559
Substrate_comp_Rapid_Method_Polypropylenechip_3c.mzML	QVETEEAGVVTTATASVNLK2	1024.0293	2	QVETEEAGVVTTATASVNLK	QVETEEAGVVTTATASVNLK	sp|O75475|PSIP1_HUMAN	0.0015527950310559
Substrate_comp_Rapid_Method_Polypropylenechip_3c.mzML	FWEVISDEHGIDPTGTYHGDSDLQLER4	779.86053	4	FWEVISDEHGIDPTGTYHGDSDLQLER	FWEVISDEHGIDPTGTYHGDSDLQLER	sp|P68371|TBB4B_HUMAN	0.0015527950310559
Substrate_comp_Rapid_Method_Polypropylenechip_3c.mzML	FPGQLNADLRK3	420.23492	3	FPGQLNADLRK	FPGQLNADLRK	sp|P68371|TBB4B_HUMAN	0.0015527950310559
Substrate_comp_Rapid_Method_Polypropylenechip_3c.mzML	LAQGHTTVDELAR3	470.91748	3	LAQGHTTVDELAR	LAQGHTTVDELAR	sp|Q15149|PLEC_HUMAN	0.0015527950310559
Substrate_comp_Rapid_Method_Polypropylenechip_3c.mzML	LAVNM[15.99]VPFPR2	580.3185	2	LAVNM[15.99]VPFPR	LAVNMVPFPR	sp|P68371|TBB4B_HUMAN	0.0015527950310559
Substrate_comp_Rapid_Method_Polypropylenechip_3c.mzML	QRIDEFESM[15.99]2	585.7574	2	QRIDEFESM[15.99]	QRIDEFESM	sp|P26038|MOES_HUMAN	0.0015527950310559
Substrate_comp_Rapid_Method_Polypropylenechip_3c.mzML	DVAEVDTVRR2	580.30804	2	DVAEVDTVRR	DVAEVDTVRR	sp|Q15149|PLEC_HUMAN	0.0015527950310559
Substrate_comp_Rapid_Method_Polypropylenechip_3c.mzML	TNSTFNQVVLKR3	469.59555	3	TNSTFNQVVLKR	TNSTFNQVVLKR	sp|Q07020|RL18_HUMAN	0.0015527950310559
Substrate_comp_Rapid_Method_Polypropylenechip_3c.mzML	NPDDITNEEYGEFYK2	917.3934	2	NPDDITNEEYGEFYK	NPDDITNEEYGEFYK	sp|P07900|HS90A_HUMAN	0.0015527950310559
Substrate_comp_Rapid_Method_Polypropylenechip_3c.mzML	TPEELFHPLGADSQV2	820.4031	2	TPEELFHPLGADSQV	TPEELFHPLGADSQV	sp|P11166|GTR1_HUMAN	0.0015527950310559
Substrate_comp_Rapid_Method_Polypropylenechip_3c.mzML	LLQTSNITK2	509.3004	2	LLQTSNITK	LLQTSNITK	sp|O75914|PAK3_HUMAN	0.0015527950310559
Substrate_comp_Rapid_Method_Polypropylenechip_3c.mzML	RGDIIGVQGNPGK3	437.5773	3	RGDIIGVQGNPGK	RGDIIGVQGNPGK	sp|Q15046|SYK_HUMAN	0.0015527950310559
Substrate_comp_Rapid_Method_Polypropylenechip_3c.mzML	LTVEEAVR2	458.75922	2	LTVEEAVR	LTVEEAVR	sp|Q15149|PLEC_HUMAN	0.0015527950310559
Substrate_comp_Rapid_Method_Polypropylenechip_3c.mzML	TAM[15.99]STPHVAEPAENEQDEQDENGAEASADLR3	1110.1438	3	TAM[15.99]STPHVAEPAENEQDEQDENGAEASADLR	TAMSTPHVAEPAENEQDEQDENGAEASADLR	sp|P26038|MOES_HUMAN	0.0015527950310559
Substrate_comp_Rapid_Method_Polypropylenechip_3c.mzML	GLHQSIEEFR3	405.8753	3	GLHQSIEEFR	GLHQSIEEFR	sp|Q15149|PLEC_HUMAN	0.0015527950310559
Substrate_comp_Rapid_Method_Polypropylenechip_3c.mzML	SEEEFIHINNK3	453.8891	3	SEEEFIHINNK	SEEEFIHINNK	sp|Q15046|SYK_HUMAN	0.0015527950310559
Substrate_comp_Rapid_Method_Polypropylenechip_3c.mzML	HKPLLIDMNK3	403.56595	3	HKPLLIDMNK	HKPLLIDMNK	sp|Q15149|PLEC_HUMAN	0.0015527950310559
Substrate_comp_Rapid_Method_Polypropylenechip_3c.mzML	QSNASSDVEVEEK2	711.3239	2	QSNASSDVEVEEK	QSNASSDVEVEEK	sp|O75475|PSIP1_HUMAN	0.0015527950310559
Substrate_comp_Rapid_Method_Polypropylenechip_3c.mzML	QKPITPETAEK3	414.5627	3	QKPITPETAEK	QKPITPETAEK	sp|P60953|CDC42_HUMAN	0.0015527950310559
Substrate_comp_Rapid_Method_Polypropylenechip_3c.mzML	LGGGLGGTR2	394.22385	2	LGGGLGGTR	LGGGLGGTR	sp|P08621|RU17_HUMAN	0.0015527950310559
Substrate_comp_Rapid_Method_Polypropylenechip_3c.mzML	LKNELLEIKR3	419.59457	3	LKNELLEIKR	LKNELLEIKR	sp|Q96C24|SYTL4_HUMAN	0.0015527950310559
Substrate_comp_Rapid_Method_Polypropylenechip_3c.mzML	EATNPPVIQEEKPK3	527.2822	3	EATNPPVIQEEKPK	EATNPPVIQEEKPK	sp|P30101|PDIA3_HUMAN	0.0015527950310559
Substrate_comp_Rapid_Method_Polypropylenechip_3c.mzML	RAPFDLFENR2	632.8254	2	RAPFDLFENR	RAPFDLFENR	sp|P07900|HS90A_HUMAN	0.0015527950310559
Substrate_comp_Rapid_Method_Polypropylenechip_3c.mzML	FVM[15.99]QEEFSR2	594.77045	2	FVM[15.99]QEEFSR	FVMQEEFSR	sp|P30101|PDIA3_HUMAN	0.0015527950310559
Substrate_comp_Rapid_Method_Polypropylenechip_3c.mzML	NDEELNK2	431.20096	2	NDEELNK	NDEELNK	sp|Q9BTM1|H2AJ_HUMAN	0.0015527950310559
Substrate_comp_Rapid_Method_Polypropylenechip_3c.mzML	EQMAQQLAEETQGFQR3	631.9649	3	EQMAQQLAEETQGFQR	EQMAQQLAEETQGFQR	sp|Q15149|PLEC_HUMAN	0.0015527950310559
Substrate_comp_Rapid_Method_Polypropylenechip_3c.mzML	GYFDEEM[15.99]NR2	588.7351	2	GYFDEEM[15.99]NR	GYFDEEMNR	sp|Q15149|PLEC_HUMAN	0.0015527950310559
Substrate_comp_Rapid_Method_Polypropylenechip_3c.mzML	LGIHEDSQNR2	584.7883	2	LGIHEDSQNR	LGIHEDSQNR	sp|P07900|HS90A_HUMAN	0.0015527950310559
Substrate_comp_Rapid_Method_Polypropylenechip_3c.mzML	QYINAIK2	425.24512	2	QYINAIK	QYINAIK	sp|Q15149|PLEC_HUMAN	0.0015527950310559
Substrate_comp_Rapid_Method_Polypropylenechip_3c.mzML	SATQFTGR2	434.22	2	SATQFTGR	SATQFTGR	sp|Q8NCW5|NNRE_HUMAN	0.0015527950310559
Substrate_comp_Rapid_Method_Polypropylenechip_3c.mzML	LEQLFQDEVAK2	660.3467	2	LEQLFQDEVAK	LEQLFQDEVAK	sp|Q15149|PLEC_HUMAN	0.0015527950310559
Substrate_comp_Rapid_Method_Polypropylenechip_3c.mzML	LQLEETDHQK2	620.81177	2	LQLEETDHQK	LQLEETDHQK	sp|Q15149|PLEC_HUMAN	0.0015527950310559
Substrate_comp_Rapid_Method_Polypropylenechip_3c.mzML	EDQTEYLEER2	656.2875	2	EDQTEYLEER	EDQTEYLEER	sp|P07900|HS90A_HUMAN	0.0015527950310559
Substrate_comp_Rapid_Method_Polypropylenechip_3c.mzML	AQLMADFQAGR2	604.2966	2	AQLMADFQAGR	AQLMADFQAGR	sp|Q15149|PLEC_HUMAN	0.0015527950310559
Substrate_comp_Rapid_Method_Polypropylenechip_3c.mzML	LGEMWSEQSAK2	633.2953	2	LGEMWSEQSAK	LGEMWSEQSAK	sp|P26583|HMGB2_HUMAN	0.0015527950310559
Substrate_comp_Rapid_Method_Polypropylenechip_3c.mzML	LQAEAQQLR2	528.79236	2	LQAEAQQLR	LQAEAQQLR	sp|Q16543|CDC37_HUMAN	0.0015527950310559
Substrate_comp_Rapid_Method_Polypropylenechip_3c.mzML	EALLQASR2	444.25223	2	EALLQASR	EALLQASR	sp|P26038|MOES_HUMAN	0.0015527950310559
Substrate_comp_Rapid_Method_Polypropylenechip_3c.mzML	EQLNEYK2	462.2269	2	EQLNEYK	EQLNEYK	sp|Q15149|PLEC_HUMAN	0.0015527950310559
Substrate_comp_Rapid_Method_Polypropylenechip_3c.mzML	FVEGLPINDFSR2	697.36066	2	FVEGLPINDFSR	FVEGLPINDFSR	sp|P40925|MDHC_HUMAN	0.0015527950310559
Substrate_comp_Rapid_Method_Polypropylenechip_3c.mzML	SYGPAPGAGHVQEESNLSLQALESR3	866.42316	3	SYGPAPGAGHVQEESNLSLQALESR	SYGPAPGAGHVQEESNLSLQALESR	sp|Q13155|AIMP2_HUMAN	0.0015527950310559
Substrate_comp_Rapid_Method_Polypropylenechip_3c.mzML	AVLVDLEPGTM[15.99]DSVR2	809.4119	2	AVLVDLEPGTM[15.99]DSVR	AVLVDLEPGTMDSVR	sp|P68371|TBB4B_HUMAN	0.0015527950310559
Substrate_comp_Rapid_Method_Polypropylenechip_3c.mzML	FVMQEEFSR2	586.774	2	FVMQEEFSR	FVMQEEFSR	sp|P30101|PDIA3_HUMAN	0.0015527950310559
Substrate_comp_Rapid_Method_Polypropylenechip_3c.mzML	SSRAGLQFPVGR3	426.235	3	SSRAGLQFPVGR	SSRAGLQFPVGR	sp|Q9BTM1|H2AJ_HUMAN	0.0015527950310559
Substrate_comp_Rapid_Method_Polypropylenechip_3c.mzML	AALEEVER2	458.74078	2	AALEEVER	AALEEVER	sp|Q15149|PLEC_HUMAN	0.0015527950310559
Substrate_comp_Rapid_Method_Polypropylenechip_3c.mzML	VQSGSESVIQEYVDLR2	904.9585	2	VQSGSESVIQEYVDLR	VQSGSESVIQEYVDLR	sp|Q15149|PLEC_HUMAN	0.0015527950310559
Substrate_comp_Rapid_Method_Polypropylenechip_3c.mzML	TANDMIHAENM[15.99]R3	473.5431	3	TANDMIHAENM[15.99]R	TANDMIHAENMR	sp|P26038|MOES_HUMAN	0.0015527950310559
Substrate_comp_Rapid_Method_Polypropylenechip_3c.mzML	RQAEVELASR2	579.8152	2	RQAEVELASR	RQAEVELASR	sp|Q15149|PLEC_HUMAN	0.0015527950310559
Substrate_comp_Rapid_Method_Polypropylenechip_3c.mzML	IAQDLEMYGVNYFSIK2	945.9702	2	IAQDLEMYGVNYFSIK	IAQDLEMYGVNYFSIK	sp|P26038|MOES_HUMAN	0.0015527950310559
Substrate_comp_Rapid_Method_Polypropylenechip_3c.mzML	NSSYFVEWIPNNVK2	848.9208	2	NSSYFVEWIPNNVK	NSSYFVEWIPNNVK	sp|P68371|TBB4B_HUMAN	0.0015527950310559
Substrate_comp_Rapid_Method_Polypropylenechip_3c.mzML	VTTM[15.99]DAELEFAIQPNTTGK2	1041.5061	2	VTTM[15.99]DAELEFAIQPNTTGK	VTTMDAELEFAIQPNTTGK	sp|P26038|MOES_HUMAN;sp|P35241|RADI_HUMAN	0.0015527950310559
Substrate_comp_Rapid_Method_Polypropylenechip_3c.mzML	ALPFWNEEIVPQIK2	842.4584	2	ALPFWNEEIVPQIK	ALPFWNEEIVPQIK	sp|Q8N0Y7|PGAM4_HUMAN	0.0015527950310559
Substrate_comp_Rapid_Method_Polypropylenechip_3c.mzML	NNFAVGYR2	470.7344	2	NNFAVGYR	NNFAVGYR	sp|P45880|VDAC2_HUMAN	0.0015527950310559
Substrate_comp_Rapid_Method_Polypropylenechip_3c.mzML	RTNSTFNQVVLK2	703.89124	2	RTNSTFNQVVLK	RTNSTFNQVVLK	sp|Q07020|RL18_HUMAN	0.0015527950310559
Substrate_comp_Rapid_Method_Polypropylenechip_3c.mzML	YYTSASGDEM[15.99]VSLK2	783.8515	2	YYTSASGDEM[15.99]VSLK	YYTSASGDEMVSLK	sp|P07900|HS90A_HUMAN	0.0015527950310559
Substrate_comp_Rapid_Method_Polypropylenechip_3c.mzML	ELAEQELEK2	544.7772	2	ELAEQELEK	ELAEQELEK	sp|Q15149|PLEC_HUMAN	0.0015527950310559
Substrate_comp_Rapid_Method_Polypropylenechip_3c.mzML	IMNTFSVVPSPK2	660.3556	2	IMNTFSVVPSPK	IMNTFSVVPSPK	sp|P68371|TBB4B_HUMAN	0.0015527950310559
Substrate_comp_Rapid_Method_Polypropylenechip_3c.mzML	DASIVGFFDDSFSEAHSEFLK3	783.3642	3	DASIVGFFDDSFSEAHSEFLK	DASIVGFFDDSFSEAHSEFLK	sp|P30101|PDIA3_HUMAN	0.0015527950310559
Substrate_comp_Rapid_Method_Polypropylenechip_3c.mzML	LLSTDPVTAK2	522.7998	2	LLSTDPVTAK	LLSTDPVTAK	sp|P63010|AP2B1_HUMAN	0.0015527950310559
Substrate_comp_Rapid_Method_Polypropylenechip_3c.mzML	RSIQEELQQLR3	467.25925	3	RSIQEELQQLR	RSIQEELQQLR	sp|Q15149|PLEC_HUMAN	0.0015527950310559
Substrate_comp_Rapid_Method_Polypropylenechip_3c.mzML	EAEGQLQK2	451.73218	2	EAEGQLQK	EAEGQLQK	sp|Q15149|PLEC_HUMAN	0.0015527950310559
Substrate_comp_Rapid_Method_Polypropylenechip_3c.mzML	FLQDYFDGNLK2	680.33435	2	FLQDYFDGNLK	FLQDYFDGNLK	sp|P30101|PDIA3_HUMAN	0.0015527950310559
Substrate_comp_Rapid_Method_Polypropylenechip_3c.mzML	ASGNYATVISHNPETK2	844.916	2	ASGNYATVISHNPETK	ASGNYATVISHNPETK	sp|P62917|RL8_HUMAN	0.0015527950310559
Substrate_comp_Rapid_Method_Polypropylenechip_3c.mzML	TLKPEEQR2	500.77933	2	TLKPEEQR	TLKPEEQR	sp|Q15149|PLEC_HUMAN	0.0015527950310559
Substrate_comp_Rapid_Method_Polypropylenechip_3c.mzML	WFNGQPIHAELSPVTDFR3	705.35504	3	WFNGQPIHAELSPVTDFR	WFNGQPIHAELSPVTDFR	sp|Q01081|U2AF1_HUMAN	0.0015527950310559
Substrate_comp_Rapid_Method_Polypropylenechip_3c.mzML	HKPLLIDM[15.99]NK3	408.89667	3	HKPLLIDM[15.99]NK	HKPLLIDMNK	sp|Q15149|PLEC_HUMAN	0.0015527950310559
Substrate_comp_Rapid_Method_Polypropylenechip_3c.mzML	AQQELEEQTR2	616.29877	2	AQQELEEQTR	AQQELEEQTR	sp|P26038|MOES_HUMAN	0.0015527950310559
Substrate_comp_Rapid_Method_Polypropylenechip_3c.mzML	GYAFIEYEHER3	471.88684	3	GYAFIEYEHER	GYAFIEYEHER	sp|P08621|RU17_HUMAN	0.0015527950310559
Substrate_comp_Rapid_Method_Polypropylenechip_3c.mzML	VTILELFR2	495.80392	2	VTILELFR	VTILELFR	sp|P11166|GTR1_HUMAN	0.0015527950310559
Substrate_comp_Rapid_Method_Polypropylenechip_3c.mzML	SMNSALGK2	404.2054	2	SMNSALGK	SMNSALGK	sp|Q13155|AIMP2_HUMAN	0.0015527950310559
Substrate_comp_Rapid_Method_Polypropylenechip_3c.mzML	GNPTVEVDLYTAK2	703.8621	2	GNPTVEVDLYTAK	GNPTVEVDLYTAK	sp|P09104|ENOG_HUMAN	0.0015527950310559
Substrate_comp_Rapid_Method_Polypropylenechip_3c.mzML	ELEQLGR2	422.73053	2	ELEQLGR	ELEQLGR	sp|Q15149|PLEC_HUMAN	0.0015527950310559
Substrate_comp_Rapid_Method_Polypropylenechip_3c.mzML	VTTMDAELEFAIQPNTTGK2	1033.5096	2	VTTMDAELEFAIQPNTTGK	VTTMDAELEFAIQPNTTGK	sp|P26038|MOES_HUMAN;sp|P35241|RADI_HUMAN	0.0015527950310559
Substrate_comp_Rapid_Method_Polypropylenechip_3c.mzML	TFSHELSDFGLESTAGEIPVVAIR3	859.1085	3	TFSHELSDFGLESTAGEIPVVAIR	TFSHELSDFGLESTAGEIPVVAIR	sp|P30101|PDIA3_HUMAN	0.0015527950310559
Substrate_comp_Rapid_Method_Polypropylenechip_3c.mzML	VTTM[15.99]DAELEFAIQPNTTGK3	694.6731	3	VTTM[15.99]DAELEFAIQPNTTGK	VTTMDAELEFAIQPNTTGK	sp|P26038|MOES_HUMAN;sp|P35241|RADI_HUMAN	0.0015527950310559
Substrate_comp_Rapid_Method_Polypropylenechip_3c.mzML	LSFSGLR2	390.2243	2	LSFSGLR	LSFSGLR	sp|Q15149|PLEC_HUMAN	0.0015527950310559
Substrate_comp_Rapid_Method_Polypropylenechip_3c.mzML	LLLDQEQK2	493.78003	2	LLLDQEQK	LLLDQEQK	sp|O75937|DNJC8_HUMAN	0.0015527950310559
Substrate_comp_Rapid_Method_Polypropylenechip_3c.mzML	YYTSASGDEMVSLK2	775.85535	2	YYTSASGDEMVSLK	YYTSASGDEMVSLK	sp|P07900|HS90A_HUMAN	0.0015527950310559
Substrate_comp_Rapid_Method_Polypropylenechip_3c.mzML	KENPLQFK2	502.2837	2	KENPLQFK	KENPLQFK	sp|P35241|RADI_HUMAN	0.0015527950310559
Substrate_comp_Rapid_Method_Polypropylenechip_3c.mzML	IHFNPPLPMMR3	451.57385	3	IHFNPPLPMMR	IHFNPPLPMMR	sp|P27338|AOFB_HUMAN	0.0015527950310559
Substrate_comp_Rapid_Method_Polypropylenechip_3c.mzML	SEPIPESNDGPVK2	684.83496	2	SEPIPESNDGPVK	SEPIPESNDGPVK	sp|P30101|PDIA3_HUMAN	0.0015527950310559
Substrate_comp_Rapid_Method_Polypropylenechip_3c.mzML	ISEQFTAM[15.99]FR2	623.3007	2	ISEQFTAM[15.99]FR	ISEQFTAMFR	sp|P68371|TBB4B_HUMAN	0.0015527950310559
Substrate_comp_Rapid_Method_Polypropylenechip_3c.mzML	DKQPYEQK2	518.25867	2	DKQPYEQK	DKQPYEQK	sp|P26583|HMGB2_HUMAN	0.0015527950310559
Substrate_comp_Rapid_Method_Polypropylenechip_3c.mzML	HAASTVQILGAEK3	442.24506	3	HAASTVQILGAEK	HAASTVQILGAEK	sp|Q9Y2X3|NOP58_HUMAN	0.0015527950310559
Substrate_comp_Rapid_Method_Polypropylenechip_3c.mzML	SQGAALDK2	395.2088	2	SQGAALDK	SQGAALDK	sp|P40925|MDHC_HUMAN	0.0015527950310559
Substrate_comp_Rapid_Method_Polypropylenechip_3c.mzML	GTEITHAVVIK2	584.34076	2	GTEITHAVVIK	GTEITHAVVIK	sp|B5ME19|EIFCL_HUMAN	0.0015527950310559
Substrate_comp_Rapid_Method_Polypropylenechip_3c.mzML	TQEQLALEMAELTAR2	852.4345	2	TQEQLALEMAELTAR	TQEQLALEMAELTAR	sp|P26038|MOES_HUMAN	0.0015527950310559
Substrate_comp_Rapid_Method_Polypropylenechip_3c.mzML	QVAEEAAR2	437.22437	2	QVAEEAAR	QVAEEAAR	sp|Q15149|PLEC_HUMAN	0.0015527950310559
Substrate_comp_Rapid_Method_Polypropylenechip_3c.mzML	AQAEAQQPTFDALRDELR3	687.01294	3	AQAEAQQPTFDALRDELR	AQAEAQQPTFDALRDELR	sp|Q15149|PLEC_HUMAN	0.0015527950310559
Substrate_comp_Rapid_Method_Polypropylenechip_3c.mzML	VQMEELSK2	482.24393	2	VQMEELSK	VQMEELSK	sp|Q15149|PLEC_HUMAN	0.0015527950310559
Substrate_comp_Rapid_Method_Polypropylenechip_3c.mzML	TVAYTEQK2	470.24246	2	TVAYTEQK	TVAYTEQK	sp|P30101|PDIA3_HUMAN	0.0015527950310559
Substrate_comp_Rapid_Method_Polypropylenechip_3c.mzML	LSIYNALK2	461.27316	2	LSIYNALK	LSIYNALK	sp|Q15149|PLEC_HUMAN	0.0015527950310559
Substrate_comp_Rapid_Method_Polypropylenechip_3c.mzML	LQLEETDHQK3	414.21057	3	LQLEETDHQK	LQLEETDHQK	sp|Q15149|PLEC_HUMAN	0.0015527950310559
Substrate_comp_Rapid_Method_Polypropylenechip_3c.mzML	TGDFQLHTNVNDGTEFGGSIYQK3	843.3926	3	TGDFQLHTNVNDGTEFGGSIYQK	TGDFQLHTNVNDGTEFGGSIYQK	sp|P45880|VDAC2_HUMAN	0.0015527950310559
Substrate_comp_Rapid_Method_Polypropylenechip_3c.mzML	SYDVPPPPMEPDHPFYSNISK3	806.37616	3	SYDVPPPPMEPDHPFYSNISK	SYDVPPPPMEPDHPFYSNISK	sp|Q8N0Y7|PGAM4_HUMAN	0.0015527950310559
Substrate_comp_Rapid_Method_Polypropylenechip_3c.mzML	DGEEAGAYDGPR2	618.7599	2	DGEEAGAYDGPR	DGEEAGAYDGPR	sp|P30101|PDIA3_HUMAN	0.0015527950310559
Substrate_comp_Rapid_Method_Polypropylenechip_3c.mzML	M[15.99]QAVQEATR2	525.762	2	M[15.99]QAVQEATR	MQAVQEATR	sp|Q15149|PLEC_HUMAN	0.0015527950310559
Substrate_comp_Rapid_Method_Polypropylenechip_3c.mzML	QAEVELASR2	501.76447	2	QAEVELASR	QAEVELASR	sp|Q15149|PLEC_HUMAN	0.0015527950310559
Substrate_comp_Rapid_Method_Polypropylenechip_3c.mzML	MSAAQALK2	410.22275	2	MSAAQALK	MSAAQALK	sp|Q15149|PLEC_HUMAN	0.0015527950310559
Substrate_comp_Rapid_Method_Polypropylenechip_3c.mzML	AAEEAEEAR2	488.2221	2	AAEEAEEAR	AAEEAEEAR	sp|Q15149|PLEC_HUMAN	0.0015527950310559
Substrate_comp_Rapid_Method_Polypropylenechip_3c.mzML	QYLHLPPEIVPASLQR3	621.3506	3	QYLHLPPEIVPASLQR	QYLHLPPEIVPASLQR	sp|Q15149|PLEC_HUMAN	0.0015527950310559
Substrate_comp_Rapid_Method_Polypropylenechip_3c.mzML	QSTDEEVTSLAK2	654.3202	2	QSTDEEVTSLAK	QSTDEEVTSLAK	sp|P23193|TCEA1_HUMAN	0.0015527950310559
Substrate_comp_Rapid_Method_Polypropylenechip_3c.mzML	IDNLDVNR2	479.7523	2	IDNLDVNR	IDNLDVNR	sp|O75475|PSIP1_HUMAN	0.0015527950310559
Substrate_comp_Rapid_Method_Polypropylenechip_3c.mzML	SYDVPPPPM[15.99]EPDHPFYSNISK3	811.7058	3	SYDVPPPPM[15.99]EPDHPFYSNISK	SYDVPPPPMEPDHPFYSNISK	sp|Q8N0Y7|PGAM4_HUMAN	0.0015527950310559
Substrate_comp_Rapid_Method_Polypropylenechip_3c.mzML	FNQTYQLAHGTAEEK3	579.6146	3	FNQTYQLAHGTAEEK	FNQTYQLAHGTAEEK	sp|Q14166|TTL12_HUMAN	0.0015527950310559
Substrate_comp_Rapid_Method_Polypropylenechip_3c.mzML	RDSVLTSK2	453.25607	2	RDSVLTSK	RDSVLTSK	sp|O75937|DNJC8_HUMAN	0.0015527950310559
Substrate_comp_Rapid_Method_Polypropylenechip_3c.mzML	IALLEEAK2	443.76645	2	IALLEEAK	IALLEEAK	sp|P35241|RADI_HUMAN	0.0015527950310559
Substrate_comp_Rapid_Method_Polypropylenechip_3c.mzML	VTTMDAELEFAIQPNTTGK3	689.3422	3	VTTMDAELEFAIQPNTTGK	VTTMDAELEFAIQPNTTGK	sp|P26038|MOES_HUMAN;sp|P35241|RADI_HUMAN	0.0015527950310559
Substrate_comp_Rapid_Method_Polypropylenechip_3c.mzML	RSIQEELQQLR2	700.38086	2	RSIQEELQQLR	RSIQEELQQLR	sp|Q15149|PLEC_HUMAN	0.0015527950310559
Substrate_comp_Rapid_Method_Polypropylenechip_3c.mzML	LPVEVAYK2	459.76895	2	LPVEVAYK	LPVEVAYK	sp|Q15149|PLEC_HUMAN	0.0015527950310559
Substrate_comp_Rapid_Method_Polypropylenechip_3c.mzML	IETNENNLESAK2	681.3317	2	IETNENNLESAK	IETNENNLESAK	sp|Q07065|CKAP4_HUMAN	0.0015527950310559
Substrate_comp_Rapid_Method_Polypropylenechip_3c.mzML	QVEEAER2	430.70905	2	QVEEAER	QVEEAER	sp|Q15149|PLEC_HUMAN	0.0015527950310559
Substrate_comp_Rapid_Method_Polypropylenechip_3c.mzML	RTNSTFNQVVLK3	469.59647	3	RTNSTFNQVVLK	RTNSTFNQVVLK	sp|Q07020|RL18_HUMAN	0.0015527950310559
Substrate_comp_Rapid_Method_Polypropylenechip_3c.mzML	LEDLLQDAQDEK2	708.84607	2	LEDLLQDAQDEK	LEDLLQDAQDEK	sp|Q15149|PLEC_HUMAN	0.0015527950310559
Substrate_comp_Rapid_Method_Polypropylenechip_3c.mzML	TLWTVLDAIDQMWLPVVR3	719.39014	3	TLWTVLDAIDQMWLPVVR	TLWTVLDAIDQMWLPVVR	sp|Q8N0Y7|PGAM4_HUMAN	0.0015527950310559
Substrate_comp_Rapid_Method_Polypropylenechip_3c.mzML	HGVFLVR2	415.2482	2	HGVFLVR	HGVFLVR	sp|P46108|CRK_HUMAN	0.0015527950310559
Substrate_comp_Rapid_Method_Polypropylenechip_3c.mzML	KTANDMIHAENM[15.99]R3	516.2421	3	KTANDMIHAENM[15.99]R	KTANDMIHAENMR	sp|P26038|MOES_HUMAN	0.0015527950310559
Substrate_comp_Rapid_Method_Polypropylenechip_3c.mzML	LSKDPNIVIAK3	399.91205	3	LSKDPNIVIAK	LSKDPNIVIAK	sp|P30101|PDIA3_HUMAN	0.0015527950310559
Substrate_comp_Rapid_Method_Polypropylenechip_3c.mzML	MGIVGPEFK2	489.2602	2	MGIVGPEFK	MGIVGPEFK	sp|Q15149|PLEC_HUMAN	0.0015527950310559
Substrate_comp_Rapid_Method_Polypropylenechip_3c.mzML	IISLETYNLLR2	667.8887	2	IISLETYNLLR	IISLETYNLLR	sp|Q15149|PLEC_HUMAN	0.0015527950310559
Substrate_comp_Rapid_Method_Polypropylenechip_3c.mzML	QIEEQTK2	438.2268	2	QIEEQTK	QIEEQTK	sp|P26038|MOES_HUMAN	0.0015527950310559
Substrate_comp_Rapid_Method_Polypropylenechip_3c.mzML	RQQEELLAEENQR3	548.27997	3	RQQEELLAEENQR	RQQEELLAEENQR	sp|Q15149|PLEC_HUMAN	0.0015527950310559
Substrate_comp_Rapid_Method_Polypropylenechip_3c.mzML	HPQGEQMYR3	383.18042	3	HPQGEQMYR	HPQGEQMYR	sp|Q15149|PLEC_HUMAN	0.0015527950310559
Substrate_comp_Rapid_Method_Polypropylenechip_3c.mzML	RQEQIQAMPLADSQAVR3	648.33026	3	RQEQIQAMPLADSQAVR	RQEQIQAMPLADSQAVR	sp|Q15149|PLEC_HUMAN	0.0015527950310559
Substrate_comp_Rapid_Method_Polypropylenechip_3c.mzML	EVDEQMLNVQNK2	723.8508	2	EVDEQMLNVQNK	EVDEQMLNVQNK	sp|P68371|TBB4B_HUMAN	0.0015527950310559
Substrate_comp_Rapid_Method_Polypropylenechip_3c.mzML	TLWTVLDAIDQMWLPVVR2	1078.5817	2	TLWTVLDAIDQMWLPVVR	TLWTVLDAIDQMWLPVVR	sp|Q8N0Y7|PGAM4_HUMAN	0.0015527950310559
Substrate_comp_Rapid_Method_Polypropylenechip_3c.mzML	VYTDVQQVASSLTHPR3	600.9803	3	VYTDVQQVASSLTHPR	VYTDVQQVASSLTHPR	sp|Q14166|TTL12_HUMAN	0.0015527950310559
Substrate_comp_Rapid_Method_Polypropylenechip_3c.mzML	FASFIDK2	414.21838	2	FASFIDK	FASFIDK	sp|Q3SY84|K2C71_HUMAN	0.0015527950310559
Substrate_comp_Rapid_Method_Polypropylenechip_3c.mzML	DPYTGQSVSLFQALK2	827.42957	2	DPYTGQSVSLFQALK	DPYTGQSVSLFQALK	sp|Q15149|PLEC_HUMAN	0.0015527950310559
Substrate_comp_Rapid_Method_Polypropylenechip_3c.mzML	TPAGNFVTLEEGK2	681.8489	2	TPAGNFVTLEEGK	TPAGNFVTLEEGK	sp|P43490|NAMPT_HUMAN	0.0015527950310559
Substrate_comp_Rapid_Method_Polypropylenechip_3c.mzML	HNDDEQYAWESSAGGSFTVR3	752.6586	3	HNDDEQYAWESSAGGSFTVR	HNDDEQYAWESSAGGSFTVR	sp|P07900|HS90A_HUMAN	0.0015527950310559
Substrate_comp_Rapid_Method_Polypropylenechip_3c.mzML	MQEEVVR2	445.7244	2	MQEEVVR	MQEEVVR	sp|Q15149|PLEC_HUMAN	0.0015527950310559
Substrate_comp_Rapid_Method_Polypropylenechip_3c.mzML	QTNLENLDQAFSVAER2	917.9491	2	QTNLENLDQAFSVAER	QTNLENLDQAFSVAER	sp|Q15149|PLEC_HUMAN	0.0015527950310559
Substrate_comp_Rapid_Method_Polypropylenechip_3c.mzML	GVVDSEDLPLNISR2	757.3944	2	GVVDSEDLPLNISR	GVVDSEDLPLNISR	sp|P07900|HS90A_HUMAN	0.0015527950310559
Substrate_comp_Rapid_Method_Polypropylenechip_3c.mzML	VQEQVHTLLSQDQAQAAR3	674.6832	3	VQEQVHTLLSQDQAQAAR	VQEQVHTLLSQDQAQAAR	sp|Q07065|CKAP4_HUMAN	0.0015527950310559
Substrate_comp_Rapid_Method_Polypropylenechip_3c.mzML	RALELEQER3	381.87512	3	RALELEQER	RALELEQER	sp|P26038|MOES_HUMAN	0.0015527950310559
Substrate_comp_Rapid_Method_Polypropylenechip_3c.mzML	ANELQLR2	422.23914	2	ANELQLR	ANELQLR	sp|Q15149|PLEC_HUMAN	0.0015527950310559
Substrate_comp_Rapid_Method_Polypropylenechip_3c.mzML	LALDM[15.99]EIATYR2	656.3337	2	LALDM[15.99]EIATYR	LALDMEIATYR	sp|Q3SY84|K2C71_HUMAN	0.0015527950310559
Substrate_comp_Rapid_Method_Polypropylenechip_3c.mzML	LEATLQEEAAIQQEHR3	622.6517	3	LEATLQEEAAIQQEHR	LEATLQEEAAIQQEHR	sp|O95202|LETM1_HUMAN	0.0015527950310559
Substrate_comp_Rapid_Method_Polypropylenechip_3c.mzML	ALLFVPR2	408.26044	2	ALLFVPR	ALLFVPR	sp|P07900|HS90A_HUMAN	0.0015527950310559
Substrate_comp_Rapid_Method_Polypropylenechip_3c.mzML	NPQNSSQSADGLR2	687.3245	2	NPQNSSQSADGLR	NPQNSSQSADGLR	sp|Q01081|U2AF1_HUMAN	0.0015527950310559
Substrate_comp_Rapid_Method_Polypropylenechip_3c.mzML	IQIWDTAGQER2	658.8327	2	IQIWDTAGQER	IQIWDTAGQER	sp|P59190|RAB15_HUMAN	0.0015527950310559
Substrate_comp_Rapid_Method_Polypropylenechip_3c.mzML	ISEQFTAMFR2	615.304	2	ISEQFTAMFR	ISEQFTAMFR	sp|P68371|TBB4B_HUMAN	0.0015527950310559
Substrate_comp_Rapid_Method_Polypropylenechip_3c.mzML	MNTVLSR2	410.72186	2	MNTVLSR	MNTVLSR	sp|P61009|SPCS3_HUMAN	0.0015527950310559
Substrate_comp_Rapid_Method_Polypropylenechip_3c.mzML	DHYEATAMHR3	410.84958	3	DHYEATAMHR	DHYEATAMHR	sp|O75832|PSD10_HUMAN	0.0015527950310559
Substrate_comp_Rapid_Method_Polypropylenechip_3c.mzML	QIEEQTIK2	494.76913	2	QIEEQTIK	QIEEQTIK	sp|P35241|RADI_HUMAN	0.0015527950310559
Substrate_comp_Rapid_Method_Polypropylenechip_3c.mzML	GVDIVMDPLGGSDTAK2	787.89465	2	GVDIVMDPLGGSDTAK	GVDIVMDPLGGSDTAK	sp|Q99536|VAT1_HUMAN	0.0015527950310559
Substrate_comp_Rapid_Method_Polypropylenechip_3c.mzML	VEEEEEEK2	510.72208	2	VEEEEEEK	VEEEEEEK	sp|Q9Y2X3|NOP58_HUMAN	0.0015527950310559
Substrate_comp_Rapid_Method_Polypropylenechip_3c.mzML	QQLQQVPGLLHR3	472.94003	3	QQLQQVPGLLHR	QQLQQVPGLLHR	sp|Q14166|TTL12_HUMAN	0.0015527950310559
Substrate_comp_Rapid_Method_Polypropylenechip_3c.mzML	QFGM[15.99]MQSQIGYDILAEDTITALLHNNR3	1033.173	3	QFGM[15.99]MQSQIGYDILAEDTITALLHNNR	QFGMMQSQIGYDILAEDTITALLHNNR	sp|Q14573|ITPR3_HUMAN	0.0015527950310559
Substrate_comp_Rapid_Method_Polypropylenechip_3c.mzML	EQFLQQK2	460.74594	2	EQFLQQK	EQFLQQK	sp|Q08378|GOGA3_HUMAN	0.0015527950310559
Substrate_comp_Rapid_Method_Polypropylenechip_3c.mzML	SPPTVLVIC[57.02]GPGNNGGDGLVC[57.02]AR3	771.3915	3	SPPTVLVIC[57.02]GPGNNGGDGLVC[57.02]AR	SPPTVLVICGPGNNGGDGLVCAR	sp|Q8NCW5|NNRE_HUMAN	0.0015527950310559
Substrate_comp_Rapid_Method_Polypropylenechip_3c.mzML	VASLEESEGNKQDLK3	549.6207	3	VASLEESEGNKQDLK	VASLEESEGNKQDLK	sp|Q07065|CKAP4_HUMAN	0.0015527950310559
Substrate_comp_Rapid_Method_Polypropylenechip_3c.mzML	KLSELLR2	429.77402	2	KLSELLR	KLSELLR	sp|P07900|HS90A_HUMAN	0.0015527950310559
Substrate_comp_Rapid_Method_Polypropylenechip_3c.mzML	IDDLFSGK2	448.23502	2	IDDLFSGK	IDDLFSGK	sp|P60033|CD81_HUMAN	0.0015527950310559
Substrate_comp_Rapid_Method_Polypropylenechip_3c.mzML	FNQTYQLAHGTAEEKMPVWYIMDEFGSR3	1116.8715	3	FNQTYQLAHGTAEEKMPVWYIMDEFGSR	FNQTYQLAHGTAEEKMPVWYIMDEFGSR	sp|Q14166|TTL12_HUMAN	0.0015527950310559
Substrate_comp_Rapid_Method_Polypropylenechip_3c.mzML	LLLIGDSGVGK2	536.32416	2	LLLIGDSGVGK	LLLIGDSGVGK	sp|P59190|RAB15_HUMAN	0.0015527950310559
Substrate_comp_Rapid_Method_Polypropylenechip_3c.mzML	AHAFAVQQK2	500.27167	2	AHAFAVQQK	AHAFAVQQK	sp|Q15149|PLEC_HUMAN	0.0015527950310559
Substrate_comp_Rapid_Method_Polypropylenechip_3c.mzML	ILHGSVGYLTPR3	438.91873	3	ILHGSVGYLTPR	ILHGSVGYLTPR	sp|Q15648|MED1_HUMAN	0.0015527950310559
Substrate_comp_Rapid_Method_Polypropylenechip_3c.mzML	ELEEQTR2	452.72235	2	ELEEQTR	ELEEQTR	sp|P35241|RADI_HUMAN	0.0015527950310559
Substrate_comp_Rapid_Method_Polypropylenechip_3c.mzML	DAHNALLDIQSSGR3	500.2607	3	DAHNALLDIQSSGR	DAHNALLDIQSSGR	sp|B5ME19|EIFCL_HUMAN	0.0015527950310559
Substrate_comp_Rapid_Method_Polypropylenechip_3c.mzML	RQHEAEEGVR3	404.2021	3	RQHEAEEGVR	RQHEAEEGVR	sp|Q15149|PLEC_HUMAN	0.0015527950310559
Substrate_comp_Rapid_Method_Polypropylenechip_3c.mzML	GGADVNIR2	401.21387	2	GGADVNIR	GGADVNIR	sp|P08621|RU17_HUMAN	0.0015527950310559
Substrate_comp_Rapid_Method_Polypropylenechip_3c.mzML	DDPSTIEK2	452.71616	2	DDPSTIEK	DDPSTIEK	sp|P60953|CDC42_HUMAN	0.0015527950310559
Substrate_comp_Rapid_Method_Polypropylenechip_3c.mzML	LAAIGEATR2	451.25238	2	LAAIGEATR	LAAIGEATR	sp|Q15149|PLEC_HUMAN	0.0015527950310559
Substrate_comp_Rapid_Method_Polypropylenechip_3c.mzML	NGGGVGDILR2	480.2711	2	NGGGVGDILR	NGGGVGDILR	sp|Q14573|ITPR3_HUMAN	0.0015527950310559
Substrate_comp_Rapid_Method_Polypropylenechip_3c.mzML	YFLQGM[15.99]GYIPSASMTR3	613.9724	3	YFLQGM[15.99]GYIPSASMTR	YFLQGMGYIPSASMTR	sp|Q9UGV2|NDRG3_HUMAN	0.0015527950310559
Substrate_comp_Rapid_Method_Polypropylenechip_3c.mzML	TEEDSEEVR2	547.23596	2	TEEDSEEVR	TEEDSEEVR	sp|Q16543|CDC37_HUMAN	0.0015527950310559
Substrate_comp_Rapid_Method_Polypropylenechip_3c.mzML	KPM[15.99]GPAHWEKIEAINQAIANEYEVRR4	767.37976	4	KPM[15.99]GPAHWEKIEAINQAIANEYEVRR	KPMGPAHWEKIEAINQAIANEYEVRR	sp|Q8NCA5|FA98A_HUMAN	0.0015527950310559
Substrate_comp_Rapid_Method_Polypropylenechip_3c.mzML	KLSSAMSAAK2	497.27417	2	KLSSAMSAAK	KLSSAMSAAK	sp|P40925|MDHC_HUMAN	0.0015527950310559
Substrate_comp_Rapid_Method_Polypropylenechip_3c.mzML	LKNELLEIK2	550.8364	2	LKNELLEIK	LKNELLEIK	sp|Q96C24|SYTL4_HUMAN	0.0015527950310559
Substrate_comp_Rapid_Method_Polypropylenechip_3c.mzML	IPVM[15.99]ALVGNDAGWTQISR3	648.6634	3	IPVM[15.99]ALVGNDAGWTQISR	IPVMALVGNDAGWTQISR	sp|A1L0T0|HACL2_HUMAN	0.0015527950310559
Substrate_comp_Rapid_Method_Polypropylenechip_3c.mzML	VNGEDPYPHK3	385.85925	3	VNGEDPYPHK	VNGEDPYPHK	sp|Q15046|SYK_HUMAN	0.0015527950310559
Substrate_comp_Rapid_Method_Polypropylenechip_3c.mzML	ASWTWGPEGQGAILLVNC[57.02]DRETPWLPK4	771.6372	4	ASWTWGPEGQGAILLVNC[57.02]DRETPWLPK	ASWTWGPEGQGAILLVNCDRETPWLPK	sp|Q9Y2J8|PADI2_HUMAN	0.0015527950310559
Substrate_comp_Rapid_Method_Polypropylenechip_3c.mzML	FGAFHSPALEDADFDGKPM[15.99]VLVAGQYSTGK3	1057.8428	3	FGAFHSPALEDADFDGKPM[15.99]VLVAGQYSTGK	FGAFHSPALEDADFDGKPMVLVAGQYSTGK	sp|Q9NZN4|EHD2_HUMAN	0.0015527950310559
Substrate_comp_Rapid_Method_Polypropylenechip_3c.mzML	NRHEIAVMLLEGGANPDAK3	679.0193	3	NRHEIAVMLLEGGANPDAK	NRHEIAVMLLEGGANPDAK	sp|O75832|PSD10_HUMAN	0.0015527950310559
Substrate_comp_Rapid_Method_Polypropylenechip_3c.mzML	LSNVNLQEK2	523.28564	2	LSNVNLQEK	LSNVNLQEK	sp|Q9Y3T9|NOC2L_HUMAN	0.0015527950310559
Substrate_comp_Rapid_Method_Polypropylenechip_3c.mzML	VIQEIVDK2	472.27716	2	VIQEIVDK	VIQEIVDK	sp|P51116|FXR2_HUMAN	0.0015527950310559
Substrate_comp_Rapid_Method_Polypropylenechip_3c.mzML	EVDEQM[15.99]LNVQNK2	731.84534	2	EVDEQM[15.99]LNVQNK	EVDEQMLNVQNK	sp|P68371|TBB4B_HUMAN	0.0015527950310559
Substrate_comp_Rapid_Method_Polypropylenechip_3c.mzML	SLAAALAQHSVPLQLELR3	640.36365	3	SLAAALAQHSVPLQLELR	SLAAALAQHSVPLQLELR	sp|Q15628|TRADD_HUMAN	0.0015527950310559
Substrate_comp_Rapid_Method_Polypropylenechip_3c.mzML	LGFHLPLEVAYQR2	771.92737	2	LGFHLPLEVAYQR	LGFHLPLEVAYQR	sp|Q15149|PLEC_HUMAN	0.0015527950310559
Substrate_comp_Rapid_Method_Polypropylenechip_3c.mzML	AYSDPSTGEPATYGELQQR3	690.6574	3	AYSDPSTGEPATYGELQQR	AYSDPSTGEPATYGELQQR	sp|Q15149|PLEC_HUMAN	0.0015527950310559
Substrate_comp_Rapid_Method_Polypropylenechip_3c.mzML	TEEEFKK2	455.72882	2	TEEEFKK	TEEEFKK	sp|P30101|PDIA3_HUMAN	0.0015527950310559
Substrate_comp_Rapid_Method_Polypropylenechip_3c.mzML	LALDMEIATYR2	648.3378	2	LALDMEIATYR	LALDMEIATYR	sp|Q3SY84|K2C71_HUMAN	0.0015527950310559
Substrate_comp_Rapid_Method_Polypropylenechip_3c.mzML	ADM[15.99]VETQQLMR2	669.3159	2	ADM[15.99]VETQQLMR	ADMVETQQLMR	sp|Q9NZN4|EHD2_HUMAN	0.0015527950310559
Substrate_comp_Rapid_Method_Polypropylenechip_3c.mzML	GVSSQETAGIGASAHLVNFK3	658.34174	3	GVSSQETAGIGASAHLVNFK	GVSSQETAGIGASAHLVNFK	sp|P43490|NAMPT_HUMAN	0.0015527950310559
Substrate_comp_Rapid_Method_Polypropylenechip_3c.mzML	FIQENIFGIC[57.02]PHM[15.99]TEDNKDLIQGK4	716.84326	4	FIQENIFGIC[57.02]PHM[15.99]TEDNKDLIQGK	FIQENIFGICPHMTEDNKDLIQGK	sp|P30101|PDIA3_HUMAN	0.0015527950310559
Substrate_comp_Rapid_Method_Polypropylenechip_3c.mzML	QFYDQALQQAVVDDDANNAK4	564.5211	4	QFYDQALQQAVVDDDANNAK	QFYDQALQQAVVDDDANNAK	sp|P60033|CD81_HUMAN	0.0015527950310559
Substrate_comp_Rapid_Method_Polypropylenechip_3c.mzML	GLEISGTFTHR3	406.53955	3	GLEISGTFTHR	GLEISGTFTHR	sp|P63010|AP2B1_HUMAN	0.0015527950310559
Substrate_comp_Rapid_Method_Polypropylenechip_3c.mzML	KFYEQFSK2	538.77454	2	KFYEQFSK	KFYEQFSK	sp|P07900|HS90A_HUMAN	0.0015527950310559
Substrate_comp_Rapid_Method_Polypropylenechip_3c.mzML	KHPDSSVNFAEFSKK4	431.22632	4	KHPDSSVNFAEFSKK	KHPDSSVNFAEFSKK	sp|P26583|HMGB2_HUMAN	0.0015527950310559
Substrate_comp_Rapid_Method_Polypropylenechip_3c.mzML	TTQFSC[57.02]TLGEKFEETTADGRK3	802.70953	3	TTQFSC[57.02]TLGEKFEETTADGRK	TTQFSCTLGEKFEETTADGRK	sp|Q01469|FABP5_HUMAN	0.0015527950310559
Substrate_comp_Rapid_Method_Polypropylenechip_3c.mzML	AEEQAVR2	401.7062	2	AEEQAVR	AEEQAVR	sp|Q15149|PLEC_HUMAN	0.0015527950310559
Substrate_comp_Rapid_Method_Polypropylenechip_3c.mzML	TLTIVDTGIGM[15.99]TK3	455.9155	3	TLTIVDTGIGM[15.99]TK	TLTIVDTGIGMTK	sp|P07900|HS90A_HUMAN	0.0015527950310559
Substrate_comp_Rapid_Method_Polypropylenechip_3c.mzML	YFLQGM[15.99]GYIPSASM[15.99]TR3	619.29285	3	YFLQGM[15.99]GYIPSASM[15.99]TR	YFLQGMGYIPSASMTR	sp|Q9UGV2|NDRG3_HUMAN	0.0015527950310559
Substrate_comp_Rapid_Method_Polypropylenechip_3c.mzML	VASLEESEGNKQDLK2	823.9279	2	VASLEESEGNKQDLK	VASLEESEGNKQDLK	sp|Q07065|CKAP4_HUMAN	0.0015527950310559
Substrate_comp_Rapid_Method_Polypropylenechip_3c.mzML	VEALEQER2	488.2465	2	VEALEQER	VEALEQER	sp|Q9BYX2|TBD2A_HUMAN	0.0015527950310559
Substrate_comp_Rapid_Method_Polypropylenechip_3c.mzML	ITDFGLAR2	446.752	2	ITDFGLAR	ITDFGLAR	sp|Q5TCX8|M3K21_HUMAN	0.0015527950310559
Substrate_comp_Rapid_Method_Polypropylenechip_3c.mzML	EQELQQTLQQEQSVLDQLR3	772.38947	3	EQELQQTLQQEQSVLDQLR	EQELQQTLQQEQSVLDQLR	sp|Q15149|PLEC_HUMAN	0.0015527950310559
Substrate_comp_Rapid_Method_Polypropylenechip_3c.mzML	LDNLM[15.99]LELDGTENK2	811.38763	2	LDNLM[15.99]LELDGTENK	LDNLMLELDGTENK	sp|P09104|ENOG_HUMAN	0.0015527950310559
Substrate_comp_Rapid_Method_Polypropylenechip_3c.mzML	LKNELLEIKR2	628.88763	2	LKNELLEIKR	LKNELLEIKR	sp|Q96C24|SYTL4_HUMAN	0.0015527950310559
Substrate_comp_Rapid_Method_Polypropylenechip_3c.mzML	SAEAELQSKR2	560.80426	2	SAEAELQSKR	SAEAELQSKR	sp|Q15149|PLEC_HUMAN	0.0015527950310559
Substrate_comp_Rapid_Method_Polypropylenechip_3c.mzML	FLQDYFDGNLKR3	505.92435	3	FLQDYFDGNLKR	FLQDYFDGNLKR	sp|P30101|PDIA3_HUMAN	0.0015527950310559
Substrate_comp_Rapid_Method_Polypropylenechip_3c.mzML	AALYGIHDIFFVMDAAER3	680.34094	3	AALYGIHDIFFVMDAAER	AALYGIHDIFFVMDAAER	sp|O43303|CP110_HUMAN	0.0015527950310559
Substrate_comp_Rapid_Method_Polypropylenechip_3c.mzML	LEPYADQLR2	552.793	2	LEPYADQLR	LEPYADQLR	sp|P06727|APOA4_HUMAN	0.0015527950310559
Substrate_comp_Rapid_Method_Polypropylenechip_3c.mzML	KFLDAGHK2	458.75885	2	KFLDAGHK	KFLDAGHK	sp|P30101|PDIA3_HUMAN	0.0015527950310559
Substrate_comp_Rapid_Method_Polypropylenechip_3c.mzML	ALGEGAELGAR2	523.285	2	ALGEGAELGAR	ALGEGAELGAR	sp|Q86SM5|MRGRG_HUMAN	0.0015527950310559
Substrate_comp_Rapid_Method_Polypropylenechip_3c.mzML	RVLVDVER2	493.28613	2	RVLVDVER	RVLVDVER	sp|P08621|RU17_HUMAN	0.0015527950310559
Substrate_comp_Rapid_Method_Polypropylenechip_3c.mzML	LQSSNIFTVAK2	604.3385	2	LQSSNIFTVAK	LQSSNIFTVAK	sp|Q10567|AP1B1_HUMAN	0.0015527950310559
Substrate_comp_Rapid_Method_Polypropylenechip_3c.mzML	EALLQLQK2	471.79126	2	EALLQLQK	EALLQLQK	sp|Q9GZW5|SCND2_HUMAN	0.0015527950310559
Substrate_comp_Rapid_Method_Polypropylenechip_3c.mzML	NTNMTAK2	390.1889	2	NTNMTAK	NTNMTAK	sp|Q15149|PLEC_HUMAN	0.0015527950310559
Substrate_comp_Rapid_Method_Polypropylenechip_3c.mzML	SLAPYAQDTQEKLNHQLEGLTFQMK3	964.13324	3	SLAPYAQDTQEKLNHQLEGLTFQMK	SLAPYAQDTQEKLNHQLEGLTFQMK	sp|P06727|APOA4_HUMAN	0.0015527950310559
Substrate_comp_Rapid_Method_Polypropylenechip_3c.mzML	LAMQEFMILPVGAESFR3	646.9988	3	LAMQEFMILPVGAESFR	LAMQEFMILPVGAESFR	sp|P09104|ENOG_HUMAN	0.0015527950310559
Substrate_comp_Rapid_Method_Polypropylenechip_3c.mzML	ILHGSVGYLTPR2	657.87445	2	ILHGSVGYLTPR	ILHGSVGYLTPR	sp|Q15648|MED1_HUMAN	0.0015527950310559
Substrate_comp_Rapid_Method_Polypropylenechip_3c.mzML	FNQTYQLAHGTAEEKMPVWYIMDEFGSR4	837.9062	4	FNQTYQLAHGTAEEKMPVWYIMDEFGSR	FNQTYQLAHGTAEEKMPVWYIMDEFGSR	sp|Q14166|TTL12_HUMAN	0.0015527950310559
Substrate_comp_Rapid_Method_Polypropylenechip_3c.mzML	MQELALSEGALPR2	708.8629	2	MQELALSEGALPR	MQELALSEGALPR	sp|O75165|DJC13_HUMAN	0.0015527950310559
Substrate_comp_Rapid_Method_Polypropylenechip_3c.mzML	LRPEDGLYLIHWSTSHPYR3	780.72534	3	LRPEDGLYLIHWSTSHPYR	LRPEDGLYLIHWSTSHPYR	sp|P29597|TYK2_HUMAN	0.0015527950310559
Substrate_comp_Rapid_Method_Polypropylenechip_3c.mzML	VLVDVER2	415.24216	2	VLVDVER	VLVDVER	sp|P08621|RU17_HUMAN	0.0015527950310559
Substrate_comp_Rapid_Method_Polypropylenechip_3c.mzML	IPALSHGDYEITINSLHDFGSSTSK3	897.76825	3	IPALSHGDYEITINSLHDFGSSTSK	IPALSHGDYEITINSLHDFGSSTSK	sp|P42702|LIFR_HUMAN	0.0015527950310559
Substrate_comp_Rapid_Method_Polypropylenechip_3c.mzML	AEAEALYQTK3	375.52182	3	AEAEALYQTK	AEAEALYQTK	sp|Q3SY84|K2C71_HUMAN	0.0015527950310559
Substrate_comp_Rapid_Method_Polypropylenechip_3c.mzML	TASPIILHENNVSR2	775.9073	2	TASPIILHENNVSR	TASPIILHENNVSR	sp|Q15648|MED1_HUMAN	0.0015527950310559
Substrate_comp_Rapid_Method_Polypropylenechip_3c.mzML	DLLIAYYDVDYEK2	810.3967	2	DLLIAYYDVDYEK	DLLIAYYDVDYEK	sp|P30101|PDIA3_HUMAN	0.003012048192771
Substrate_comp_Rapid_Method_Polypropylenechip_3c.mzML	LVVEC[57.02]VMNNVTC[57.02]TRIYEK3	743.7079	3	LVVEC[57.02]VMNNVTC[57.02]TRIYEK	LVVECVMNNVTCTRIYEK	sp|Q01469|FABP5_HUMAN	0.003012048192771
Substrate_comp_Rapid_Method_Polypropylenechip_3c.mzML	LRIEEEIR2	529.3033	2	LRIEEEIR	LRIEEEIR	sp|Q15149|PLEC_HUMAN	0.003012048192771
Substrate_comp_Rapid_Method_Polypropylenechip_3c.mzML	SREWDMEALR2	647.8161	2	SREWDMEALR	SREWDMEALR	sp|Q07065|CKAP4_HUMAN	0.003012048192771
Substrate_comp_Rapid_Method_Polypropylenechip_3c.mzML	DGRHPQGEQM[15.99]YR3	497.90274	3	DGRHPQGEQM[15.99]YR	DGRHPQGEQMYR	sp|Q15149|PLEC_HUMAN	0.003012048192771
Substrate_comp_Rapid_Method_Polypropylenechip_3c.mzML	QPVTVADYISR2	624.8275	2	QPVTVADYISR	QPVTVADYISR	sp|P51116|FXR2_HUMAN	0.003012048192771
Substrate_comp_Rapid_Method_Polypropylenechip_3c.mzML	VNYDTTESKLR2	663.34296	2	VNYDTTESKLR	VNYDTTESKLR	sp|P08621|RU17_HUMAN	0.003012048192771
Substrate_comp_Rapid_Method_Polypropylenechip_3c.mzML	LILTVAQR2	457.29456	2	LILTVAQR	LILTVAQR	sp|P29597|TYK2_HUMAN	0.003012048192771
Substrate_comp_Rapid_Method_Polypropylenechip_3c.mzML	RISEQFTAM[15.99]FRR3	519.94086	3	RISEQFTAM[15.99]FRR	RISEQFTAMFRR	sp|P68371|TBB4B_HUMAN	0.003012048192771
Substrate_comp_Rapid_Method_Polypropylenechip_3c.mzML	ASWTWGPEGQGAILLVNC[57.02]DR2	1116.038	2	ASWTWGPEGQGAILLVNC[57.02]DR	ASWTWGPEGQGAILLVNCDR	sp|Q9Y2J8|PADI2_HUMAN	0.003012048192771
Substrate_comp_Rapid_Method_Polypropylenechip_3c.mzML	RGGQALR2	379.22455	2	RGGQALR	RGGQALR	sp|Q8N0Y7|PGAM4_HUMAN	0.003012048192771
Substrate_comp_Rapid_Method_Polypropylenechip_3c.mzML	SQVM[15.99]DEATALQLR3	493.9244	3	SQVM[15.99]DEATALQLR	SQVMDEATALQLR	sp|Q15149|PLEC_HUMAN	0.0043988269794721
Substrate_comp_Rapid_Method_Polypropylenechip_3c.mzML	LHDINAQM[15.99]VEDQGFLDSLR3	740.0209	3	LHDINAQM[15.99]VEDQGFLDSLR	LHDINAQMVEDQGFLDSLR	sp|P63010|AP2B1_HUMAN	0.0043988269794721
Substrate_comp_Rapid_Method_Polypropylenechip_3c.mzML	LTEAFKYFLQGM[15.99]GYIPSASM[15.99]TR3	848.7594	3	LTEAFKYFLQGM[15.99]GYIPSASM[15.99]TR	LTEAFKYFLQGMGYIPSASMTR	sp|Q9UGV2|NDRG3_HUMAN	0.0043988269794721
Substrate_comp_Rapid_Method_Polypropylenechip_3c.mzML	IQALESR2	408.7322	2	IQALESR	IQALESR	sp|Q9BYX2|TBD2A_HUMAN	0.0043988269794721
Substrate_comp_Rapid_Method_Polypropylenechip_3c.mzML	YQLNLPPYPDTEC[57.02]VYR3	676.66473	3	YQLNLPPYPDTEC[57.02]VYR	YQLNLPPYPDTECVYR	sp|Q8NCW5|NNRE_HUMAN	0.0043988269794721
Substrate_comp_Rapid_Method_Polypropylenechip_3c.mzML	LSDQFHDILIR2	679.8681	2	LSDQFHDILIR	LSDQFHDILIR	sp|O75340|PDCD6_HUMAN	0.0043988269794721
Substrate_comp_Rapid_Method_Polypropylenechip_3c.mzML	HPQGEQM[15.99]YR3	388.1779	3	HPQGEQM[15.99]YR	HPQGEQMYR	sp|Q15149|PLEC_HUMAN	0.0043988269794721
Substrate_comp_Rapid_Method_Polypropylenechip_3c.mzML	ADLINNLGTIAKSGTK3	539.63416	3	ADLINNLGTIAKSGTK	ADLINNLGTIAKSGTK	sp|P07900|HS90A_HUMAN	0.0043988269794721
Substrate_comp_Rapid_Method_Polypropylenechip_3c.mzML	LTELLER2	437.75323	2	LTELLER	LTELLER	sp|P29597|TYK2_HUMAN	0.0043988269794721
Substrate_comp_Rapid_Method_Polypropylenechip_3c.mzML	LEQVRSLSAIYLEK3	550.97705	3	LEQVRSLSAIYLEK	LEQVRSLSAIYLEK	sp|Q15149|PLEC_HUMAN	0.0043988269794721
Substrate_comp_Rapid_Method_Polypropylenechip_3c.mzML	DLDKADSMIR3	388.86093	3	DLDKADSMIR	DLDKADSMIR	sp|Q15149|PLEC_HUMAN	0.0043988269794721
Substrate_comp_Rapid_Method_Polypropylenechip_3c.mzML	TAKGEKFVMQEEFSR3	596.9618	3	TAKGEKFVMQEEFSR	TAKGEKFVMQEEFSR	sp|P30101|PDIA3_HUMAN	0.0058055152394775
Substrate_comp_Rapid_Method_Polypropylenechip_3c.mzML	RDVQLIR2	450.27493	2	RDVQLIR	RDVQLIR	sp|Q15149|PLEC_HUMAN	0.0058055152394775
Substrate_comp_Rapid_Method_Polypropylenechip_3c.mzML	RIPPHVLVNWAVQIAR3	624.38153	3	RIPPHVLVNWAVQIAR	RIPPHVLVNWAVQIAR	sp|Q5TCX8|M3K21_HUMAN	0.0058055152394775
Substrate_comp_Rapid_Method_Polypropylenechip_3c.mzML	LTEAFKYFLQGMGYIPSASM[15.99]TRLAR3	956.8062	3	LTEAFKYFLQGMGYIPSASM[15.99]TRLAR	LTEAFKYFLQGMGYIPSASMTRLAR	sp|Q9UGV2|NDRG3_HUMAN	0.0058055152394775
Substrate_comp_Rapid_Method_Polypropylenechip_3c.mzML	EDGGFRHSEAFEALQQKSQGLDSR3	898.0979	3	EDGGFRHSEAFEALQQKSQGLDSR	EDGGFRHSEAFEALQQKSQGLDSR	sp|Q07065|CKAP4_HUMAN	0.0058055152394775
Substrate_comp_Rapid_Method_Polypropylenechip_3c.mzML	QIEELQQEAR2	622.8156	2	QIEELQQEAR	QIEELQQEAR	sp|Q08378|GOGA3_HUMAN	0.0071633237822349
Substrate_comp_Rapid_Method_Polypropylenechip_3c.mzML	VTTMDAELEFAIQPNTTGK4	517.2611	4	VTTMDAELEFAIQPNTTGK	VTTMDAELEFAIQPNTTGK	sp|P26038|MOES_HUMAN;sp|P35241|RADI_HUMAN	0.0071633237822349
Substrate_comp_Rapid_Method_Polypropylenechip_3c.mzML	VASLEESEGNK2	581.7831	2	VASLEESEGNK	VASLEESEGNK	sp|Q07065|CKAP4_HUMAN	0.0071633237822349
Substrate_comp_Rapid_Method_Polypropylenechip_3c.mzML	SKEQAELEAAR3	411.21616	3	SKEQAELEAAR	SKEQAELEAAR	sp|Q15149|PLEC_HUMAN	0.0071633237822349
Substrate_comp_Rapid_Method_Polypropylenechip_3c.mzML	M[15.99]DEEYDVIVLGTGLTEC[57.02]ILSGIM[15.99]SVNGK4	770.1161	4	M[15.99]DEEYDVIVLGTGLTEC[57.02]ILSGIM[15.99]SVNGK	MDEEYDVIVLGTGLTECILSGIMSVNGK	sp|P31150|GDIA_HUMAN	0.0071633237822349
Substrate_comp_Rapid_Method_Polypropylenechip_3c.mzML	n[42]MDEEYDVIVLGTGLTEC[57.02]ILSGIMSVNGK4	772.6356	4	n[42]MDEEYDVIVLGTGLTEC[57.02]ILSGIMSVNGK	MDEEYDVIVLGTGLTECILSGIMSVNGK	sp|P31150|GDIA_HUMAN	0.0071633237822349
Substrate_comp_Rapid_Method_Polypropylenechip_3c.mzML	RLQAEEK2	437.24246	2	RLQAEEK	RLQAEEK	sp|Q15149|PLEC_HUMAN	0.0085470085470085
Substrate_comp_Rapid_Method_Polypropylenechip_3c.mzML	SQPDM[15.99]AIMAVNTFVKDC[57.02]EDPNPLIR3	960.13416	3	SQPDM[15.99]AIMAVNTFVKDC[57.02]EDPNPLIR	SQPDMAIMAVNTFVKDCEDPNPLIR	sp|Q10567|AP1B1_HUMAN	0.0085470085470085
Substrate_comp_Rapid_Method_Polypropylenechip_3c.mzML	TREELKDTLESEMR3	579.94763	3	TREELKDTLESEMR	TREELKDTLESEMR	sp|O75165|DJC13_HUMAN	0.0085470085470085
Substrate_comp_Rapid_Method_Polypropylenechip_3c.mzML	EKVSIYEAMRR3	461.91296	3	EKVSIYEAMRR	EKVSIYEAMRR	sp|Q15149|PLEC_HUMAN	0.0098730606488011
Substrate_comp_Rapid_Method_Polypropylenechip_3c.mzML	YFLQGM[15.99]GYIPSASM[15.99]TRLAR3	732.0306	3	YFLQGM[15.99]GYIPSASM[15.99]TRLAR	YFLQGMGYIPSASMTRLAR	sp|Q9UGV2|NDRG3_HUMAN	0.0098730606488011
