protein_group,precursor_num,scan_num
sp|A0A140LIF8|IRGM2_MOUSE;sp|Q9DCE9|IRGM3_MOUSE,1,1
sp|A0JNU3|LPP60_MOUSE,4,4
sp|A1L317|K1C24_MOUSE,1,4
sp|A1L317|K1C24_MOUSE;sp|A6BLY7|K1C28_MOUSE;sp|B1AQ75|KRT36_MOUSE;sp|P02535|K1C10_MOUSE;sp|P05784|K1C18_MOUSE;sp|P08730|K1C13_MOUSE;sp|P19001|K1C19_MOUSE;sp|Q497I4|KRT35_MOUSE;sp|Q61414|K1C15_MOUSE;sp|Q61765|K1H1_MOUSE;sp|Q61781|K1C14_MOUSE;sp|Q61897|KT33B_MOUSE;sp|Q62168|K1H2_MOUSE;sp|Q6IFX2|K1C42_MOUSE;sp|Q6IFX3|K1C40_MOUSE;sp|Q9QWL7|K1C17_MOUSE;sp|Q9Z2K1|K1C16_MOUSE,1,3
sp|A2A432|CUL4B_MOUSE,1,1
sp|A2A432|CUL4B_MOUSE;sp|Q3TCH7|CUL4A_MOUSE,1,1
sp|A2A5R2|BIG2_MOUSE;sp|G3X9K3|BIG1_MOUSE,1,1
sp|A2A974|CP4CB_MOUSE,3,4
sp|A2A974|CP4CB_MOUSE;sp|O35728|CP4AE_MOUSE;sp|O88833|CP4AA_MOUSE;sp|Q91WL5|CP4CA_MOUSE,1,1
sp|A2A974|CP4CB_MOUSE;sp|O35728|CP4AE_MOUSE;sp|Q91WL5|CP4CA_MOUSE,2,3
sp|A2A974|CP4CB_MOUSE;sp|O88833|CP4AA_MOUSE;sp|Q91WL5|CP4CA_MOUSE,5,7
sp|A2A974|CP4CB_MOUSE;sp|Q91WL5|CP4CA_MOUSE,14,30
sp|A2ADY9|DDI2_MOUSE,8,9
sp|A2AIL4|NDUF6_MOUSE,1,1
sp|A2AJL3|FGGY_MOUSE,9,14
sp|A2AKK5|ACNT1_MOUSE,1,1
sp|A2AKK5|ACNT1_MOUSE;sp|Q8BGG9|ACNT2_MOUSE,1,1
sp|A2AKQ0|S35D1_MOUSE,1,6
sp|A2AQ07|TBB1_MOUSE;sp|P68372|TBB4B_MOUSE;sp|P99024|TBB5_MOUSE;sp|Q7TMM9|TBB2A_MOUSE;sp|Q922F4|TBB6_MOUSE;sp|Q9CWF2|TBB2B_MOUSE;sp|Q9D6F9|TBB4A_MOUSE;sp|Q9ERD7|TBB3_MOUSE,7,28
sp|A2AQ25|SKT_MOUSE,1,1
sp|A2AS89|GDAH_MOUSE,19,51
sp|A2ASZ8|SCMC2_MOUSE,2,2
sp|A2ATU0|DHTK1_MOUSE,36,80
sp|A2BDX3|MOCS3_MOUSE,4,8
sp|A2BIM8|MUP18_MOUSE;sp|B5X0G2|MUP17_MOUSE;sp|P02762|MUP6_MOUSE;sp|P04938|MUP11_MOUSE,4,5
sp|A2BIM8|MUP18_MOUSE;sp|B5X0G2|MUP17_MOUSE;sp|P02762|MUP6_MOUSE;sp|P04938|MUP11_MOUSE;sp|P11588|MUP1_MOUSE,2,46
sp|A2BIM8|MUP18_MOUSE;sp|B5X0G2|MUP17_MOUSE;sp|P02762|MUP6_MOUSE;sp|P04938|MUP11_MOUSE;sp|P11588|MUP1_MOUSE;sp|P11589|MUP2_MOUSE,23,137
sp|A2BIM8|MUP18_MOUSE;sp|B5X0G2|MUP17_MOUSE;sp|P02762|MUP6_MOUSE;sp|P04938|MUP11_MOUSE;sp|P11588|MUP1_MOUSE;sp|P11589|MUP2_MOUSE;sp|P11591|MUP5_MOUSE,2,5
sp|A2BIM8|MUP18_MOUSE;sp|B5X0G2|MUP17_MOUSE;sp|P02762|MUP6_MOUSE;sp|P04938|MUP11_MOUSE;sp|P11588|MUP1_MOUSE;sp|P11589|MUP2_MOUSE;sp|P11591|MUP5_MOUSE;sp|Q5FW60|MUP20_MOUSE,1,7
sp|A2BIM8|MUP18_MOUSE;sp|P02762|MUP6_MOUSE;sp|P04938|MUP11_MOUSE;sp|P11588|MUP1_MOUSE,5,11
sp|A2BIM8|MUP18_MOUSE;sp|P02762|MUP6_MOUSE;sp|P04938|MUP11_MOUSE;sp|P11588|MUP1_MOUSE;sp|P11589|MUP2_MOUSE,8,50
sp|A3KMP2|TTC38_MOUSE,9,10
sp|A4UUI3|GBP4_MOUSE;sp|Q8CGK3|LONM_MOUSE,1,1
sp|A6BLY7|K1C28_MOUSE,1,2
sp|A6H584|CO6A5_MOUSE,1,2
sp|A6H584|CO6A5_MOUSE;sp|Q8C6K9|CO6A6_MOUSE,1,1
sp|A6H611|MIPEP_MOUSE,2,2
sp|A6X935|ITIH4_MOUSE,4,4
sp|A7MCT6|EKI2_MOUSE,2,2
sp|B1AR13|CISD3_MOUSE,4,4
sp|B2RQC6|PYR1_MOUSE;sp|Q8C196|CPSM_MOUSE,3,22
sp|B2RSH2|GNAI1_MOUSE;sp|P08752|GNAI2_MOUSE;sp|P18872|GNAO_MOUSE;sp|Q9DC51|GNAI3_MOUSE,1,1
sp|B2RX12|MRP3_MOUSE,8,9
sp|B2RX12|MRP3_MOUSE;sp|E9Q236|MRP4_MOUSE;sp|O35379|MRP1_MOUSE,1,1
sp|B2RXS4|PLXB2_MOUSE,5,5
sp|B2RY56|RBM25_MOUSE,1,1
sp|B5X0E4|ABCB5_MOUSE;sp|P21440|MDR3_MOUSE,1,1
sp|B5X0G2|MUP17_MOUSE,4,23
sp|B9EJ86|OSBL8_MOUSE,3,3
sp|C0HKE1|H2A1B_MOUSE;sp|C0HKE2|H2A1C_MOUSE;sp|C0HKE3|H2A1D_MOUSE;sp|C0HKE4|H2A1E_MOUSE;sp|C0HKE5|H2A1G_MOUSE;sp|C0HKE6|H2A1I_MOUSE;sp|C0HKE7|H2A1N_MOUSE;sp|C0HKE8|H2A1O_MOUSE;sp|C0HKE9|H2A1P_MOUSE;sp|P0C0S6|H2AZ_MOUSE;sp|P27661|H2AX_MOUSE;sp|Q3THW5|H2AV_MOUSE;sp|Q64522|H2A2B_MOUSE;sp|Q64523|H2A2C_MOUSE;sp|Q6GSS7|H2A2A_MOUSE;sp|Q8BFU2|H2A3_MOUSE;sp|Q8CGP5|H2A1F_MOUSE;sp|Q8CGP6|H2A1H_MOUSE;sp|Q8CGP7|H2A1K_MOUSE;sp|Q8R1M2|H2AJ_MOUSE,1,4
sp|C0HKE1|H2A1B_MOUSE;sp|C0HKE2|H2A1C_MOUSE;sp|C0HKE3|H2A1D_MOUSE;sp|C0HKE4|H2A1E_MOUSE;sp|C0HKE5|H2A1G_MOUSE;sp|C0HKE6|H2A1I_MOUSE;sp|C0HKE7|H2A1N_MOUSE;sp|C0HKE8|H2A1O_MOUSE;sp|C0HKE9|H2A1P_MOUSE;sp|P0C0S6|H2AZ_MOUSE;sp|P27661|H2AX_MOUSE;sp|Q3THW5|H2AV_MOUSE;sp|Q64523|H2A2C_MOUSE;sp|Q6GSS7|H2A2A_MOUSE;sp|Q8BFU2|H2A3_MOUSE;sp|Q8CGP5|H2A1F_MOUSE;sp|Q8CGP6|H2A1H_MOUSE;sp|Q8CGP7|H2A1K_MOUSE;sp|Q8R1M2|H2AJ_MOUSE,1,6
sp|C0HKE1|H2A1B_MOUSE;sp|C0HKE2|H2A1C_MOUSE;sp|C0HKE3|H2A1D_MOUSE;sp|C0HKE4|H2A1E_MOUSE;sp|C0HKE5|H2A1G_MOUSE;sp|C0HKE6|H2A1I_MOUSE;sp|C0HKE7|H2A1N_MOUSE;sp|C0HKE8|H2A1O_MOUSE;sp|C0HKE9|H2A1P_MOUSE;sp|P27661|H2AX_MOUSE;sp|Q64522|H2A2B_MOUSE;sp|Q64523|H2A2C_MOUSE;sp|Q6GSS7|H2A2A_MOUSE;sp|Q8BFU2|H2A3_MOUSE;sp|Q8CGP5|H2A1F_MOUSE;sp|Q8CGP6|H2A1H_MOUSE;sp|Q8CGP7|H2A1K_MOUSE;sp|Q8R1M2|H2AJ_MOUSE,1,1
sp|C0HKE1|H2A1B_MOUSE;sp|C0HKE2|H2A1C_MOUSE;sp|C0HKE3|H2A1D_MOUSE;sp|C0HKE4|H2A1E_MOUSE;sp|C0HKE5|H2A1G_MOUSE;sp|C0HKE6|H2A1I_MOUSE;sp|C0HKE7|H2A1N_MOUSE;sp|C0HKE8|H2A1O_MOUSE;sp|C0HKE9|H2A1P_MOUSE;sp|P27661|H2AX_MOUSE;sp|Q64523|H2A2C_MOUSE;sp|Q6GSS7|H2A2A_MOUSE;sp|Q8BFU2|H2A3_MOUSE;sp|Q8CGP5|H2A1F_MOUSE;sp|Q8CGP6|H2A1H_MOUSE;sp|Q8CGP7|H2A1K_MOUSE;sp|Q8R1M2|H2AJ_MOUSE,3,14
sp|C0HKE1|H2A1B_MOUSE;sp|C0HKE2|H2A1C_MOUSE;sp|C0HKE3|H2A1D_MOUSE;sp|C0HKE4|H2A1E_MOUSE;sp|C0HKE5|H2A1G_MOUSE;sp|C0HKE6|H2A1I_MOUSE;sp|C0HKE7|H2A1N_MOUSE;sp|C0HKE8|H2A1O_MOUSE;sp|C0HKE9|H2A1P_MOUSE;sp|Q64523|H2A2C_MOUSE;sp|Q6GSS7|H2A2A_MOUSE;sp|Q8BFU2|H2A3_MOUSE;sp|Q8CGP5|H2A1F_MOUSE;sp|Q8CGP6|H2A1H_MOUSE;sp|Q8CGP7|H2A1K_MOUSE;sp|Q8R1M2|H2AJ_MOUSE,2,22
sp|C0HKE1|H2A1B_MOUSE;sp|C0HKE2|H2A1C_MOUSE;sp|C0HKE3|H2A1D_MOUSE;sp|C0HKE4|H2A1E_MOUSE;sp|C0HKE5|H2A1G_MOUSE;sp|C0HKE6|H2A1I_MOUSE;sp|C0HKE7|H2A1N_MOUSE;sp|C0HKE8|H2A1O_MOUSE;sp|C0HKE9|H2A1P_MOUSE;sp|Q8BFU2|H2A3_MOUSE;sp|Q8CGP5|H2A1F_MOUSE;sp|Q8CGP6|H2A1H_MOUSE;sp|Q8CGP7|H2A1K_MOUSE;sp|Q8R1M2|H2AJ_MOUSE,6,16
sp|C0HKG5|RNT2A_MOUSE;sp|C0HKG6|RNT2B_MOUSE,4,5
sp|D0QMC3|MNDAL_MOUSE;sp|P0DOV2|IFI4_MOUSE,1,1
sp|D3YXK2|SAFB1_MOUSE;sp|Q80YR5|SAFB2_MOUSE,2,2
sp|E0CYC6|NAT8B_MOUSE;sp|Q8CHQ9|NT8F2_MOUSE;sp|Q9JIY7|NAT8_MOUSE;sp|Q9JIZ0|CMLO1_MOUSE,1,3
sp|E0CYC6|NAT8B_MOUSE;sp|Q9JIZ0|CMLO1_MOUSE,1,1
sp|E9PV24|FIBA_MOUSE,15,28
sp|E9PVA8|GCN1_MOUSE,16,17
sp|E9PWZ3|RL3L_MOUSE;sp|P27659|RL3_MOUSE,4,6
sp|E9Q0S6|TENS1_MOUSE,1,1
sp|E9Q0S6|TENS1_MOUSE;sp|Q5SSZ5|TENS3_MOUSE;sp|Q8CGB6|TENS2_MOUSE,1,1
sp|E9Q394|AKP13_MOUSE,1,1
sp|E9Q3C1|C2CD2_MOUSE,1,1
sp|E9Q414|APOB_MOUSE,31,35
sp|E9Q4Z2|ACACB_MOUSE,2,2
sp|E9Q4Z2|ACACB_MOUSE;sp|Q5SWU9|ACACA_MOUSE,2,2
sp|E9Q557|DESP_MOUSE,3,3
sp|E9Q5K4|CP2CN_MOUSE,12,15
sp|E9Q735|UBE4A_MOUSE,3,3
sp|E9Q7G0|NUMA1_MOUSE,1,1
sp|E9QAM5|HELZ2_MOUSE,3,3
sp|E9QAT4|SC16A_MOUSE,3,3
sp|F6ZDS4|TPR_MOUSE,11,12
sp|F8VPU2|FARP1_MOUSE,1,1
sp|G3X8U3|QNG1_MOUSE,4,4
sp|G3X982|AOXC_MOUSE,67,163
sp|G3X982|AOXC_MOUSE;sp|O54754|AOXA_MOUSE,1,2
sp|G3X982|AOXC_MOUSE;sp|Q00519|XDH_MOUSE;sp|Q3TYQ9|AOXD_MOUSE,1,1
sp|G5E829|AT2B1_MOUSE;sp|Q9R0K7|AT2B2_MOUSE,1,1
sp|G5E870|TRIPC_MOUSE,1,1
sp|G5E8K5|ANK3_MOUSE,1,1
sp|G5E8V9|ARFP1_MOUSE,1,1
sp|O08529|CAN2_MOUSE,1,1
sp|O08539|BIN1_MOUSE,1,1
sp|O08547|SC22B_MOUSE,10,13
sp|O08553|DPYL2_MOUSE,6,7
sp|O08573|LEG9_MOUSE,11,16
sp|O08583|THOC4_MOUSE,4,4
sp|O08583|THOC4_MOUSE;sp|Q9JJW6|ALRF2_MOUSE,2,2
sp|O08585|CLCA_MOUSE,4,5
sp|O08600|NUCG_MOUSE,7,11
sp|O08601|MTP_MOUSE,48,84
sp|O08638|MYH11_MOUSE;sp|Q61879|MYH10_MOUSE;sp|Q6URW6|MYH14_MOUSE;sp|Q8VDD5|MYH9_MOUSE,3,3
sp|O08638|MYH11_MOUSE;sp|Q6URW6|MYH14_MOUSE;sp|Q8VDD5|MYH9_MOUSE,3,6
sp|O08663|MAP2_MOUSE,3,3
sp|O08677|KNG1_MOUSE,7,10
sp|O08705|NTCP_MOUSE,1,5
sp|O08709|PRDX6_MOUSE,37,136
sp|O08715|AKAP1_MOUSE,2,2
sp|O08749|DLDH_MOUSE,34,96
sp|O08756|HCD2_MOUSE,25,61
sp|O08788|DCTN1_MOUSE,3,3
sp|O08795|GLU2B_MOUSE,11,13
sp|O08807|PRDX4_MOUSE,13,20
sp|O08807|PRDX4_MOUSE;sp|P35700|PRDX1_MOUSE,1,5
sp|O08810|U5S1_MOUSE;sp|P58252|EF2_MOUSE,1,3
sp|O08914|FAAH1_MOUSE,12,18
sp|O08917|FLOT1_MOUSE,1,1
sp|O08966|S22A1_MOUSE,2,3
sp|O08966|S22A1_MOUSE;sp|O70577|S22A2_MOUSE,1,2
sp|O08997|ATOX1_MOUSE,8,9
sp|O09012|PEX5_MOUSE,2,3
sp|O09043|NAPSA_MOUSE,1,1
sp|O09044|SNP23_MOUSE,3,3
sp|O09061|PSB1_MOUSE,15,21
sp|O09106|HDAC1_MOUSE;sp|P70288|HDAC2_MOUSE,1,1
sp|O09111|NDUBB_MOUSE,1,3
sp|O09131|GSTO1_MOUSE,8,12
sp|O09131|GSTO1_MOUSE;sp|Q8K2Q2|GSTO2_MOUSE,2,3
sp|O09158|CP3AP_MOUSE,11,14
sp|O09159|MA2B1_MOUSE,5,6
sp|O09164|SODE_MOUSE,1,1
sp|O09167|RL21_MOUSE,10,28
sp|O09172|GSH0_MOUSE,8,12
sp|O09173|HGD_MOUSE,38,127
sp|O09174|AMACR_MOUSE,21,38
sp|O35071|KIF1C_MOUSE,2,2
sp|O35075|VP26C_MOUSE,1,1
sp|O35114|SCRB2_MOUSE,5,6
sp|O35129|PHB2_MOUSE,30,79
sp|O35166|GOSR2_MOUSE,4,6
sp|O35215|DOPD_MOUSE,16,77
sp|O35226|PSMD4_MOUSE,9,9
sp|O35286|DHX15_MOUSE,3,4
sp|O35295|PURB_MOUSE,5,5
sp|O35326|SRSF5_MOUSE,4,5
sp|O35326|SRSF5_MOUSE;sp|Q3TWW8|SRSF6_MOUSE;sp|Q8VE97|SRSF4_MOUSE,1,2
sp|O35344|IMA4_MOUSE,2,3
sp|O35345|IMA7_MOUSE;sp|Q60960|IMA5_MOUSE,1,1
sp|O35350|CAN1_MOUSE,1,1
sp|O35381|AN32A_MOUSE,11,13
sp|O35381|AN32A_MOUSE;sp|Q64G17|AN32C_MOUSE,2,3
sp|O35386|PAHX_MOUSE,15,31
sp|O35423|AGT1_MOUSE,26,48
sp|O35453|HEPS_MOUSE,1,1
sp|O35459|ECH1_MOUSE,19,41
sp|O35465|FKBP8_MOUSE,5,6
sp|O35469|3BHS6_MOUSE;sp|P24815|3BHS1_MOUSE;sp|P26149|3BHS2_MOUSE;sp|P26150|3BHS3_MOUSE;sp|Q61694|3BHS5_MOUSE;sp|Q61767|3BHS4_MOUSE,1,2
sp|O35469|3BHS6_MOUSE;sp|P26149|3BHS2_MOUSE;sp|P26150|3BHS3_MOUSE,1,2
sp|O35469|3BHS6_MOUSE;sp|P26149|3BHS2_MOUSE;sp|P26150|3BHS3_MOUSE;sp|Q61767|3BHS4_MOUSE,1,1
sp|O35469|3BHS6_MOUSE;sp|P26150|3BHS3_MOUSE,1,4
sp|O35488|S27A2_MOUSE,44,78
sp|O35490|BHMT1_MOUSE,81,513
sp|O35490|BHMT1_MOUSE;sp|Q91WS4|BHMT2_MOUSE,10,74
sp|O35495|CDK14_MOUSE;sp|P11440|CDK1_MOUSE;sp|P30285|CDK4_MOUSE;sp|P49615|CDK5_MOUSE;sp|P97377|CDK2_MOUSE;sp|Q04735|CDK16_MOUSE;sp|Q04899|CDK18_MOUSE;sp|Q14AX6|CDK12_MOUSE;sp|Q3V3A1|CDK15_MOUSE;sp|Q64261|CDK6_MOUSE;sp|Q69ZA1|CDK13_MOUSE;sp|Q80YP0|CDK3_MOUSE;sp|Q8K0D0|CDK17_MOUSE;sp|Q99J95|CDK9_MOUSE,1,2
sp|O35593|PSDE_MOUSE,4,7
sp|O35604|NPC1_MOUSE,1,1
sp|O35609|SCAM3_MOUSE,3,4
sp|O35621|PMM1_MOUSE;sp|Q9Z2M7|PMM2_MOUSE,2,2
sp|O35643|AP1B1_MOUSE,14,21
sp|O35643|AP1B1_MOUSE;sp|Q9DBG3|AP2B1_MOUSE,11,12
sp|O35658|C1QBP_MOUSE,1,1
sp|O35660|GSTM6_MOUSE,4,5
sp|O35660|GSTM6_MOUSE;sp|P10649|GSTM1_MOUSE;sp|P15626|GSTM2_MOUSE;sp|P19639|GSTM3_MOUSE;sp|Q80W21|GSTM7_MOUSE,1,10
sp|O35678|MGLL_MOUSE,4,5
sp|O35680|RT12_MOUSE,1,1
sp|O35682|MYADM_MOUSE,1,1
sp|O35685|NUDC_MOUSE,5,7
sp|O35691|PININ_MOUSE,1,1
sp|O35728|CP4AE_MOUSE,16,26
sp|O35728|CP4AE_MOUSE;sp|O88833|CP4AA_MOUSE,2,2
sp|O35737|HNRH1_MOUSE,1,1
sp|O35737|HNRH1_MOUSE;sp|P70333|HNRH2_MOUSE,4,6
sp|O35737|HNRH1_MOUSE;sp|P70333|HNRH2_MOUSE;sp|Q9Z2X1|HNRPF_MOUSE,1,3
sp|O35737|HNRH1_MOUSE;sp|Q9Z2X1|HNRPF_MOUSE,2,3
sp|O35841|API5_MOUSE,4,6
sp|O35857|TIM44_MOUSE,11,12
sp|O35864|CSN5_MOUSE,2,2
sp|O35887|CALU_MOUSE,2,2
sp|O35943|FRDA_MOUSE,1,1
sp|O35945|AL1A7_MOUSE,19,21
sp|O35945|AL1A7_MOUSE;sp|P24549|AL1A1_MOUSE,19,131
sp|O35955|PSB10_MOUSE,1,1
sp|O35969|GAMT_MOUSE,6,6
sp|O35972|RM23_MOUSE,1,1
sp|O54734|OST48_MOUSE,14,36
sp|O54749|CP2J5_MOUSE,21,33
sp|O54754|AOXA_MOUSE,5,5
sp|O54879|HMGB3_MOUSE,1,1
sp|O54890|ITB3_MOUSE,1,1
sp|O54909|RDH16_MOUSE,7,7
sp|O54909|RDH16_MOUSE;sp|O88451|RDH7_MOUSE,3,3
sp|O54909|RDH16_MOUSE;sp|O88451|RDH7_MOUSE;sp|Q9R092|H17B6_MOUSE,5,7
sp|O54962|BAF_MOUSE,2,2
sp|O54983|CRYM_MOUSE,2,3
sp|O54984|GET3_MOUSE,3,3
sp|O54988|SLK_MOUSE,1,1
sp|O55003|BNIP3_MOUSE,1,1
sp|O55013|TPPC3_MOUSE,1,1
sp|O55022|PGRC1_MOUSE,11,32
sp|O55022|PGRC1_MOUSE;sp|Q80UU9|PGRC2_MOUSE,1,2
sp|O55023|IMPA1_MOUSE,4,4
sp|O55029|COPB2_MOUSE,13,16
sp|O55060|TPMT_MOUSE,19,23
sp|O55111|DSG2_MOUSE,2,2
sp|O55125|NIPS1_MOUSE,29,72
sp|O55131|SEPT7_MOUSE,8,10
sp|O55131|SEPT7_MOUSE;sp|Q8C650|SEP10_MOUSE;sp|Q9DA97|SEP14_MOUSE,1,4
sp|O55135|IF6_MOUSE,4,4
sp|O55137|ACOT1_MOUSE,2,2
sp|O55137|ACOT1_MOUSE;sp|Q32Q92|ACOT6_MOUSE;sp|Q6Q2Z6|ACOT5_MOUSE;sp|Q8BWN8|ACOT4_MOUSE;sp|Q9QYR7|ACOT3_MOUSE,5,7
sp|O55137|ACOT1_MOUSE;sp|Q32Q92|ACOT6_MOUSE;sp|Q6Q2Z6|ACOT5_MOUSE;sp|Q8BWN8|ACOT4_MOUSE;sp|Q9QYR7|ACOT3_MOUSE;sp|Q9QYR9|ACOT2_MOUSE,1,1
sp|O55137|ACOT1_MOUSE;sp|Q32Q92|ACOT6_MOUSE;sp|Q6Q2Z6|ACOT5_MOUSE;sp|Q9QYR7|ACOT3_MOUSE,1,1
sp|O55137|ACOT1_MOUSE;sp|Q32Q92|ACOT6_MOUSE;sp|Q8BWN8|ACOT4_MOUSE;sp|Q9QYR9|ACOT2_MOUSE,1,2
sp|O55137|ACOT1_MOUSE;sp|Q9QYR9|ACOT2_MOUSE,2,5
sp|O55142|RL35A_MOUSE,7,11
sp|O55143|AT2A2_MOUSE,13,23
sp|O55143|AT2A2_MOUSE;sp|Q64518|AT2A3_MOUSE,2,2
sp|O55143|AT2A2_MOUSE;sp|Q64518|AT2A3_MOUSE;sp|Q8R429|AT2A1_MOUSE,2,3
sp|O55143|AT2A2_MOUSE;sp|Q8R429|AT2A1_MOUSE,2,3
sp|O55201|SPT5H_MOUSE,1,1
sp|O55222|ILK_MOUSE,7,8
sp|O55234|PSB5_MOUSE,8,11
sp|O55242|SGMR1_MOUSE,2,4
sp|O70133|DHX9_MOUSE,14,18
sp|O70152|DPM1_MOUSE,2,2
sp|O70194|EIF3D_MOUSE,8,9
sp|O70250|PGAM2_MOUSE;sp|Q9DBJ1|PGAM1_MOUSE,3,8
sp|O70251|EF1B_MOUSE,7,15
sp|O70303|CIDEB_MOUSE,1,1
sp|O70305|ATX2_MOUSE,3,3
sp|O70310|NMT1_MOUSE,3,4
sp|O70310|NMT1_MOUSE;sp|O70311|NMT2_MOUSE,1,1
sp|O70325|GPX4_MOUSE,8,9
sp|O70362|PHLD_MOUSE,3,3
sp|O70370|CATS_MOUSE,1,1
sp|O70400|PDLI1_MOUSE,6,8
sp|O70404|VAMP8_MOUSE,3,4
sp|O70435|PSA3_MOUSE,10,14
sp|O70439|STX7_MOUSE,2,2
sp|O70456|1433S_MOUSE;sp|P61982|1433G_MOUSE;sp|P62259|1433E_MOUSE;sp|P63101|1433Z_MOUSE;sp|P68254|1433T_MOUSE;sp|P68510|1433F_MOUSE;sp|Q9CQV8|1433B_MOUSE,1,4
sp|O70475|UGDH_MOUSE,37,71
sp|O70492|SNX3_MOUSE,4,5
sp|O70493|SNX12_MOUSE,2,2
sp|O70503|DHB12_MOUSE,12,19
sp|O70570|PIGR_MOUSE,6,9
sp|O70572|NSMA_MOUSE,1,1
sp|O70589|CSKP_MOUSE,2,2
sp|O70591|PFD2_MOUSE,2,2
sp|O88329|MYO1A_MOUSE;sp|P46735|MYO1B_MOUSE,2,2
sp|O88342|WDR1_MOUSE,15,18
sp|O88428|PAPS2_MOUSE,19,31
sp|O88441|MTX2_MOUSE,2,5
sp|O88451|RDH7_MOUSE,17,46
sp|O88451|RDH7_MOUSE;sp|Q9R092|H17B6_MOUSE,7,15
sp|O88455|DHCR7_MOUSE,2,3
sp|O88456|CPNS1_MOUSE,3,3
sp|O88487|DC1I2_MOUSE,1,1
sp|O88531|PPT1_MOUSE,8,10
sp|O88532|ZFR_MOUSE,1,1
sp|O88533|DDC_MOUSE,11,13
sp|O88544|CSN4_MOUSE,10,13
sp|O88545|CSN6_MOUSE,1,1
sp|O88569|ROA2_MOUSE,23,73
sp|O88587|COMT_MOUSE,21,38
sp|O88643|PAK1_MOUSE;sp|Q61036|PAK3_MOUSE;sp|Q8CIN4|PAK2_MOUSE,1,2
sp|O88653|LTOR3_MOUSE,1,1
sp|O88668|CREG1_MOUSE,4,9
sp|O88685|PRS6A_MOUSE,8,10
sp|O88696|CLPP_MOUSE,5,7
sp|O88712|CTBP1_MOUSE,2,2
sp|O88736|DHB7_MOUSE,5,6
sp|O88738|BIRC6_MOUSE,2,2
sp|O88746|TOM1_MOUSE,2,2
sp|O88833|CP4AA_MOUSE,13,20
sp|O88844|IDHC_MOUSE,55,197
sp|O88844|IDHC_MOUSE;sp|P54071|IDHP_MOUSE,1,4
sp|O88851|RBBP9_MOUSE,4,4
sp|O88908|SOAT2_MOUSE,1,1
sp|O88952|LIN7C_MOUSE,1,2
sp|O88952|LIN7C_MOUSE;sp|Q8JZS0|LIN7A_MOUSE,3,4
sp|O88962|CP8B1_MOUSE,18,25
sp|O88967|YMEL1_MOUSE,1,1
sp|O88986|KBL_MOUSE,11,27
sp|O88990|ACTN3_MOUSE;sp|P57780|ACTN4_MOUSE;sp|Q7TPR4|ACTN1_MOUSE;sp|Q9JI91|ACTN2_MOUSE,4,5
sp|O89017|LGMN_MOUSE,4,6
sp|O89020|AFAM_MOUSE,3,3
sp|O89023|TPP1_MOUSE,6,11
sp|O89051|ITM2B_MOUSE,1,1
sp|O89053|COR1A_MOUSE,4,6
sp|O89079|COPE_MOUSE,2,2
sp|O89086|RBM3_MOUSE,2,2
sp|O89112|LANC1_MOUSE,1,1
sp|P00015|CYC2_MOUSE;sp|P62897|CYC_MOUSE,2,15
sp|P00184|CP1A1_MOUSE;sp|P00186|CP1A2_MOUSE,9,19
sp|P00186|CP1A2_MOUSE,41,75
sp|P00329|ADH1_MOUSE,51,204
sp|P00342|LDHC_MOUSE;sp|P06151|LDHA_MOUSE,1,5
sp|P00342|LDHC_MOUSE;sp|P06151|LDHA_MOUSE;sp|P16125|LDHB_MOUSE,2,9
sp|P00375|DYR_MOUSE,7,8
sp|P00405|COX2_MOUSE,10,57
sp|P00493|HPRT_MOUSE,1,1
sp|P00687|AMY1_MOUSE,1,1
sp|P00687|AMY1_MOUSE;sp|P00688|AM2A5_MOUSE,1,1
sp|P00920|CAH2_MOUSE,10,14
sp|P01027|CO3_MOUSE,33,42
sp|P01029|CO4B_MOUSE,5,6
sp|P01654|KV3A1_MOUSE;sp|P01655|KV3A2_MOUSE;sp|P01656|KV3A3_MOUSE;sp|P01657|KV3A5_MOUSE;sp|P01659|KV3A7_MOUSE;sp|P01660|KV3A8_MOUSE;sp|P01664|KV3AC_MOUSE;sp|P01665|KV3AD_MOUSE;sp|P01666|KV3AE_MOUSE;sp|P01667|KV3AF_MOUSE;sp|P01668|KV3AG_MOUSE;sp|P01669|KV3AH_MOUSE;sp|P01670|KV3AI_MOUSE;sp|P01671|KV3AJ_MOUSE;sp|P01672|KV3AK_MOUSE;sp|P01673|KV3AL_MOUSE;sp|P03977|KV3A4_MOUSE,1,1
sp|P01756|HVM12_MOUSE;sp|P01757|HVM13_MOUSE;sp|P06330|HVM51_MOUSE,1,2
sp|P01837|IGKC_MOUSE,5,15
sp|P01867|IGG2B_MOUSE,1,1
sp|P01868|IGHG1_MOUSE;sp|P01869|IGH1M_MOUSE,3,5
sp|P01872|IGHM_MOUSE,6,8
sp|P01878|IGHA_MOUSE,1,1
sp|P01887|B2MG_MOUSE,3,15
sp|P01895|HA1Y_MOUSE;sp|P01896|HA1Z_MOUSE;sp|P01897|HA1L_MOUSE;sp|P01898|HA10_MOUSE;sp|P01899|HA11_MOUSE;sp|P01900|HA12_MOUSE;sp|P01901|HA1B_MOUSE;sp|P03991|HA1W_MOUSE;sp|P04223|HA1K_MOUSE;sp|P14426|HA13_MOUSE;sp|P14428|HA1Q_MOUSE;sp|P14429|HA17_MOUSE;sp|P14430|HA18_MOUSE,1,1
sp|P01896|HA1Z_MOUSE;sp|P01897|HA1L_MOUSE;sp|P01899|HA11_MOUSE,2,2
sp|P01897|HA1L_MOUSE;sp|P01899|HA11_MOUSE,1,2
sp|P01899|HA11_MOUSE;sp|P01900|HA12_MOUSE;sp|P01901|HA1B_MOUSE;sp|P03991|HA1W_MOUSE;sp|P04223|HA1K_MOUSE;sp|P14428|HA1Q_MOUSE,1,1
sp|P01901|HA1B_MOUSE,2,3
sp|P01901|HA1B_MOUSE;sp|P01902|HA1D_MOUSE,1,3
sp|P01901|HA1B_MOUSE;sp|P03991|HA1W_MOUSE;sp|P04223|HA1K_MOUSE;sp|P14428|HA1Q_MOUSE,1,1
sp|P01902|HA1D_MOUSE,4,4
sp|P01942|HBA_MOUSE,39,211
sp|P01942|HBA_MOUSE;sp|P06467|HBAZ_MOUSE,1,7
sp|P02088|HBB1_MOUSE,30,252
sp|P02088|HBB1_MOUSE;sp|P02089|HBB2_MOUSE,19,70
sp|P02088|HBB1_MOUSE;sp|P02089|HBB2_MOUSE;sp|P02104|HBE_MOUSE,2,22
sp|P02089|HBB2_MOUSE,26,92
sp|P02301|H3C_MOUSE;sp|P68433|H31_MOUSE;sp|P84228|H32_MOUSE;sp|P84244|H33_MOUSE,10,23
sp|P02301|H3C_MOUSE;sp|P84244|H33_MOUSE,6,16
sp|P02463|CO4A1_MOUSE,1,2
sp|P02535|K1C10_MOUSE,1,1
sp|P02535|K1C10_MOUSE;sp|Q61414|K1C15_MOUSE;sp|Q61781|K1C14_MOUSE;sp|Q8VCW2|K1C25_MOUSE;sp|Q9Z2K1|K1C16_MOUSE;sp|Q9Z320|K1C27_MOUSE,1,2
sp|P03888|NU1M_MOUSE,1,1
sp|P03899|NU3M_MOUSE,1,2
sp|P03911|NU4M_MOUSE,1,3
sp|P03921|NU5M_MOUSE,5,10
sp|P03930|ATP8_MOUSE,1,4
sp|P03958|ADA_MOUSE,1,1
sp|P03987|IGHG3_MOUSE,3,3
sp|P04104|K2C1_MOUSE,5,5
sp|P04104|K2C1_MOUSE;sp|P07744|K2C4_MOUSE;sp|P11679|K2C8_MOUSE;sp|P50446|K2C6A_MOUSE;sp|Q3TTY5|K22E_MOUSE;sp|Q3UV17|K22O_MOUSE;sp|Q6IFZ6|K2C1B_MOUSE;sp|Q6IFZ9|K2C74_MOUSE;sp|Q6IME9|K2C72_MOUSE;sp|Q6NXH9|K2C73_MOUSE;sp|Q8BGZ7|K2C75_MOUSE;sp|Q8VED5|K2C79_MOUSE;sp|Q922U2|K2C5_MOUSE;sp|Q99M73|KRT84_MOUSE;sp|Q9DCV7|K2C7_MOUSE;sp|Q9R0H5|K2C71_MOUSE;sp|Q9Z331|K2C6B_MOUSE,1,1
sp|P04104|K2C1_MOUSE;sp|Q6IFZ6|K2C1B_MOUSE;sp|Q6IFZ9|K2C74_MOUSE;sp|Q6NXH9|K2C73_MOUSE;sp|Q9R0H5|K2C71_MOUSE,1,3
sp|P04117|FABP4_MOUSE,2,2
sp|P04186|CFAB_MOUSE,3,3
sp|P04919|B3AT_MOUSE,6,6
sp|P04939|MUP3_MOUSE,2,4
sp|P04939|MUP3_MOUSE;sp|Q5FW60|MUP20_MOUSE,3,4
sp|P05017|IGF1_MOUSE,1,1
sp|P05063|ALDOC_MOUSE,5,5
sp|P05064|ALDOA_MOUSE,16,23
sp|P05132|KAPCA_MOUSE,1,1
sp|P05132|KAPCA_MOUSE;sp|P68181|KAPCB_MOUSE,2,3
sp|P05201|AATC_MOUSE,29,46
sp|P05202|AATM_MOUSE,66,222
sp|P05213|TBA1B_MOUSE;sp|P05214|TBA3_MOUSE;sp|P68368|TBA4A_MOUSE;sp|P68369|TBA1A_MOUSE,1,7
sp|P05213|TBA1B_MOUSE;sp|P05214|TBA3_MOUSE;sp|P68368|TBA4A_MOUSE;sp|P68369|TBA1A_MOUSE;sp|P68373|TBA1C_MOUSE,2,17
sp|P05213|TBA1B_MOUSE;sp|P05214|TBA3_MOUSE;sp|P68368|TBA4A_MOUSE;sp|P68369|TBA1A_MOUSE;sp|P68373|TBA1C_MOUSE;sp|Q3UX10|TBAL3_MOUSE;sp|Q9JJZ2|TBA8_MOUSE,3,6
sp|P05213|TBA1B_MOUSE;sp|P05214|TBA3_MOUSE;sp|P68368|TBA4A_MOUSE;sp|P68369|TBA1A_MOUSE;sp|P68373|TBA1C_MOUSE;sp|Q9JJZ2|TBA8_MOUSE,13,42
sp|P05213|TBA1B_MOUSE;sp|P05214|TBA3_MOUSE;sp|P68369|TBA1A_MOUSE;sp|P68373|TBA1C_MOUSE,3,9
sp|P05213|TBA1B_MOUSE;sp|P68368|TBA4A_MOUSE,1,2
sp|P05213|TBA1B_MOUSE;sp|P68368|TBA4A_MOUSE;sp|P68369|TBA1A_MOUSE;sp|P68373|TBA1C_MOUSE;sp|Q3UX10|TBAL3_MOUSE,1,4
sp|P05213|TBA1B_MOUSE;sp|P68368|TBA4A_MOUSE;sp|P68373|TBA1C_MOUSE;sp|Q9JJZ2|TBA8_MOUSE,2,4
sp|P05213|TBA1B_MOUSE;sp|P68369|TBA1A_MOUSE;sp|P68373|TBA1C_MOUSE,5,12
sp|P05214|TBA3_MOUSE;sp|P68369|TBA1A_MOUSE;sp|P68373|TBA1C_MOUSE;sp|Q9JJZ2|TBA8_MOUSE,2,4
sp|P05784|K1C18_MOUSE,55,181
sp|P05784|K1C18_MOUSE;sp|P19001|K1C19_MOUSE,1,4
sp|P06151|LDHA_MOUSE,36,75
sp|P06151|LDHA_MOUSE;sp|P16125|LDHB_MOUSE,2,4
sp|P06537|GCR_MOUSE,2,2
sp|P06683|CO9_MOUSE,1,1
sp|P06684|CO5_MOUSE,1,1
sp|P06728|APOA4_MOUSE,5,6
sp|P06745|G6PI_MOUSE,26,66
sp|P06795|MDR1B_MOUSE;sp|P21440|MDR3_MOUSE;sp|P21447|MDR1A_MOUSE,2,2
sp|P06797|CATL1_MOUSE,3,3
sp|P06801|MAOX_MOUSE,45,106
sp|P06802|ENPP1_MOUSE,1,1
sp|P06909|CFAH_MOUSE,3,3
sp|P07309|TTHY_MOUSE,16,25
sp|P07356|ANXA2_MOUSE,14,24
sp|P07724|ALBU_MOUSE,114,414
sp|P07758|A1AT1_MOUSE;sp|P22599|A1AT2_MOUSE;sp|Q00896|A1AT3_MOUSE;sp|Q00897|A1AT4_MOUSE,7,27
sp|P07758|A1AT1_MOUSE;sp|P22599|A1AT2_MOUSE;sp|Q00896|A1AT3_MOUSE;sp|Q00897|A1AT4_MOUSE;sp|Q00898|A1AT5_MOUSE,12,23
sp|P07758|A1AT1_MOUSE;sp|P22599|A1AT2_MOUSE;sp|Q00896|A1AT3_MOUSE;sp|Q00898|A1AT5_MOUSE,1,2
sp|P07758|A1AT1_MOUSE;sp|Q00896|A1AT3_MOUSE,6,8
sp|P07758|A1AT1_MOUSE;sp|Q00896|A1AT3_MOUSE;sp|Q00897|A1AT4_MOUSE,4,9
sp|P07759|SPA3K_MOUSE,10,26
sp|P07759|SPA3K_MOUSE;sp|P29621|SPA3C_MOUSE;sp|Q03734|SPA3M_MOUSE;sp|Q5I2A0|SPA3G_MOUSE;sp|Q80X76|SPA3F_MOUSE;sp|Q91WP6|SPA3N_MOUSE,2,7
sp|P07759|SPA3K_MOUSE;sp|P29621|SPA3C_MOUSE;sp|Q03734|SPA3M_MOUSE;sp|Q5I2A0|SPA3G_MOUSE;sp|Q91WP6|SPA3N_MOUSE,2,12
sp|P07759|SPA3K_MOUSE;sp|Q03734|SPA3M_MOUSE,6,17
sp|P07901|HS90A_MOUSE,27,51
sp|P07901|HS90A_MOUSE;sp|P11499|HS90B_MOUSE,19,35
sp|P08003|PDIA4_MOUSE,43,81
sp|P08030|APT_MOUSE,5,7
sp|P08101|FCGR2_MOUSE,2,4
sp|P08101|FCGR2_MOUSE;sp|P08508|FCGR3_MOUSE,1,1
sp|P08113|ENPL_MOUSE,58,149
sp|P08113|ENPL_MOUSE;sp|P11499|HS90B_MOUSE,3,8
sp|P08207|S10AA_MOUSE,2,3
sp|P08226|APOE_MOUSE,20,49
sp|P08228|SODC_MOUSE,31,103
sp|P08249|MDHM_MOUSE,41,142
sp|P08551|NFL_MOUSE;sp|P08553|NFM_MOUSE;sp|P19246|NFH_MOUSE;sp|P20152|VIME_MOUSE;sp|P31001|DESM_MOUSE;sp|P46660|AINX_MOUSE,1,1
sp|P08556|RASN_MOUSE;sp|P32883|RASK_MOUSE;sp|Q61411|RASH_MOUSE,1,1
sp|P08556|RASN_MOUSE;sp|Q61411|RASH_MOUSE,1,1
sp|P08607|C4BPA_MOUSE,2,2
sp|P08730|K1C13_MOUSE;sp|P19001|K1C19_MOUSE;sp|Q61414|K1C15_MOUSE;sp|Q9QWL7|K1C17_MOUSE,1,2
sp|P08752|GNAI2_MOUSE,2,2
sp|P09041|PGK2_MOUSE;sp|P09411|PGK1_MOUSE,5,13
sp|P09055|ITB1_MOUSE,12,15
sp|P09103|PDIA1_MOUSE,76,248
sp|P09405|NUCL_MOUSE,12,18
sp|P09411|PGK1_MOUSE,39,149
sp|P09528|FRIH_MOUSE,22,53
sp|P09671|SODM_MOUSE,21,39
sp|P09813|APOA2_MOUSE,4,13
sp|P09925|SURF1_MOUSE,3,3
sp|P0C0S6|H2AZ_MOUSE;sp|Q3THW5|H2AV_MOUSE,5,14
sp|P0CG49|UBB_MOUSE;sp|P0CG50|UBC_MOUSE;sp|P62983|RS27A_MOUSE;sp|P62984|RL40_MOUSE,17,138
sp|P0DN34|NDUB1_MOUSE,2,2
sp|P0DP26|CALM1_MOUSE;sp|P0DP27|CALM2_MOUSE;sp|P0DP28|CALM3_MOUSE,3,4
sp|P10107|ANXA1_MOUSE,2,2
sp|P10126|EF1A1_MOUSE,38,206
sp|P10126|EF1A1_MOUSE;sp|P62631|EF1A2_MOUSE,22,92
sp|P10518|HEM2_MOUSE,23,87
sp|P10605|CATB_MOUSE,17,46
sp|P10630|IF4A2_MOUSE,7,14
sp|P10630|IF4A2_MOUSE;sp|P60843|IF4A1_MOUSE,7,14
sp|P10630|IF4A2_MOUSE;sp|P60843|IF4A1_MOUSE;sp|Q91VC3|IF4A3_MOUSE,3,8
sp|P10639|THIO_MOUSE,8,31
sp|P10648|GSTA2_MOUSE;sp|P13745|GSTA1_MOUSE,5,9
sp|P10648|GSTA2_MOUSE;sp|P13745|GSTA1_MOUSE;sp|P30115|GSTA3_MOUSE,7,26
sp|P10649|GSTM1_MOUSE,23,170
sp|P10649|GSTM1_MOUSE;sp|P15626|GSTM2_MOUSE;sp|P19639|GSTM3_MOUSE,2,4
sp|P10649|GSTM1_MOUSE;sp|P15626|GSTM2_MOUSE;sp|P48774|GSTM5_MOUSE;sp|Q80W21|GSTM7_MOUSE;sp|Q8R5I6|GSTM4_MOUSE,1,9
sp|P10649|GSTM1_MOUSE;sp|P15626|GSTM2_MOUSE;sp|Q80W21|GSTM7_MOUSE;sp|Q8R5I6|GSTM4_MOUSE,9,41
sp|P10649|GSTM1_MOUSE;sp|P19639|GSTM3_MOUSE,9,28
sp|P10711|TCEA1_MOUSE,3,3
sp|P10853|H2B1F_MOUSE;sp|P10854|H2B1M_MOUSE;sp|P70696|H2B1A_MOUSE;sp|Q64475|H2B1B_MOUSE;sp|Q64478|H2B1H_MOUSE;sp|Q64524|H2B2E_MOUSE;sp|Q64525|H2B2B_MOUSE;sp|Q6ZWY9|H2B1C_MOUSE;sp|Q8CGP0|H2B3B_MOUSE;sp|Q8CGP1|H2B1K_MOUSE;sp|Q8CGP2|H2B1P_MOUSE;sp|Q9D2U9|H2B3A_MOUSE,3,19
sp|P10853|H2B1F_MOUSE;sp|P10854|H2B1M_MOUSE;sp|P70696|H2B1A_MOUSE;sp|Q64475|H2B1B_MOUSE;sp|Q64478|H2B1H_MOUSE;sp|Q64525|H2B2B_MOUSE;sp|Q6ZWY9|H2B1C_MOUSE;sp|Q8CGP0|H2B3B_MOUSE;sp|Q8CGP2|H2B1P_MOUSE;sp|Q9D2U9|H2B3A_MOUSE,1,1
sp|P10853|H2B1F_MOUSE;sp|P10854|H2B1M_MOUSE;sp|P70696|H2B1A_MOUSE;sp|Q64475|H2B1B_MOUSE;sp|Q64478|H2B1H_MOUSE;sp|Q64525|H2B2B_MOUSE;sp|Q6ZWY9|H2B1C_MOUSE;sp|Q8CGP1|H2B1K_MOUSE;sp|Q8CGP2|H2B1P_MOUSE,7,8
sp|P10853|H2B1F_MOUSE;sp|P10854|H2B1M_MOUSE;sp|Q64475|H2B1B_MOUSE;sp|Q64478|H2B1H_MOUSE;sp|Q64524|H2B2E_MOUSE;sp|Q64525|H2B2B_MOUSE;sp|Q6ZWY9|H2B1C_MOUSE;sp|Q8CGP0|H2B3B_MOUSE;sp|Q8CGP1|H2B1K_MOUSE;sp|Q8CGP2|H2B1P_MOUSE;sp|Q9D2U9|H2B3A_MOUSE,2,70
sp|P10853|H2B1F_MOUSE;sp|P10854|H2B1M_MOUSE;sp|Q64475|H2B1B_MOUSE;sp|Q64478|H2B1H_MOUSE;sp|Q64525|H2B2B_MOUSE;sp|Q6ZWY9|H2B1C_MOUSE;sp|Q8CGP1|H2B1K_MOUSE;sp|Q8CGP2|H2B1P_MOUSE,7,13
sp|P10854|H2B1M_MOUSE;sp|Q64478|H2B1H_MOUSE;sp|Q64525|H2B2B_MOUSE;sp|Q6ZWY9|H2B1C_MOUSE,1,13
sp|P10922|H10_MOUSE,8,25
sp|P11087|CO1A1_MOUSE,2,2
sp|P11103|PARP1_MOUSE,1,1
sp|P11276|FINC_MOUSE,32,39
sp|P11352|GPX1_MOUSE,26,78
sp|P11438|LAMP1_MOUSE,3,3
sp|P11499|HS90B_MOUSE,38,101
sp|P11531|DMD_MOUSE,1,1
sp|P11588|MUP1_MOUSE,3,7
sp|P11589|MUP2_MOUSE,6,20
sp|P11590|MUP4_MOUSE,1,1
sp|P11591|MUP5_MOUSE,2,2
sp|P11609|CD1D1_MOUSE,1,1
sp|P11679|K2C8_MOUSE,58,192
sp|P11679|K2C8_MOUSE;sp|P50446|K2C6A_MOUSE;sp|Q3UV17|K22O_MOUSE;sp|Q8BGZ7|K2C75_MOUSE;sp|Q99M73|KRT84_MOUSE;sp|Q9Z331|K2C6B_MOUSE,1,5
sp|P11679|K2C8_MOUSE;sp|Q8BGZ7|K2C75_MOUSE;sp|Q922U2|K2C5_MOUSE,1,2
sp|P11688|ITA5_MOUSE,1,1
sp|P11714|CP2D9_MOUSE,28,77
sp|P11714|CP2D9_MOUSE;sp|P24456|CP2DA_MOUSE,3,23
sp|P11714|CP2D9_MOUSE;sp|P24456|CP2DA_MOUSE;sp|P24457|CP2DB_MOUSE,4,11
sp|P11714|CP2D9_MOUSE;sp|P24456|CP2DA_MOUSE;sp|P24457|CP2DB_MOUSE;sp|Q8CIM7|CP2DQ_MOUSE,2,5
sp|P11714|CP2D9_MOUSE;sp|P24457|CP2DB_MOUSE,3,6
sp|P11725|OTC_MOUSE,41,237
sp|P11862|GAS2_MOUSE,2,2
sp|P11881|ITPR1_MOUSE,1,1
sp|P11930|NUD19_MOUSE,4,4
sp|P11983|TCPA_MOUSE,20,30
sp|P12265|BGLR_MOUSE,7,8
sp|P12367|KAP2_MOUSE,2,3
sp|P12382|PFKAL_MOUSE,1,1
sp|P12710|FABPL_MOUSE,49,400
sp|P12787|COX5A_MOUSE,15,89
sp|P12791|CP2BA_MOUSE,1,1
sp|P12815|PDCD6_MOUSE,7,10
sp|P12970|RL7A_MOUSE,19,43
sp|P13011|SCD2_MOUSE;sp|P13516|ACOD1_MOUSE;sp|Q6T707|SCD4_MOUSE;sp|Q99PL7|SCD3_MOUSE,1,1
sp|P13020|GELS_MOUSE,1,1
sp|P13439|UMPS_MOUSE,5,7
sp|P13597|ICAM1_MOUSE,1,1
sp|P13707|GPDA_MOUSE,32,69
sp|P13745|GSTA1_MOUSE;sp|P24472|GSTA4_MOUSE;sp|P30115|GSTA3_MOUSE,2,2
sp|P14094|AT1B1_MOUSE,13,18
sp|P14106|C1QB_MOUSE,1,1
sp|P14115|RL27A_MOUSE,13,15
sp|P14131|RS16_MOUSE,15,36
sp|P14148|RL7_MOUSE,31,77
sp|P14152|MDHC_MOUSE,24,93
sp|P14206|RSSA_MOUSE,23,43
sp|P14211|CALR_MOUSE,28,71
sp|P14246|GTR2_MOUSE,7,10
sp|P14576|SRP54_MOUSE,4,4
sp|P14685|PSMD3_MOUSE,14,18
sp|P14733|LMNB1_MOUSE,16,20
sp|P14824|ANXA6_MOUSE,47,70
sp|P14869|RLA0_MOUSE,20,39
sp|P15105|GLNA_MOUSE,35,75
sp|P15116|CADH2_MOUSE,7,10
sp|P15208|INSR_MOUSE,1,1
sp|P15327|PMGE_MOUSE,3,3
sp|P15392|CP2A4_MOUSE;sp|P20852|CP2A5_MOUSE,12,16
sp|P15392|CP2A4_MOUSE;sp|P20852|CP2A5_MOUSE;sp|P56593|CP2AC_MOUSE,3,3
sp|P15532|NDKA_MOUSE,5,5
sp|P15532|NDKA_MOUSE;sp|Q01768|NDKB_MOUSE,8,32
sp|P15626|GSTM2_MOUSE,11,28
sp|P15626|GSTM2_MOUSE;sp|Q80W21|GSTM7_MOUSE,1,1
sp|P15864|H12_MOUSE;sp|P43274|H14_MOUSE;sp|P43275|H11_MOUSE;sp|P43277|H13_MOUSE,2,8
sp|P15864|H12_MOUSE;sp|P43274|H14_MOUSE;sp|P43276|H15_MOUSE;sp|P43277|H13_MOUSE,3,6
sp|P15864|H12_MOUSE;sp|P43274|H14_MOUSE;sp|P43277|H13_MOUSE;sp|Q07133|H1T_MOUSE,6,12
sp|P15864|H12_MOUSE;sp|P43277|H13_MOUSE,3,11
sp|P16015|CAH3_MOUSE,68,288
sp|P16045|LEG1_MOUSE,5,5
sp|P16125|LDHB_MOUSE,3,3
sp|P16301|LCAT_MOUSE,2,2
sp|P16330|CN37_MOUSE,2,2
sp|P16331|PH4H_MOUSE,52,120
sp|P16332|MUTA_MOUSE,30,41
sp|P16381|DDX3L_MOUSE;sp|Q501J6|DDX17_MOUSE;sp|Q61656|DDX5_MOUSE;sp|Q62095|DDX3Y_MOUSE;sp|Q62167|DDX3X_MOUSE,1,1
sp|P16381|DDX3L_MOUSE;sp|Q61496|DDX4_MOUSE;sp|Q62095|DDX3Y_MOUSE;sp|Q62167|DDX3X_MOUSE,1,2
sp|P16381|DDX3L_MOUSE;sp|Q62095|DDX3Y_MOUSE;sp|Q62167|DDX3X_MOUSE,15,21
sp|P16381|DDX3L_MOUSE;sp|Q62167|DDX3X_MOUSE,2,2
sp|P16406|AMPE_MOUSE,9,11
sp|P16460|ASSY_MOUSE,76,419
sp|P16546|SPTN1_MOUSE,79,105
sp|P16627|HS71L_MOUSE;sp|P17156|HSP72_MOUSE;sp|P17879|HS71B_MOUSE;sp|P20029|BIP_MOUSE;sp|P63017|HSP7C_MOUSE;sp|Q61696|HS71A_MOUSE,2,9
sp|P16627|HS71L_MOUSE;sp|P17156|HSP72_MOUSE;sp|P17879|HS71B_MOUSE;sp|P63017|HSP7C_MOUSE;sp|Q61696|HS71A_MOUSE,2,3
sp|P16627|HS71L_MOUSE;sp|P17156|HSP72_MOUSE;sp|P20029|BIP_MOUSE;sp|P63017|HSP7C_MOUSE,2,3
sp|P16627|HS71L_MOUSE;sp|P17879|HS71B_MOUSE;sp|Q61696|HS71A_MOUSE,2,2
sp|P16675|PPGB_MOUSE,9,12
sp|P16858|G3P_MOUSE,52,288
sp|P16858|G3P_MOUSE;sp|Q64467|G3PT_MOUSE,4,32
sp|P17047|LAMP2_MOUSE,11,15
sp|P17095|HMGA1_MOUSE,1,1
sp|P17156|HSP72_MOUSE,1,1
sp|P17156|HSP72_MOUSE;sp|P63017|HSP7C_MOUSE,10,36
sp|P17182|ENOA_MOUSE,56,183
sp|P17182|ENOA_MOUSE;sp|P17183|ENOG_MOUSE,2,5
sp|P17182|ENOA_MOUSE;sp|P17183|ENOG_MOUSE;sp|P21550|ENOB_MOUSE,6,26
sp|P17182|ENOA_MOUSE;sp|P21550|ENOB_MOUSE,2,19
sp|P17225|PTBP1_MOUSE,19,38
sp|P17225|PTBP1_MOUSE;sp|Q8BHD7|PTBP3_MOUSE,1,1
sp|P17426|AP2A1_MOUSE,4,4
sp|P17426|AP2A1_MOUSE;sp|P17427|AP2A2_MOUSE,6,9
sp|P17427|AP2A2_MOUSE,23,36
sp|P17439|GBA1_MOUSE,1,1
sp|P17563|SBP1_MOUSE,12,33
sp|P17563|SBP1_MOUSE;sp|Q63836|SBP2_MOUSE,51,201
sp|P17717|UDB17_MOUSE,32,120
sp|P17717|UDB17_MOUSE;sp|P70691|UD12_MOUSE;sp|Q62452|UD19_MOUSE;sp|Q63886|UD11_MOUSE;sp|Q64435|UD16_MOUSE;sp|Q6ZQM8|UD17_MOUSE,2,14
sp|P17717|UDB17_MOUSE;sp|Q6PDD0|UD2A2_MOUSE;sp|Q80X89|UD2A1_MOUSE;sp|Q8BWQ1|UD2A3_MOUSE,1,1
sp|P17742|PPIA_MOUSE,22,130
sp|P17751|TPIS_MOUSE,41,113
sp|P17879|HS71B_MOUSE;sp|P63017|HSP7C_MOUSE;sp|Q61696|HS71A_MOUSE,1,5
sp|P17879|HS71B_MOUSE;sp|Q61696|HS71A_MOUSE,6,6
sp|P18242|CATD_MOUSE,18,42
sp|P18572|BASI_MOUSE,4,5
sp|P18581|CTR2_MOUSE,2,2
sp|P18760|COF1_MOUSE,16,45
sp|P18760|COF1_MOUSE;sp|P45591|COF2_MOUSE,1,1
sp|P18760|COF1_MOUSE;sp|P45591|COF2_MOUSE;sp|Q9R0P5|DEST_MOUSE,2,3
sp|P18828|SDC1_MOUSE,1,1
sp|P19001|K1C19_MOUSE,1,1
sp|P19096|FAS_MOUSE,151,304
sp|P19157|GSTP1_MOUSE,14,113
sp|P19157|GSTP1_MOUSE;sp|P46425|GSTP2_MOUSE,22,206
sp|P19221|THRB_MOUSE,7,8
sp|P19253|RL13A_MOUSE,7,23
sp|P19324|SERPH_MOUSE,2,2
sp|P19536|COX5B_MOUSE,11,47
sp|P19639|GSTM3_MOUSE,8,14
sp|P19783|COX41_MOUSE,19,60
sp|P20029|BIP_MOUSE,71,233
sp|P20060|HEXB_MOUSE,2,2
sp|P20065|TYB4_MOUSE,3,3
sp|P20108|PRDX3_MOUSE,13,22
sp|P20152|VIME_MOUSE,18,21
sp|P20152|VIME_MOUSE;sp|P31001|DESM_MOUSE,1,1
sp|P20852|CP2A5_MOUSE,6,9
sp|P20852|CP2A5_MOUSE;sp|P56593|CP2AC_MOUSE,2,4
sp|P20918|PLMN_MOUSE,14,20
sp|P21107|TPM3_MOUSE,11,20
sp|P21107|TPM3_MOUSE;sp|P58771|TPM1_MOUSE;sp|P58774|TPM2_MOUSE,5,10
sp|P21126|UBL4A_MOUSE,1,1
sp|P21278|GNA11_MOUSE;sp|P21279|GNAQ_MOUSE;sp|P30677|GNA14_MOUSE,1,1
sp|P21278|GNA11_MOUSE;sp|P30677|GNA14_MOUSE,1,1
sp|P21440|MDR3_MOUSE,4,4
sp|P21550|ENOB_MOUSE,2,3
sp|P21614|VTDB_MOUSE,21,34
sp|P21619|LMNB2_MOUSE,8,9
sp|P21981|TGM2_MOUSE,23,41
sp|P22315|HEMH_MOUSE,17,35
sp|P22599|A1AT2_MOUSE,4,6
sp|P22599|A1AT2_MOUSE;sp|Q00897|A1AT4_MOUSE,3,4
sp|P22892|AP1G1_MOUSE,2,3
sp|P22907|HEM3_MOUSE,3,5
sp|P23116|EIF3A_MOUSE,18,20
sp|P23249|MOV10_MOUSE,2,3
sp|P23492|PNPH_MOUSE,15,24
sp|P23589|CAH5A_MOUSE,6,7
sp|P23591|FCL_MOUSE,3,4
sp|P23953|EST1C_MOUSE,8,12
sp|P23953|EST1C_MOUSE;sp|Q64176|EST1E_MOUSE;sp|Q8VCC2|EST1_MOUSE;sp|Q8VCT4|EST1D_MOUSE;sp|Q91WU0|EST1F_MOUSE,1,3
sp|P23953|EST1C_MOUSE;sp|Q8VCC2|EST1_MOUSE;sp|Q8VCT4|EST1D_MOUSE,1,3
sp|P23953|EST1C_MOUSE;sp|Q8VCT4|EST1D_MOUSE,2,5
sp|P24270|CATA_MOUSE,85,396
sp|P24369|PPIB_MOUSE,26,52
sp|P24456|CP2DA_MOUSE,21,67
sp|P24456|CP2DA_MOUSE;sp|P24457|CP2DB_MOUSE,2,4
sp|P24456|CP2DA_MOUSE;sp|P24457|CP2DB_MOUSE;sp|Q8CIM7|CP2DQ_MOUSE,3,32
sp|P24457|CP2DB_MOUSE,2,2
sp|P24472|GSTA4_MOUSE,12,32
sp|P24527|LKHA4_MOUSE,7,7
sp|P24547|IMDH2_MOUSE,1,1
sp|P24549|AL1A1_MOUSE,46,165
sp|P24668|MPRD_MOUSE,4,6
sp|P24721|ASGR2_MOUSE,2,3
sp|P25444|RS2_MOUSE,16,29
sp|P25688|URIC_MOUSE,64,228
sp|P25911|LYN_MOUSE,1,1
sp|P26039|TLN1_MOUSE,52,73
sp|P26039|TLN1_MOUSE;sp|Q71LX4|TLN2_MOUSE,6,7
sp|P26040|EZRI_MOUSE;sp|P26041|MOES_MOUSE;sp|P26043|RADI_MOUSE,9,16
sp|P26041|MOES_MOUSE,19,21
sp|P26041|MOES_MOUSE;sp|P26043|RADI_MOUSE,1,3
sp|P26043|RADI_MOUSE,23,37
sp|P26149|3BHS2_MOUSE;sp|P26150|3BHS3_MOUSE,1,1
sp|P26150|3BHS3_MOUSE,6,6
sp|P26231|CTNA1_MOUSE,20,23
sp|P26231|CTNA1_MOUSE;sp|Q61301|CTNA2_MOUSE,1,1
sp|P26369|U2AF2_MOUSE,5,10
sp|P26443|DHE3_MOUSE,84,442
sp|P26450|P85A_MOUSE,1,1
sp|P26516|PSMD7_MOUSE,6,8
sp|P26638|SYSC_MOUSE,6,7
sp|P26883|FKB1A_MOUSE,3,4
sp|P27005|S10A8_MOUSE,2,2
sp|P27046|MA2A1_MOUSE,11,11
sp|P27048|RSMB_MOUSE;sp|P63163|RSMN_MOUSE,4,7
sp|P27546|MAP4_MOUSE,5,6
sp|P27600|GNA12_MOUSE;sp|P27601|GNA13_MOUSE,1,2
sp|P27612|PLAP_MOUSE,4,4
sp|P27659|RL3_MOUSE,25,61
sp|P27661|H2AX_MOUSE,2,11
sp|P27661|H2AX_MOUSE;sp|Q64522|H2A2B_MOUSE,4,12
sp|P27773|PDIA3_MOUSE,62,139
sp|P27786|CP17A_MOUSE,4,4
sp|P28063|PSB8_MOUSE,3,3
sp|P28230|CXB1_MOUSE,2,3
sp|P28271|ACOHC_MOUSE,55,130
sp|P28271|ACOHC_MOUSE;sp|Q811J3|IREB2_MOUSE,1,2
sp|P28352|APEX1_MOUSE,9,11
sp|P28474|ADHX_MOUSE,33,124
sp|P28474|ADHX_MOUSE;sp|Q64437|ADH7_MOUSE,3,7
sp|P28650|PURA1_MOUSE,6,10
sp|P28651|CAH8_MOUSE,2,2
sp|P28654|PGS2_MOUSE,3,3
sp|P28656|NP1L1_MOUSE,2,3
sp|P28658|ATX10_MOUSE,2,2
sp|P28663|SNAB_MOUSE;sp|Q9DB05|SNAA_MOUSE,2,2
sp|P28665|MUG1_MOUSE,40,92
sp|P28665|MUG1_MOUSE;sp|P28666|MUG2_MOUSE,23,47
sp|P28666|MUG2_MOUSE,2,2
sp|P28667|MRP_MOUSE,1,2
sp|P28738|KIF5C_MOUSE;sp|P33175|KIF5A_MOUSE;sp|Q61768|KINH_MOUSE,1,1
sp|P28798|GRN_MOUSE,9,11
sp|P28843|DPP4_MOUSE,20,32
sp|P29341|PABP1_MOUSE,26,46
sp|P29351|PTN6_MOUSE,3,3
sp|P29387|GBB4_MOUSE;sp|P62880|GBB2_MOUSE,2,3
sp|P29391|FRIL1_MOUSE,16,65
sp|P29391|FRIL1_MOUSE;sp|P49945|FRIL2_MOUSE,9,30
sp|P29595|NEDD8_MOUSE,5,12
sp|P29699|FETUA_MOUSE,9,18
sp|P29758|OAT_MOUSE,44,94
sp|P29788|VTNC_MOUSE,7,9
sp|P30115|GSTA3_MOUSE,22,100
sp|P30416|FKBP4_MOUSE,15,25
sp|P30681|HMGB2_MOUSE,1,1
sp|P30681|HMGB2_MOUSE;sp|P63158|HMGB1_MOUSE,4,5
sp|P30999|CTND1_MOUSE,20,26
sp|P31001|DESM_MOUSE,3,3
sp|P31230|AIMP1_MOUSE,6,8
sp|P31254|UBA1Y_MOUSE;sp|Q02053|UBA1_MOUSE,6,10
sp|P31649|S6A13_MOUSE,1,1
sp|P31651|S6A12_MOUSE,1,1
sp|P31725|S10A9_MOUSE,1,2
sp|P31786|ACBP_MOUSE,18,77
sp|P31809|CEAM1_MOUSE,2,3
sp|P31938|MP2K1_MOUSE,1,1
sp|P31938|MP2K1_MOUSE;sp|Q63932|MP2K2_MOUSE,2,3
sp|P32020|SCP2_MOUSE,67,402
sp|P32067|LA_MOUSE,9,9
sp|P32233|DRG1_MOUSE,2,2
sp|P32261|ANT3_MOUSE,12,14
sp|P32507|NECT2_MOUSE,2,2
sp|P32921|SYWC_MOUSE,3,3
sp|P33267|CP2F2_MOUSE,54,185
sp|P33267|CP2F2_MOUSE;sp|Q64458|CP2CT_MOUSE,2,6
sp|P33622|APOC3_MOUSE,3,7
sp|P34022|RANG_MOUSE,5,6
sp|P34152|FAK1_MOUSE,1,3
sp|P34884|MIF_MOUSE,3,5
sp|P34914|HYES_MOUSE,79,327
sp|P34927|ASGR1_MOUSE,11,13
sp|P34928|APOC1_MOUSE,3,4
sp|P35123|UBP4_MOUSE,1,1
sp|P35278|RAB5C_MOUSE,2,4
sp|P35278|RAB5C_MOUSE;sp|P61021|RAB5B_MOUSE;sp|Q9CQD1|RAB5A_MOUSE,1,1
sp|P35279|RAB6A_MOUSE;sp|P61294|RAB6B_MOUSE;sp|Q8BHD0|RB39A_MOUSE,1,1
sp|P35282|RAB21_MOUSE,1,1
sp|P35293|RAB18_MOUSE,4,4
sp|P35486|ODPA_MOUSE,16,27
sp|P35492|HUTH_MOUSE,43,66
sp|P35505|FAAA_MOUSE,37,207
sp|P35550|FBRL_MOUSE,13,18
sp|P35550|FBRL_MOUSE;sp|Q80WS3|FBLL1_MOUSE,1,1
sp|P35564|CALX_MOUSE,18,34
sp|P35576|G6PC1_MOUSE,3,6
sp|P35585|AP1M1_MOUSE,1,1
sp|P35700|PRDX1_MOUSE,45,155
sp|P35762|CD81_MOUSE,2,2
sp|P35922|FMR1_MOUSE;sp|Q61584|FXR1_MOUSE;sp|Q9WVR4|FXR2_MOUSE,1,1
sp|P35951|LDLR_MOUSE,2,2
sp|P35979|RL12_MOUSE,14,26
sp|P35980|RL18_MOUSE,13,26
sp|P36536|SAR1A_MOUSE,2,4
sp|P36536|SAR1A_MOUSE;sp|Q9CQC9|SAR1B_MOUSE,1,4
sp|P36552|HEM6_MOUSE,13,19
sp|P36916|GNL1_MOUSE,1,1
sp|P36993|PPM1B_MOUSE,3,3
sp|P36993|PPM1B_MOUSE;sp|P49443|PPM1A_MOUSE,2,4
sp|P37040|NCPR_MOUSE,47,81
sp|P38060|HMGCL_MOUSE,25,76
sp|P38647|GRP75_MOUSE,56,163
sp|P39053|DYN1_MOUSE;sp|P39054|DYN2_MOUSE,3,3
sp|P39053|DYN1_MOUSE;sp|Q8BZ98|DYN3_MOUSE,1,1
sp|P39054|DYN2_MOUSE,3,3
sp|P39054|DYN2_MOUSE;sp|Q8BZ98|DYN3_MOUSE,1,1
sp|P39061|COIA1_MOUSE,3,3
sp|P39447|ZO1_MOUSE,8,9
sp|P40124|CAP1_MOUSE,15,27
sp|P40142|TKT_MOUSE,53,157
sp|P40237|CD82_MOUSE,1,1
sp|P40630|TFAM_MOUSE,4,6
sp|P40936|INMT_MOUSE,33,63
sp|P41105|RL28_MOUSE,5,7
sp|P41216|ACSL1_MOUSE,73,196
sp|P41216|ACSL1_MOUSE;sp|Q8JZR0|ACSL5_MOUSE,3,8
sp|P41241|CSK_MOUSE,1,1
sp|P41317|MBL2_MOUSE,2,2
sp|P42125|ECI1_MOUSE,19,60
sp|P42208|SEPT2_MOUSE,6,8
sp|P42225|STAT1_MOUSE,2,2
sp|P42227|STAT3_MOUSE,4,4
sp|P42230|STA5A_MOUSE;sp|P42232|STA5B_MOUSE,1,1
sp|P42567|EPS15_MOUSE,1,1
sp|P42669|PURA_MOUSE,4,7
sp|P42925|PXMP2_MOUSE,6,6
sp|P42932|TCPQ_MOUSE,16,20
sp|P43024|CX6A1_MOUSE,9,26
sp|P43142|GP182_MOUSE,1,1
sp|P43274|H14_MOUSE,4,11
sp|P43274|H14_MOUSE;sp|P43276|H15_MOUSE;sp|P43277|H13_MOUSE,2,2
sp|P43275|H11_MOUSE,3,3
sp|P43276|H15_MOUSE,3,4
sp|P43883|PLIN2_MOUSE,13,22
sp|P45376|ALDR_MOUSE,7,9
sp|P45377|ALD2_MOUSE,1,3
sp|P45591|COF2_MOUSE,7,9
sp|P45700|MA1A1_MOUSE,5,5
sp|P45878|FKBP2_MOUSE,7,8
sp|P45952|ACADM_MOUSE,37,68
sp|P46061|RAGP1_MOUSE,3,4
sp|P46414|CDN1B_MOUSE,1,1
sp|P46460|NSF_MOUSE,1,1
sp|P46467|VPS4B_MOUSE,2,2
sp|P46471|PRS7_MOUSE,12,16
sp|P46638|RB11B_MOUSE,1,1
sp|P46638|RB11B_MOUSE;sp|P62492|RB11A_MOUSE,7,10
sp|P46638|RB11B_MOUSE;sp|P62492|RB11A_MOUSE;sp|Q9WTL2|RAB25_MOUSE,1,1
sp|P46656|ADX_MOUSE,4,8
sp|P46664|PURA2_MOUSE,1,1
sp|P46735|MYO1B_MOUSE,15,17
sp|P46737|BRCC3_MOUSE,1,1
sp|P46935|NEDD4_MOUSE,3,3
sp|P46978|STT3A_MOUSE,9,10
sp|P46978|STT3A_MOUSE;sp|Q3TDQ1|STT3B_MOUSE,1,1
sp|P47199|QOR_MOUSE,22,38
sp|P47738|ALDH2_MOUSE,59,256
sp|P47739|AL3A1_MOUSE;sp|P47740|AL3A2_MOUSE,3,5
sp|P47740|AL3A2_MOUSE,33,71
sp|P47753|CAZA1_MOUSE,1,1
sp|P47753|CAZA1_MOUSE;sp|P47754|CAZA2_MOUSE,1,2
sp|P47754|CAZA2_MOUSE,6,9
sp|P47757|CAPZB_MOUSE,9,12
sp|P47758|SRPRB_MOUSE,5,5
sp|P47791|GSHR_MOUSE,16,17
sp|P47802|MTX1_MOUSE,6,6
sp|P47809|MP2K4_MOUSE,2,2
sp|P47856|GFPT1_MOUSE,3,3
sp|P47856|GFPT1_MOUSE;sp|Q9Z2Z9|GFPT2_MOUSE,1,1
sp|P47879|IBP4_MOUSE,2,2
sp|P47911|RL6_MOUSE,20,53
sp|P47915|RL29_MOUSE,1,2
sp|P47934|CACP_MOUSE,2,2
sp|P47941|CRKL_MOUSE,1,1
sp|P47955|RLA1_MOUSE,5,7
sp|P47962|RL5_MOUSE,22,40
sp|P47963|RL13_MOUSE,17,33
sp|P47964|RL36_MOUSE,7,13
sp|P48024|EIF1_MOUSE,2,2
sp|P48024|EIF1_MOUSE;sp|Q9CXU9|EIF1B_MOUSE,6,6
sp|P48036|ANXA5_MOUSE,25,40
sp|P48193|EPB41_MOUSE,6,8
sp|P48410|ABCD1_MOUSE,2,2
sp|P48437|PROX1_MOUSE,1,1
sp|P48453|PP2BB_MOUSE;sp|P63328|PP2BA_MOUSE,1,1
sp|P48678|LMNA_MOUSE,40,59
sp|P48722|HS74L_MOUSE;sp|Q61316|HSP74_MOUSE;sp|Q61699|HS105_MOUSE,2,4
sp|P48758|CBR1_MOUSE,22,35
sp|P48758|CBR1_MOUSE;sp|Q8K354|CBR3_MOUSE,1,1
sp|P48771|CX7A2_MOUSE,2,3
sp|P48774|GSTM5_MOUSE,1,1
sp|P48776|T23O_MOUSE,10,11
sp|P48962|ADT1_MOUSE;sp|P51881|ADT2_MOUSE,11,55
sp|P48962|ADT1_MOUSE;sp|P51881|ADT2_MOUSE;sp|Q3V132|ADT4_MOUSE,8,20
sp|P49182|HEP2_MOUSE,2,2
sp|P49312|ROA1_MOUSE,10,17
sp|P49429|HPPD_MOUSE,51,118
sp|P49443|PPM1A_MOUSE,2,2
sp|P49586|PCY1A_MOUSE;sp|Q811Q9|PCY1B_MOUSE,2,2
sp|P49722|PSA2_MOUSE,12,17
sp|P49935|CATH_MOUSE,5,17
sp|P49962|SRP09_MOUSE,1,1
sp|P50136|ODBA_MOUSE,25,76
sp|P50171|DHB8_MOUSE,13,20
sp|P50172|DHI1_MOUSE,25,70
sp|P50236|ST2A2_MOUSE;sp|P52843|ST2A1_MOUSE;sp|Q8BGL3|ST2A8_MOUSE,2,7
sp|P50247|SAHH_MOUSE,55,245
sp|P50285|FMO1_MOUSE,27,43
sp|P50295|ARY2_MOUSE,2,2
sp|P50396|GDIA_MOUSE,4,4
sp|P50396|GDIA_MOUSE;sp|Q61598|GDIB_MOUSE,11,15
sp|P50427|STS_MOUSE,2,2
sp|P50428|ARSA_MOUSE,1,1
sp|P50429|ARSB_MOUSE,2,2
sp|P50431|GLYC_MOUSE,29,60
sp|P50431|GLYC_MOUSE;sp|Q9CZN7|GLYM_MOUSE,1,6
sp|P50446|K2C6A_MOUSE;sp|Q8BGZ7|K2C75_MOUSE;sp|Q922U2|K2C5_MOUSE;sp|Q9Z331|K2C6B_MOUSE,1,2
sp|P50446|K2C6A_MOUSE;sp|Q8BGZ7|K2C75_MOUSE;sp|Q9Z331|K2C6B_MOUSE,1,1
sp|P50462|CSRP3_MOUSE,6,7
sp|P50516|VATA_MOUSE,10,12
sp|P50518|VATE1_MOUSE,1,1
sp|P50544|ACADV_MOUSE,48,84
sp|P50580|PA2G4_MOUSE,17,21
sp|P51125|ICAL_MOUSE,5,5
sp|P51150|RAB7A_MOUSE,7,12
sp|P51174|ACADL_MOUSE,33,97
sp|P51175|PPOX_MOUSE,1,1
sp|P51410|RL9_MOUSE,19,34
sp|P51658|DHB2_MOUSE,14,16
sp|P51660|DHB4_MOUSE,63,150
sp|P51855|GSHB_MOUSE,12,19
sp|P51859|HDGF_MOUSE,10,15
sp|P51863|VA0D1_MOUSE,4,4
sp|P51881|ADT2_MOUSE,21,66
sp|P51885|LUM_MOUSE,2,2
sp|P52196|THTR_MOUSE,23,73
sp|P52293|IMA1_MOUSE,1,1
sp|P52430|PON1_MOUSE,11,26
sp|P52479|UBP10_MOUSE,1,1
sp|P52480|KPYM_MOUSE,11,14
sp|P52480|KPYM_MOUSE;sp|P53657|KPYR_MOUSE,2,3
sp|P52503|NDUS6_MOUSE,10,19
sp|P52760|RIDA_MOUSE,26,92
sp|P52792|HXK4_MOUSE,11,15
sp|P52825|CPT2_MOUSE,40,74
sp|P52840|ST1A1_MOUSE,18,50
sp|P53026|RL10A_MOUSE,18,37
sp|P53395|ODB2_MOUSE,25,62
sp|P53657|KPYR_MOUSE,38,68
sp|P53702|CCHL_MOUSE,1,1
sp|P53811|PIPNB_MOUSE,4,4
sp|P53986|MOT1_MOUSE,2,3
sp|P53994|RAB2A_MOUSE,3,3
sp|P53994|RAB2A_MOUSE;sp|P59279|RAB2B_MOUSE,4,5
sp|P53996|CNBP_MOUSE,3,4
sp|P54071|IDHP_MOUSE,27,41
sp|P54116|STOM_MOUSE,3,5
sp|P54726|RD23A_MOUSE,2,3
sp|P54726|RD23A_MOUSE;sp|P54728|RD23B_MOUSE,1,1
sp|P54728|RD23B_MOUSE,6,11
sp|P54775|PRS6B_MOUSE,15,22
sp|P54822|PUR8_MOUSE,1,1
sp|P54823|DDX6_MOUSE,2,2
sp|P54869|HMCS2_MOUSE,63,309
sp|P54869|HMCS2_MOUSE;sp|Q8JZK9|HMCS1_MOUSE,3,15
sp|P55050|FABPI_MOUSE,7,15
sp|P55065|PLTP_MOUSE,1,1
sp|P55096|ABCD3_MOUSE,35,72
sp|P55258|RAB8A_MOUSE,4,7
sp|P55258|RAB8A_MOUSE;sp|P61027|RAB10_MOUSE;sp|P61028|RAB8B_MOUSE;sp|P62821|RAB1A_MOUSE;sp|Q8K386|RAB15_MOUSE;sp|Q9D1G1|RAB1B_MOUSE;sp|Q9DD03|RAB13_MOUSE,1,2
sp|P55264|ADK_MOUSE,40,84
sp|P55292|DSC2_MOUSE,1,1
sp|P55302|AMRP_MOUSE,5,6
sp|P55937|GOGA3_MOUSE,2,2
sp|P56135|ATPK_MOUSE,6,27
sp|P56212|ARP19_MOUSE,1,1
sp|P56213|ALR_MOUSE,5,6
sp|P56376|ACYP1_MOUSE,1,1
sp|P56379|ATP68_MOUSE,1,5
sp|P56382|ATP5E_MOUSE,3,6
sp|P56383|AT5G2_MOUSE;sp|P56384|AT5G3_MOUSE;sp|Q9CR84|AT5G1_MOUSE,1,11
sp|P56391|CX6B1_MOUSE,16,47
sp|P56395|CYB5_MOUSE,18,58
sp|P56399|UBP5_MOUSE,17,23
sp|P56480|ATPB_MOUSE,74,595
sp|P56528|CD38_MOUSE,1,1
sp|P56593|CP2AC_MOUSE,45,91
sp|P56654|CP237_MOUSE,11,16
sp|P56654|CP237_MOUSE;sp|Q6XVG2|CP254_MOUSE,2,5
sp|P56654|CP237_MOUSE;sp|Q6XVG2|CP254_MOUSE;sp|Q91X77|CY250_MOUSE,13,28
sp|P56654|CP237_MOUSE;sp|Q91X77|CY250_MOUSE,8,10
sp|P56655|CP238_MOUSE;sp|Q64458|CP2CT_MOUSE,1,7
sp|P56655|CP238_MOUSE;sp|Q6XVG2|CP254_MOUSE,1,2
sp|P56656|CP239_MOUSE,2,3
sp|P56656|CP239_MOUSE;sp|Q64458|CP2CT_MOUSE,9,14
sp|P56657|CP240_MOUSE,17,26
sp|P56812|PDCD5_MOUSE,4,4
sp|P56959|FUS_MOUSE,7,12
sp|P57722|PCBP3_MOUSE;sp|P60335|PCBP1_MOUSE;sp|Q61990|PCBP2_MOUSE,3,6
sp|P57722|PCBP3_MOUSE;sp|Q61990|PCBP2_MOUSE,1,3
sp|P57746|VATD_MOUSE,1,1
sp|P57759|ERP29_MOUSE,4,5
sp|P57776|EF1D_MOUSE,14,25
sp|P57780|ACTN4_MOUSE,43,63
sp|P57780|ACTN4_MOUSE;sp|Q7TPR4|ACTN1_MOUSE,13,31
sp|P57780|ACTN4_MOUSE;sp|Q7TPR4|ACTN1_MOUSE;sp|Q9JI91|ACTN2_MOUSE,1,1
sp|P57784|RU2A_MOUSE,2,3
sp|P58021|TM9S2_MOUSE,1,1
sp|P58044|IDI1_MOUSE,3,3
sp|P58059|RT21_MOUSE,1,1
sp|P58137|ACOT8_MOUSE,1,1
sp|P58252|EF2_MOUSE,69,231
sp|P58281|OPA1_MOUSE,12,12
sp|P58321|UCHL4_MOUSE;sp|Q9JKB1|UCHL3_MOUSE,1,1
sp|P58389|PTPA_MOUSE,1,2
sp|P58710|GGLO_MOUSE,30,58
sp|P58771|TPM1_MOUSE,2,3
sp|P58871|TB182_MOUSE,6,9
sp|P59017|B2L13_MOUSE,4,5
sp|P59108|CPNE2_MOUSE;sp|Q0VE82|CPNE7_MOUSE;sp|Q1RLL3|CPNE9_MOUSE;sp|Q8BLR2|CPNE4_MOUSE;sp|Q8BT60|CPNE3_MOUSE;sp|Q8JZW4|CPNE5_MOUSE;sp|Q9DC53|CPNE8_MOUSE;sp|Q9Z140|CPNE6_MOUSE,1,1
sp|P59242|CING_MOUSE,4,4
sp|P59325|IF5_MOUSE,8,12
sp|P59913|PCMD1_MOUSE,2,2
sp|P59999|ARPC4_MOUSE,6,11
sp|P60060|SC61G_MOUSE,1,1
sp|P60122|RUVB1_MOUSE,4,5
sp|P60229|EIF3E_MOUSE,5,6
sp|P60334|CDO1_MOUSE,1,2
sp|P60335|PCBP1_MOUSE,10,20
sp|P60670|NPL4_MOUSE,1,1
sp|P60710|ACTB_MOUSE;sp|P62737|ACTA_MOUSE;sp|P63260|ACTG_MOUSE;sp|P63268|ACTH_MOUSE;sp|P68033|ACTC_MOUSE;sp|P68134|ACTS_MOUSE,10,56
sp|P60710|ACTB_MOUSE;sp|P62737|ACTA_MOUSE;sp|P63260|ACTG_MOUSE;sp|P63268|ACTH_MOUSE;sp|P68033|ACTC_MOUSE;sp|P68134|ACTS_MOUSE;sp|Q8BFZ3|ACTBL_MOUSE,11,61
sp|P60710|ACTB_MOUSE;sp|P63260|ACTG_MOUSE,29,181
sp|P60710|ACTB_MOUSE;sp|P63260|ACTG_MOUSE;sp|P68033|ACTC_MOUSE;sp|P68134|ACTS_MOUSE,3,9
sp|P60710|ACTB_MOUSE;sp|P63260|ACTG_MOUSE;sp|Q8BFZ3|ACTBL_MOUSE,3,32
sp|P60764|RAC3_MOUSE;sp|P60766|CDC42_MOUSE;sp|P63001|RAC1_MOUSE;sp|P84096|RHOG_MOUSE;sp|Q05144|RAC2_MOUSE;sp|Q8R527|RHOQ_MOUSE;sp|Q9ER71|RHOJ_MOUSE,1,2
sp|P60764|RAC3_MOUSE;sp|P63001|RAC1_MOUSE,1,1
sp|P60764|RAC3_MOUSE;sp|P63001|RAC1_MOUSE;sp|Q05144|RAC2_MOUSE,2,2
sp|P60766|CDC42_MOUSE,7,18
sp|P60843|IF4A1_MOUSE,10,30
sp|P60867|RS20_MOUSE,9,21
sp|P61021|RAB5B_MOUSE,1,1
sp|P61022|CHP1_MOUSE,5,7
sp|P61027|RAB10_MOUSE,4,4
sp|P61079|UB2D3_MOUSE,1,2
sp|P61079|UB2D3_MOUSE;sp|P61080|UB2D1_MOUSE;sp|P62838|UB2D2_MOUSE,2,2
sp|P61082|UBC12_MOUSE,1,2
sp|P61087|UBE2K_MOUSE,2,2
sp|P61089|UBE2N_MOUSE,5,5
sp|P61089|UBE2N_MOUSE;sp|Q9CQ37|UBE2T_MOUSE,1,1
sp|P61148|FGF1_MOUSE,1,1
sp|P61161|ARP2_MOUSE,10,14
sp|P61164|ACTZ_MOUSE;sp|Q8R5C5|ACTY_MOUSE,3,4
sp|P61202|CSN2_MOUSE,3,3
sp|P61205|ARF3_MOUSE;sp|P61750|ARF4_MOUSE;sp|P84078|ARF1_MOUSE;sp|P84084|ARF5_MOUSE;sp|Q8BSL7|ARF2_MOUSE,6,9
sp|P61205|ARF3_MOUSE;sp|P84078|ARF1_MOUSE,2,7
sp|P61205|ARF3_MOUSE;sp|P84078|ARF1_MOUSE;sp|P84084|ARF5_MOUSE,1,1
sp|P61205|ARF3_MOUSE;sp|P84078|ARF1_MOUSE;sp|Q8BSL7|ARF2_MOUSE,2,4
sp|P61211|ARL1_MOUSE,3,3
sp|P61222|ABCE1_MOUSE,17,24
sp|P61226|RAP2B_MOUSE;sp|Q80ZJ1|RAP2A_MOUSE;sp|Q8BU31|RAP2C_MOUSE,1,1
sp|P61255|RL26_MOUSE,11,24
sp|P61358|RL27_MOUSE,15,33
sp|P61458|PHS_MOUSE,15,30
sp|P61514|RL37A_MOUSE,3,3
sp|P61620|S61A1_MOUSE,6,9
sp|P61620|S61A1_MOUSE;sp|Q9JLR1|S61A2_MOUSE,3,8
sp|P61750|ARF4_MOUSE,3,6
sp|P61759|PFD3_MOUSE,1,1
sp|P61804|DAD1_MOUSE,1,2
sp|P61922|GABT_MOUSE,44,108
sp|P61924|COPZ1_MOUSE,5,8
sp|P61957|SUMO2_MOUSE,2,3
sp|P61957|SUMO2_MOUSE;sp|Q9Z172|SUMO3_MOUSE,1,2
sp|P61961|UFM1_MOUSE,3,5
sp|P61971|NTF2_MOUSE,2,3
sp|P61979|HNRPK_MOUSE,28,64
sp|P61982|1433G_MOUSE,7,18
sp|P61982|1433G_MOUSE;sp|P63101|1433Z_MOUSE;sp|P68510|1433F_MOUSE;sp|Q9CQV8|1433B_MOUSE,1,1
sp|P61982|1433G_MOUSE;sp|Q9CQV8|1433B_MOUSE,2,8
sp|P62071|RRAS2_MOUSE,1,1
sp|P62075|TIM13_MOUSE,4,5
sp|P62077|TIM8B_MOUSE,1,1
sp|P62082|RS7_MOUSE,30,62
sp|P62137|PP1A_MOUSE,1,1
sp|P62137|PP1A_MOUSE;sp|P62141|PP1B_MOUSE;sp|P63087|PP1G_MOUSE,3,4
sp|P62141|PP1B_MOUSE,2,2
sp|P62192|PRS4_MOUSE,6,13
sp|P62196|PRS8_MOUSE,6,8
sp|P62242|RS8_MOUSE,21,35
sp|P62245|RS15A_MOUSE,12,26
sp|P62259|1433E_MOUSE,16,40
sp|P62264|RS14_MOUSE,13,23
sp|P62267|RS23_MOUSE,3,9
sp|P62270|RS18_MOUSE,12,31
sp|P62274|RS29_MOUSE,2,7
sp|P62281|RS11_MOUSE,13,21
sp|P62301|RS13_MOUSE,22,44
sp|P62305|RUXE_MOUSE,1,2
sp|P62307|RUXF_MOUSE,1,1
sp|P62315|SMD1_MOUSE,2,2
sp|P62317|SMD2_MOUSE,3,5
sp|P62320|SMD3_MOUSE,3,4
sp|P62331|ARF6_MOUSE,5,5
sp|P62334|PRS10_MOUSE,11,15
sp|P62627|DLRB1_MOUSE,1,1
sp|P62702|RS4X_MOUSE,28,46
sp|P62715|PP2AB_MOUSE;sp|P63330|PP2AA_MOUSE,2,3
sp|P62717|RL18A_MOUSE,14,17
sp|P62737|ACTA_MOUSE;sp|P63268|ACTH_MOUSE;sp|P68033|ACTC_MOUSE;sp|P68134|ACTS_MOUSE,4,29
sp|P62743|AP2S1_MOUSE,1,2
sp|P62751|RL23A_MOUSE,14,34
sp|P62754|RS6_MOUSE,19,37
sp|P62774|MTPN_MOUSE,7,9
sp|P62806|H4_MOUSE,29,134
sp|P62814|VATB2_MOUSE,4,4
sp|P62814|VATB2_MOUSE;sp|Q91YH6|VATB1_MOUSE,1,1
sp|P62821|RAB1A_MOUSE,5,10
sp|P62821|RAB1A_MOUSE;sp|Q9D1G1|RAB1B_MOUSE,3,3
sp|P62827|RAN_MOUSE,12,21
sp|P62827|RAN_MOUSE;sp|Q61820|RANT_MOUSE,4,6
sp|P62830|RL23_MOUSE,8,17
sp|P62835|RAP1A_MOUSE,1,1
sp|P62835|RAP1A_MOUSE;sp|Q99JI6|RAP1B_MOUSE,7,11
sp|P62843|RS15_MOUSE,6,37
sp|P62849|RS24_MOUSE,5,13
sp|P62852|RS25_MOUSE,8,19
sp|P62855|RS26_MOUSE,6,30
sp|P62858|RS28_MOUSE,10,22
sp|P62862|RS30_MOUSE,4,9
sp|P62869|ELOB_MOUSE,5,6
sp|P62874|GBB1_MOUSE,3,3
sp|P62880|GBB2_MOUSE,4,4
sp|P62889|RL30_MOUSE,8,16
sp|P62892|RL39_MOUSE,3,4
sp|P62897|CYC_MOUSE,16,36
sp|P62900|RL31_MOUSE,4,6
sp|P62908|RS3_MOUSE,32,71
sp|P62911|RL32_MOUSE,6,8
sp|P62918|RL8_MOUSE,17,35
sp|P62960|YBOX1_MOUSE,3,6
sp|P62960|YBOX1_MOUSE;sp|Q9JKB3|YBOX3_MOUSE,4,4
sp|P62960|YBOX1_MOUSE;sp|Q9JKB3|YBOX3_MOUSE;sp|Q9Z2C8|YBOX2_MOUSE,4,6
sp|P62962|PROF1_MOUSE,12,41
sp|P62983|RS27A_MOUSE,4,7
sp|P62996|TRA2B_MOUSE,2,3
sp|P63001|RAC1_MOUSE,3,3
sp|P63005|LIS1_MOUSE,4,4
sp|P63017|HSP7C_MOUSE,49,186
sp|P63028|TCTP_MOUSE,2,2
sp|P63030|MPC1_MOUSE,2,5
sp|P63037|DNJA1_MOUSE,13,14
sp|P63038|CH60_MOUSE,77,401
sp|P63073|IF4E_MOUSE,8,9
sp|P63085|MK01_MOUSE;sp|Q63844|MK03_MOUSE,1,1
sp|P63094|GNAS2_MOUSE;sp|Q6R0H7|GNAS1_MOUSE,4,4
sp|P63101|1433Z_MOUSE,15,34
sp|P63158|HMGB1_MOUSE,19,29
sp|P63168|DYL1_MOUSE,2,2
sp|P63168|DYL1_MOUSE;sp|Q9D0M5|DYL2_MOUSE,2,4
sp|P63242|IF5A1_MOUSE,7,10
sp|P63242|IF5A1_MOUSE;sp|Q8BGY2|IF5A2_MOUSE,9,31
sp|P63276|RS17_MOUSE,8,41
sp|P63280|UBC9_MOUSE,1,1
sp|P63323|RS12_MOUSE,16,30
sp|P63325|RS10_MOUSE,9,26
sp|P67778|PHB1_MOUSE,39,85
sp|P67984|RL22_MOUSE,11,35
sp|P67984|RL22_MOUSE;sp|Q9D7S7|RL22L_MOUSE,2,4
sp|P68033|ACTC_MOUSE;sp|P68134|ACTS_MOUSE,4,40
sp|P68037|UB2L3_MOUSE,8,13
sp|P68040|RACK1_MOUSE,22,39
sp|P68254|1433T_MOUSE,6,12
sp|P68368|TBA4A_MOUSE,10,18
sp|P68372|TBB4B_MOUSE,3,4
sp|P68372|TBB4B_MOUSE;sp|P99024|TBB5_MOUSE;sp|Q7TMM9|TBB2A_MOUSE;sp|Q922F4|TBB6_MOUSE;sp|Q9CWF2|TBB2B_MOUSE;sp|Q9D6F9|TBB4A_MOUSE;sp|Q9ERD7|TBB3_MOUSE,3,22
sp|P68372|TBB4B_MOUSE;sp|P99024|TBB5_MOUSE;sp|Q7TMM9|TBB2A_MOUSE;sp|Q922F4|TBB6_MOUSE;sp|Q9CWF2|TBB2B_MOUSE;sp|Q9ERD7|TBB3_MOUSE,6,9
sp|P68372|TBB4B_MOUSE;sp|P99024|TBB5_MOUSE;sp|Q7TMM9|TBB2A_MOUSE;sp|Q9CWF2|TBB2B_MOUSE,2,10
sp|P68372|TBB4B_MOUSE;sp|P99024|TBB5_MOUSE;sp|Q7TMM9|TBB2A_MOUSE;sp|Q9CWF2|TBB2B_MOUSE;sp|Q9D6F9|TBB4A_MOUSE,9,55
sp|P68372|TBB4B_MOUSE;sp|P99024|TBB5_MOUSE;sp|Q7TMM9|TBB2A_MOUSE;sp|Q9CWF2|TBB2B_MOUSE;sp|Q9D6F9|TBB4A_MOUSE;sp|Q9ERD7|TBB3_MOUSE,1,2
sp|P68372|TBB4B_MOUSE;sp|P99024|TBB5_MOUSE;sp|Q9D6F9|TBB4A_MOUSE,5,14
sp|P68372|TBB4B_MOUSE;sp|P99024|TBB5_MOUSE;sp|Q9D6F9|TBB4A_MOUSE;sp|Q9ERD7|TBB3_MOUSE,1,8
sp|P68372|TBB4B_MOUSE;sp|Q7TMM9|TBB2A_MOUSE;sp|Q9CWF2|TBB2B_MOUSE,2,4
sp|P68372|TBB4B_MOUSE;sp|Q922F4|TBB6_MOUSE;sp|Q9D6F9|TBB4A_MOUSE;sp|Q9ERD7|TBB3_MOUSE,2,23
sp|P68372|TBB4B_MOUSE;sp|Q9D6F9|TBB4A_MOUSE,7,19
sp|P68373|TBA1C_MOUSE,1,4
sp|P68510|1433F_MOUSE,8,9
sp|P70122|SBDS_MOUSE,2,2
sp|P70168|IMB1_MOUSE,12,16
sp|P70194|CLC4F_MOUSE,4,4
sp|P70195|PSB7_MOUSE,8,8
sp|P70245|EBP_MOUSE,2,3
sp|P70266|F261_MOUSE,2,3
sp|P70279|SURF6_MOUSE,1,1
sp|P70290|EM55_MOUSE,1,2
sp|P70296|PEBP1_MOUSE,24,88
sp|P70302|STIM1_MOUSE,2,2
sp|P70333|HNRH2_MOUSE,3,6
sp|P70349|HINT1_MOUSE,11,31
sp|P70362|UFD1_MOUSE,2,2
sp|P70372|ELAV1_MOUSE,7,9
sp|P70398|USP9X_MOUSE,4,4
sp|P70404|IDHG1_MOUSE,4,5
sp|P70424|ERBB2_MOUSE;sp|Q01279|EGFR_MOUSE;sp|Q61527|ERBB4_MOUSE,1,1
sp|P70441|NHRF1_MOUSE,25,36
sp|P70444|BID_MOUSE,1,2
sp|P70670|NACAM_MOUSE;sp|Q60817|NACA_MOUSE,5,5
sp|P70677|CASP3_MOUSE,2,2
sp|P70691|UD12_MOUSE;sp|Q62452|UD19_MOUSE;sp|Q63886|UD11_MOUSE;sp|Q64435|UD16_MOUSE;sp|Q6ZQM8|UD17_MOUSE,7,86
sp|P70694|DHB5_MOUSE,40,127
sp|P70694|DHB5_MOUSE;sp|Q8K023|AKC1H_MOUSE,1,2
sp|P70694|DHB5_MOUSE;sp|Q8K023|AKC1H_MOUSE;sp|Q91WR5|AK1CL_MOUSE,4,9
sp|P70694|DHB5_MOUSE;sp|Q91WR5|AK1CL_MOUSE,1,1
sp|P70697|DCUP_MOUSE,10,16
sp|P70699|LYAG_MOUSE,7,8
sp|P80313|TCPH_MOUSE,23,36
sp|P80314|TCPB_MOUSE,29,41
sp|P80315|TCPD_MOUSE,22,36
sp|P80316|TCPE_MOUSE,16,25
sp|P80317|TCPZ_MOUSE,19,30
sp|P80317|TCPZ_MOUSE;sp|Q61390|TCPW_MOUSE,3,3
sp|P80318|TCPG_MOUSE,19,23
sp|P83510|TNIK_MOUSE;sp|P97820|M4K4_MOUSE;sp|Q9JM52|MINK1_MOUSE,1,1
sp|P83870|PHF5A_MOUSE,1,1
sp|P83882|RL36A_MOUSE,1,1
sp|P83940|ELOC_MOUSE,2,3
sp|P84084|ARF5_MOUSE,2,2
sp|P84091|AP2M1_MOUSE,10,12
sp|P84096|RHOG_MOUSE,2,2
sp|P84099|RL19_MOUSE,8,16
sp|P84104|SRSF3_MOUSE,9,10
sp|P85094|ISC2A_MOUSE,17,35
sp|P86048|RL10L_MOUSE;sp|Q6ZWV3|RL10_MOUSE,12,22
sp|P86049|RBM46_MOUSE;sp|Q5YD48|A1CF_MOUSE;sp|Q91WT8|RBM47_MOUSE,1,1
sp|P97290|IC1_MOUSE,1,2
sp|P97298|PEDF_MOUSE,1,1
sp|P97314|CSRP2_MOUSE,1,2
sp|P97328|KHK_MOUSE,25,76
sp|P97351|RS3A_MOUSE,29,76
sp|P97352|S10AD_MOUSE,1,1
sp|P97364|SPS2_MOUSE,16,35
sp|P97366|EVI5_MOUSE,1,1
sp|P97370|AT1B3_MOUSE,3,5
sp|P97371|PSME1_MOUSE,12,21
sp|P97372|PSME2_MOUSE,9,15
sp|P97379|G3BP2_MOUSE,6,6
sp|P97384|ANX11_MOUSE,7,7
sp|P97390|VPS45_MOUSE,1,1
sp|P97429|ANXA4_MOUSE,16,24
sp|P97434|MPRIP_MOUSE,1,1
sp|P97449|AMPN_MOUSE,18,23
sp|P97450|ATP5J_MOUSE,11,24
sp|P97461|RS5_MOUSE,14,22
sp|P97478|COQ7_MOUSE,2,3
sp|P97493|THIOM_MOUSE,3,3
sp|P97494|GSH1_MOUSE,23,47
sp|P97496|SMRC1_MOUSE;sp|Q6PDG5|SMRC2_MOUSE,1,1
sp|P97742|CPT1A_MOUSE,20,24
sp|P97792|CXAR_MOUSE,1,1
sp|P97807|FUMH_MOUSE,36,129
sp|P97821|CATC_MOUSE,2,2
sp|P97823|LYPA1_MOUSE,15,29
sp|P97855|G3BP1_MOUSE,8,36
sp|P97863|NFIB_MOUSE,1,1
sp|P97864|CASP7_MOUSE,2,2
sp|P97868|RBBP6_MOUSE,1,1
sp|P97872|FMO5_MOUSE,36,109
sp|P99024|TBB5_MOUSE,3,8
sp|P99024|TBB5_MOUSE;sp|Q7TMM9|TBB2A_MOUSE;sp|Q9CWF2|TBB2B_MOUSE;sp|Q9ERD7|TBB3_MOUSE,6,21
sp|P99025|GFRP_MOUSE,4,6
sp|P99026|PSB4_MOUSE,9,13
sp|P99027|RLA2_MOUSE,18,36
sp|P99028|QCR6_MOUSE,4,12
sp|P99029|PRDX5_MOUSE,22,75
sp|Q00519|XDH_MOUSE,17,24
sp|Q00623|APOA1_MOUSE,26,48
sp|Q00724|RET4_MOUSE,7,9
sp|Q00896|A1AT3_MOUSE,1,2
sp|Q00897|A1AT4_MOUSE,7,16
sp|Q00898|A1AT5_MOUSE,11,23
sp|Q00915|RET1_MOUSE,1,1
sp|Q00PI9|HNRL2_MOUSE,3,3
sp|Q01149|CO1A2_MOUSE,2,2
sp|Q01279|EGFR_MOUSE,20,25
sp|Q01339|APOH_MOUSE,13,18
sp|Q01405|SC23A_MOUSE,19,31
sp|Q01405|SC23A_MOUSE;sp|Q9D662|SC23B_MOUSE,2,2
sp|Q01730|RSU1_MOUSE,5,5
sp|Q01768|NDKB_MOUSE,14,28
sp|Q01853|TERA_MOUSE,63,145
sp|Q02013|AQP1_MOUSE,1,3
sp|Q02053|UBA1_MOUSE,32,57
sp|Q02248|CTNB1_MOUSE,13,14
sp|Q02257|PLAK_MOUSE,7,8
sp|Q02780|NFIA_MOUSE,1,1
sp|Q02788|CO6A2_MOUSE,6,9
sp|Q02819|NUCB1_MOUSE,10,15
sp|Q03160|GRB7_MOUSE,1,1
sp|Q03249|GALT_MOUSE,2,2
sp|Q03265|ATPA_MOUSE,70,348
sp|Q03958|PFD6_MOUSE,1,1
sp|Q04690|NF1_MOUSE,2,2
sp|Q04750|TOP1_MOUSE,1,1
sp|Q04857|CO6A1_MOUSE,6,6
sp|Q05117|PPA5_MOUSE,2,4
sp|Q05421|CP2E1_MOUSE,49,126
sp|Q05793|PGBM_MOUSE,15,17
sp|Q05816|FABP5_MOUSE,5,5
sp|Q05920|PYC_MOUSE,95,315
sp|Q05CL8|LARP7_MOUSE,2,2
sp|Q05D44|IF2P_MOUSE,4,4
sp|Q06138|CAB39_MOUSE,2,2
sp|Q06185|ATP5I_MOUSE,3,8
sp|Q06890|CLUS_MOUSE,8,10
sp|Q07076|ANXA7_MOUSE,10,13
sp|Q07417|ACADS_MOUSE,27,71
sp|Q07456|AMBP_MOUSE,5,5
sp|Q07797|LG3BP_MOUSE,2,2
sp|Q08093|CNN2_MOUSE,1,1
sp|Q08857|CD36_MOUSE,3,3
sp|Q08879|FBLN1_MOUSE,1,1
sp|Q09200|B4GN1_MOUSE,1,1
sp|Q0VBL3|RBM15_MOUSE,2,2
sp|Q0VE82|CPNE7_MOUSE,1,2
sp|Q0VGB7|PP4R2_MOUSE,1,1
sp|Q11011|PSA_MOUSE,6,6
sp|Q11136|PEPD_MOUSE,4,5
sp|Q149F3|ERF3B_MOUSE;sp|Q8R050|ERF3A_MOUSE,3,3
sp|Q14AI6|RUSD3_MOUSE,1,1
sp|Q14C51|PTCD3_MOUSE,1,1
sp|Q14CH1|MOCOS_MOUSE,1,1
sp|Q14DH7|ACSS3_MOUSE,1,1
sp|Q283N4|URAD_MOUSE,3,7
sp|Q2TPA8|HSDL2_MOUSE,12,18
sp|Q2VLH6|C163A_MOUSE,1,1
sp|Q31125|S39A7_MOUSE,2,3
sp|Q3B7Z2|OSBP1_MOUSE,1,1
sp|Q3KNM2|MARH5_MOUSE,1,1
sp|Q3T9X0|GTR9_MOUSE,1,1
sp|Q3TAS6|EMC10_MOUSE,1,1
sp|Q3TBW2|RM10_MOUSE,1,1
sp|Q3TC72|FAHD2_MOUSE,10,10
sp|Q3TC93|H1BP3_MOUSE,1,1
sp|Q3TCH7|CUL4A_MOUSE,1,1
sp|Q3TCJ1|ABRX2_MOUSE,1,1
sp|Q3TCN2|PLBL2_MOUSE,3,3
sp|Q3TDN2|FAF2_MOUSE,4,4
sp|Q3TEA8|HP1B3_MOUSE,2,3
sp|Q3THE2|ML12B_MOUSE,1,3
sp|Q3THE2|ML12B_MOUSE;sp|Q9CQ19|MYL9_MOUSE,1,1
sp|Q3THG9|AASD1_MOUSE,2,3
sp|Q3THK7|GUAA_MOUSE,8,10
sp|Q3THS6|METK2_MOUSE,2,2
sp|Q3THS6|METK2_MOUSE;sp|Q91X83|METK1_MOUSE,13,25
sp|Q3TIV5|ZC3HF_MOUSE,1,1
sp|Q3TL44|NLRX1_MOUSE,1,1
sp|Q3TLP5|ECHD2_MOUSE,14,29
sp|Q3TMH2|SCRN3_MOUSE,6,7
sp|Q3TNA1|XYLB_MOUSE,12,19
sp|Q3TTY5|K22E_MOUSE,2,2
sp|Q3TWW8|SRSF6_MOUSE,2,3
sp|Q3TXS7|PSMD1_MOUSE,13,24
sp|Q3U0V1|FUBP2_MOUSE,13,17
sp|Q3U1J4|DDB1_MOUSE,10,11
sp|Q3U214|MAST3_MOUSE,1,1
sp|Q3U276|SDHF1_MOUSE,1,1
sp|Q3U2P1|SC24A_MOUSE,13,19
sp|Q3U3R4|LMF1_MOUSE,5,8
sp|Q3U4G3|XXLT1_MOUSE,1,2
sp|Q3UBX0|TM109_MOUSE,1,1
sp|Q3UDE2|TTL12_MOUSE,1,1
sp|Q3UEG6|AGT2_MOUSE,27,56
sp|Q3UFF7|LYPL1_MOUSE,2,2
sp|Q3UGC7|EI3JA_MOUSE;sp|Q66JS6|EI3JB_MOUSE,3,4
sp|Q3UGR5|HDHD2_MOUSE,6,8
sp|Q3UHN9|NDST1_MOUSE,1,1
sp|Q3UHX2|HAP28_MOUSE,3,3
sp|Q3UIR3|DTX3L_MOUSE,1,1
sp|Q3UIU2|NDUB6_MOUSE,4,4
sp|Q3UJU9|RMD3_MOUSE,7,8
sp|Q3UKJ7|SMU1_MOUSE,2,2
sp|Q3ULD5|MCCB_MOUSE,37,55
sp|Q3ULJ0|GPD1L_MOUSE,3,3
sp|Q3ULW8|PARP3_MOUSE,3,3
sp|Q3UM45|PP1R7_MOUSE,4,4
sp|Q3UMC0|AFG2A_MOUSE;sp|Q9D3R6|KATL2_MOUSE,1,1
sp|Q3UMF0|COBL1_MOUSE,14,17
sp|Q3UMT1|PP12C_MOUSE,1,1
sp|Q3UNX5|ACSM3_MOUSE,7,7
sp|Q3UNZ8|QORL2_MOUSE,3,5
sp|Q3UP75|UD3A1_MOUSE;sp|Q8JZZ0|UD3A2_MOUSE,2,4
sp|Q3UPH1|PRRC1_MOUSE,3,3
sp|Q3UPL0|SC31A_MOUSE,26,33
sp|Q3UQ44|IQGA2_MOUSE,61,75
sp|Q3UQ44|IQGA2_MOUSE;sp|Q9JKF1|IQGA1_MOUSE,2,2
sp|Q3UQ84|SYTM_MOUSE,1,1
sp|Q3UQN2|FCHO2_MOUSE,2,2
sp|Q3URD3|SLMAP_MOUSE,1,1
sp|Q3URE1|ACSF3_MOUSE,7,7
sp|Q3URS9|MITOK_MOUSE,2,2
sp|Q3UTJ2|SRBS2_MOUSE,9,9
sp|Q3UTJ2|SRBS2_MOUSE;sp|Q62417|SRBS1_MOUSE,1,1
sp|Q3UUI3|THEM4_MOUSE,1,1
sp|Q3UZZ6|ST1D1_MOUSE,10,19
sp|Q3V0K9|PLSI_MOUSE;sp|Q99K51|PLST_MOUSE,3,5
sp|Q3V1H1|CKAP2_MOUSE,1,1
sp|Q3V3R1|C1TM_MOUSE;sp|Q922D8|C1TC_MOUSE,2,2
sp|Q3V3R4|ITA1_MOUSE,4,4
sp|Q3V4B5|COMD6_MOUSE,1,1
sp|Q4FZG7|TI8AB_MOUSE;sp|Q9WVA2|TIM8A_MOUSE,2,5
sp|Q4KML4|ABRAL_MOUSE,1,1
sp|Q4LDG0|S27A5_MOUSE,43,103
sp|Q4PZA2|ECE1_MOUSE,1,1
sp|Q4VAA2|CDV3_MOUSE,5,5
sp|Q501J6|DDX17_MOUSE,8,8
sp|Q501J6|DDX17_MOUSE;sp|Q61656|DDX5_MOUSE,6,6
sp|Q501J7|PHAR4_MOUSE,1,1
sp|Q505D7|OPA3_MOUSE,2,3
sp|Q505F5|LRC47_MOUSE,5,5
sp|Q569Z5|DDX46_MOUSE,2,2
sp|Q569Z6|TR150_MOUSE,2,2
sp|Q570Y9|DPTOR_MOUSE,1,1
sp|Q571E4|GALNS_MOUSE,1,1
sp|Q571F8|GLSL_MOUSE,16,21
sp|Q571I9|A16A1_MOUSE,15,19
sp|Q58A65|JIP4_MOUSE,2,2
sp|Q59J78|NDUF2_MOUSE,1,1
sp|Q5BL07|PEX1_MOUSE,6,6
sp|Q5EBG8|CA050_MOUSE,7,10
sp|Q5F285|TM256_MOUSE,2,5
sp|Q5F2E7|NUFP2_MOUSE,1,1
sp|Q5FW57|GLYAL_MOUSE,13,26
sp|Q5FW60|MUP20_MOUSE,9,20
sp|Q5HZI1|MTUS1_MOUSE,1,1
sp|Q5HZI9|S2551_MOUSE,2,2
sp|Q5RKZ7|MOCS1_MOUSE,11,23
sp|Q5RL79|KTAP2_MOUSE,1,1
sp|Q5SQX6|CYFP2_MOUSE;sp|Q7TMB8|CYFP1_MOUSE,1,1
sp|Q5SS80|DHR13_MOUSE,1,1
sp|Q5SUC9|SCO1_MOUSE,4,6
sp|Q5SUF2|LC7L3_MOUSE,1,2
sp|Q5SVR0|TBC9B_MOUSE,1,2
sp|Q5SW19|CLU_MOUSE,19,24
sp|Q5SWU9|ACACA_MOUSE,10,11
sp|Q5SX79|SHRM1_MOUSE,1,1
sp|Q5SYD0|MYO1D_MOUSE,1,1
sp|Q5U458|DJC11_MOUSE,9,9
sp|Q5U5V2|HYKK_MOUSE,7,9
sp|Q5XG73|ACBD5_MOUSE,9,10
sp|Q5XJY5|COPD_MOUSE,16,21
sp|Q5YD48|A1CF_MOUSE,15,17
sp|Q60597|ODO1_MOUSE,25,37
sp|Q60598|SRC8_MOUSE,13,15
sp|Q60605|MYL6_MOUSE,5,16
sp|Q60605|MYL6_MOUSE;sp|Q8CI43|MYL6B_MOUSE,1,1
sp|Q60631|GRB2_MOUSE,2,2
sp|Q60648|SAP3_MOUSE,3,3
sp|Q60649|CLPB_MOUSE,1,1
sp|Q60668|HNRPD_MOUSE,7,12
sp|Q60668|HNRPD_MOUSE;sp|Q9Z130|HNRDL_MOUSE,2,4
sp|Q60692|PSB6_MOUSE,5,12
sp|Q60710|SAMH1_MOUSE,5,5
sp|Q60737|CSK21_MOUSE,3,3
sp|Q60749|KHDR1_MOUSE,1,1
sp|Q60759|GCDH_MOUSE,23,57
sp|Q60766|IRGM1_MOUSE,7,8
sp|Q60854|SPB6_MOUSE,4,4
sp|Q60864|STIP1_MOUSE,30,46
sp|Q60865|CAPR1_MOUSE,6,7
sp|Q60866|PTER_MOUSE,7,13
sp|Q60872|IF1A_MOUSE;sp|Q8BMJ3|IF1AX_MOUSE,3,3
sp|Q60902|EP15R_MOUSE,4,5
sp|Q60930|VDAC2_MOUSE,17,24
sp|Q60931|VDAC3_MOUSE,16,26
sp|Q60932|VDAC1_MOUSE,31,48
sp|Q60936|COQ8A_MOUSE,20,35
sp|Q60953|PML_MOUSE,1,1
sp|Q60972|RBBP4_MOUSE,2,2
sp|Q60972|RBBP4_MOUSE;sp|Q60973|RBBP7_MOUSE,1,1
sp|Q60991|CP7B1_MOUSE,15,35
sp|Q61009|SCRB1_MOUSE,4,4
sp|Q61029|LAP2B_MOUSE,3,3
sp|Q61029|LAP2B_MOUSE;sp|Q61033|LAP2A_MOUSE,1,1
sp|Q61035|HARS1_MOUSE,5,5
sp|Q61035|HARS1_MOUSE;sp|Q99KK9|SYHM_MOUSE,1,2
sp|Q61036|PAK3_MOUSE;sp|Q8CIN4|PAK2_MOUSE,2,2
sp|Q61074|PPM1G_MOUSE,3,3
sp|Q61081|CDC37_MOUSE,2,3
sp|Q61102|ABCB7_MOUSE,6,8
sp|Q61129|CFAI_MOUSE,1,1
sp|Q61133|GSTT2_MOUSE,13,25
sp|Q61147|CERU_MOUSE,3,3
sp|Q61171|PRDX2_MOUSE,17,37
sp|Q61176|ARGI1_MOUSE,63,216
sp|Q61187|TS101_MOUSE,1,1
sp|Q61206|PA1B2_MOUSE,2,4
sp|Q61207|SAP_MOUSE,7,20
sp|Q61233|PLSL_MOUSE,21,27
sp|Q61233|PLSL_MOUSE;sp|Q99K51|PLST_MOUSE,1,2
sp|Q61235|SNTB2_MOUSE,1,1
sp|Q61247|A2AP_MOUSE,3,4
sp|Q61249|IGBP1_MOUSE,1,1
sp|Q61268|APOC4_MOUSE,1,1
sp|Q61292|LAMB2_MOUSE,1,1
sp|Q61301|CTNA2_MOUSE,2,2
sp|Q61316|HSP74_MOUSE,18,27
sp|Q61335|BAP31_MOUSE,8,14
sp|Q61387|COX7R_MOUSE,2,3
sp|Q61390|TCPW_MOUSE,1,1
sp|Q61419|CMAH_MOUSE,2,2
sp|Q61420|S35A1_MOUSE,1,1
sp|Q61425|HCDH_MOUSE,25,105
sp|Q61464|ZN638_MOUSE,1,1
sp|Q61490|CD166_MOUSE,7,7
sp|Q61508|ECM1_MOUSE,3,3
sp|Q61510|TRI25_MOUSE,3,3
sp|Q61545|EWS_MOUSE,4,8
sp|Q61548|AP180_MOUSE;sp|Q7M6Y3|PICAL_MOUSE,1,1
sp|Q61559|FCGRN_MOUSE,4,4
sp|Q61578|ADRO_MOUSE,8,8
sp|Q61586|GPAT1_MOUSE,4,4
sp|Q61598|GDIB_MOUSE,24,47
sp|Q61646|HPT_MOUSE,9,11
sp|Q61656|DDX5_MOUSE,13,17
sp|Q61694|3BHS5_MOUSE,14,21
sp|Q61694|3BHS5_MOUSE;sp|Q61767|3BHS4_MOUSE,8,19
sp|Q61699|HS105_MOUSE,9,11
sp|Q61702|ITIH1_MOUSE,3,3
sp|Q61703|ITIH2_MOUSE,4,4
sp|Q61733|RT31_MOUSE,7,7
sp|Q61735|CD47_MOUSE,2,2
sp|Q61749|EI2BD_MOUSE,3,3
sp|Q61768|KINH_MOUSE,4,4
sp|Q61781|K1C14_MOUSE;sp|Q9QWL7|K1C17_MOUSE,1,2
sp|Q61792|LASP1_MOUSE,8,16
sp|Q61823|PDCD4_MOUSE,3,4
sp|Q61830|MRC1_MOUSE,9,10
sp|Q61838|PZP_MOUSE,59,89
sp|Q61838|PZP_MOUSE;sp|Q6GQT1|A2MG_MOUSE,1,1
sp|Q61879|MYH10_MOUSE,1,1
sp|Q61879|MYH10_MOUSE;sp|Q6URW6|MYH14_MOUSE;sp|Q8VDD5|MYH9_MOUSE,1,1
sp|Q61879|MYH10_MOUSE;sp|Q8VDD5|MYH9_MOUSE,13,17
sp|Q61937|NPM_MOUSE,12,27
sp|Q61941|NNTM_MOUSE,30,55
sp|Q61990|PCBP2_MOUSE,3,5
sp|Q62086|PON2_MOUSE,6,6
sp|Q62087|PON3_MOUSE,8,12
sp|Q62093|SRSF2_MOUSE,1,1
sp|Q62095|DDX3Y_MOUSE,3,3
sp|Q62148|AL1A2_MOUSE;sp|Q9CZS1|AL1B1_MOUSE,2,2
sp|Q62159|RHOC_MOUSE;sp|Q9QUI0|RHOA_MOUSE,4,8
sp|Q62165|DAG1_MOUSE,1,1
sp|Q62167|DDX3X_MOUSE,2,2
sp|Q62186|SSRD_MOUSE,6,14
sp|Q62189|SNRPA_MOUSE,2,2
sp|Q62189|SNRPA_MOUSE;sp|Q9CQI7|RU2B_MOUSE,2,3
sp|Q62203|SF3A2_MOUSE,1,1
sp|Q62261|SPTB2_MOUSE,31,34
sp|Q62318|TIF1B_MOUSE,5,6
sp|Q62376|RU17_MOUSE,5,5
sp|Q62384|ZPR1_MOUSE,1,1
sp|Q62393|TPD52_MOUSE,1,1
sp|Q62417|SRBS1_MOUSE,7,8
sp|Q62418|DBNL_MOUSE,5,7
sp|Q62422|OSTF1_MOUSE,4,4
sp|Q62425|NDUA4_MOUSE,7,13
sp|Q62426|CYTB_MOUSE,9,12
sp|Q62446|FKBP3_MOUSE,13,17
sp|Q62448|IF4G2_MOUSE,3,3
sp|Q62452|UD19_MOUSE,3,3
sp|Q62465|VAT1_MOUSE,5,5
sp|Q62523|ZYX_MOUSE,2,2
sp|Q63836|SBP2_MOUSE,15,60
sp|Q63844|MK03_MOUSE,2,2
sp|Q63880|EST3A_MOUSE,12,62
sp|Q63880|EST3A_MOUSE;sp|Q8VCU1|EST3B_MOUSE,9,31
sp|Q63886|UD11_MOUSE,19,41
sp|Q63932|MP2K2_MOUSE,1,1
sp|Q64010|CRK_MOUSE,1,1
sp|Q64012|RALY_MOUSE,2,2
sp|Q64105|SPRE_MOUSE,21,58
sp|Q64133|AOFA_MOUSE,2,2
sp|Q64152|BTF3_MOUSE,5,9
sp|Q64176|EST1E_MOUSE,19,28
sp|Q64176|EST1E_MOUSE;sp|Q8VCT4|EST1D_MOUSE,1,1
sp|Q64176|EST1E_MOUSE;sp|Q91WU0|EST1F_MOUSE,4,6
sp|Q64213|SF01_MOUSE,2,3
sp|Q64310|SURF4_MOUSE,5,9
sp|Q64331|MYO6_MOUSE,4,4
sp|Q64337|SQSTM_MOUSE,1,1
sp|Q64374|RGN_MOUSE,46,200
sp|Q64433|CH10_MOUSE,18,54
sp|Q64435|UD16_MOUSE,8,15
sp|Q64436|ATP4A_MOUSE;sp|Q6PIC6|AT1A3_MOUSE;sp|Q6PIE5|AT1A2_MOUSE;sp|Q8VDN2|AT1A1_MOUSE,2,6
sp|Q64436|ATP4A_MOUSE;sp|Q6PIC6|AT1A3_MOUSE;sp|Q6PIE5|AT1A2_MOUSE;sp|Q8VDN2|AT1A1_MOUSE;sp|Q9WV27|AT1A4_MOUSE;sp|Q9Z1W8|AT12A_MOUSE,3,7
sp|Q64442|DHSO_MOUSE,53,201
sp|Q64458|CP2CT_MOUSE,32,79
sp|Q64458|CP2CT_MOUSE;sp|Q6XVG2|CP254_MOUSE;sp|Q91X77|CY250_MOUSE,7,24
sp|Q64458|CP2CT_MOUSE;sp|Q91X77|CY250_MOUSE,3,11
sp|Q64459|CP3AB_MOUSE,20,58
sp|Q64459|CP3AB_MOUSE;sp|Q64481|CP3AG_MOUSE,5,16
sp|Q64459|CP3AB_MOUSE;sp|Q64481|CP3AG_MOUSE;sp|Q9JMA7|CP341_MOUSE,7,17
sp|Q64459|CP3AB_MOUSE;sp|Q9JMA7|CP341_MOUSE,9,21
sp|Q64464|CP3AD_MOUSE,3,4
sp|Q64471|GSTT1_MOUSE,21,35
sp|Q64505|CP7A1_MOUSE,5,5
sp|Q64514|TPP2_MOUSE,10,10
sp|Q64516|GLPK_MOUSE,10,11
sp|Q64516|GLPK_MOUSE;sp|Q9WU65|GLPK2_MOUSE,3,4
sp|Q64521|GPDM_MOUSE,28,35
sp|Q64523|H2A2C_MOUSE;sp|Q6GSS7|H2A2A_MOUSE,8,26
sp|Q64674|SPEE_MOUSE,3,3
sp|Q64726|ZA2G_MOUSE,2,2
sp|Q64727|VINC_MOUSE,31,41
sp|Q64735|CR1L_MOUSE,1,1
sp|Q64737|PUR2_MOUSE,8,9
sp|Q64FW2|RETST_MOUSE,9,10
sp|Q68FD5|CLH1_MOUSE,87,145
sp|Q68FH4|GALK2_MOUSE,1,1
sp|Q68FL4|SAHH3_MOUSE;sp|Q80SW1|SAHH2_MOUSE,7,8
sp|Q68FL6|SYMC_MOUSE,9,9
sp|Q69ZP3|PNKD_MOUSE,1,1
sp|Q69ZZ9|K0754_MOUSE;sp|Q9QXZ0|MACF1_MOUSE,1,1
sp|Q6A068|CDC5L_MOUSE,1,1
sp|Q6A0A2|LAR4B_MOUSE,1,1
sp|Q6A0A9|F120A_MOUSE,10,11
sp|Q6A4J8|UBP7_MOUSE,1,1
sp|Q6AW46|EST5A_MOUSE;sp|Q8BK48|EST2E_MOUSE;sp|Q8QZR3|EST2A_MOUSE;sp|Q91WG0|EST2C_MOUSE,1,2
sp|Q6AW69|CGNL1_MOUSE,3,3
sp|Q6DFW4|NOP58_MOUSE,5,5
sp|Q6GQS1|SCMC3_MOUSE,3,3
sp|Q6GQT9|NOMO1_MOUSE,9,12
sp|Q6IFZ6|K2C1B_MOUSE,3,3
sp|Q6IRU2|TPM4_MOUSE,4,7
sp|Q6IRU5|CLCB_MOUSE,3,3
sp|Q6NSR8|PEPL1_MOUSE,7,7
sp|Q6NT99|DUS23_MOUSE,1,1
sp|Q6NVF9|CPSF6_MOUSE,1,1
sp|Q6NZB0|DNJC8_MOUSE,1,1
sp|Q6NZC7|S23IP_MOUSE,2,2
sp|Q6NZJ6|IF4G1_MOUSE,15,17
sp|Q6NZR5|SKI2_MOUSE,1,1
sp|Q6P069|SORCN_MOUSE,6,9
sp|Q6P1B1|XPP1_MOUSE,5,7
sp|Q6P1F6|2ABA_MOUSE;sp|Q6ZWR4|2ABB_MOUSE;sp|Q925E7|2ABD_MOUSE,1,1
sp|Q6P3A8|ODBB_MOUSE,21,38
sp|Q6P3D0|NUD16_MOUSE;sp|Q8VHN8|TIRR_MOUSE,1,1
sp|Q6P4T2|U520_MOUSE,1,1
sp|Q6P542|ABCF1_MOUSE,5,5
sp|Q6P5B0|RRP12_MOUSE,2,2
sp|Q6P5E4|UGGG1_MOUSE,10,10
sp|Q6P5F9|XPO1_MOUSE,3,3
sp|Q6P6J9|TXD15_MOUSE,2,2
sp|Q6P6M5|PX11C_MOUSE,1,2
sp|Q6P6M7|SPCS_MOUSE,1,1
sp|Q6P8I4|PCNP_MOUSE,3,4
sp|Q6P8M1|TATD1_MOUSE,1,1
sp|Q6P8X1|SNX6_MOUSE,3,3
sp|Q6P9Q6|FKB15_MOUSE,1,1
sp|Q6PA06|ATLA2_MOUSE,4,6
sp|Q6PAM1|TXLNA_MOUSE,1,1
sp|Q6PB66|LPPRC_MOUSE,30,41
sp|Q6PDI5|ECM29_MOUSE,1,1
sp|Q6PDL0|DC1L2_MOUSE,2,2
sp|Q6PDM2|SRSF1_MOUSE,4,6
sp|Q6PDN3|MYLK_MOUSE,1,1
sp|Q6PE01|SNR40_MOUSE,1,1
sp|Q6PER3|MARE3_MOUSE;sp|Q8R001|MARE2_MOUSE,1,1
sp|Q6PGB6|NAA50_MOUSE,3,3
sp|Q6PGC1|DHX29_MOUSE,1,1
sp|Q6PIC6|AT1A3_MOUSE;sp|Q6PIE5|AT1A2_MOUSE;sp|Q8VDN2|AT1A1_MOUSE,8,12
sp|Q6PIC6|AT1A3_MOUSE;sp|Q6PIE5|AT1A2_MOUSE;sp|Q8VDN2|AT1A1_MOUSE;sp|Q9WV27|AT1A4_MOUSE,3,6
sp|Q6PIC6|AT1A3_MOUSE;sp|Q6PIE5|AT1A2_MOUSE;sp|Q8VDN2|AT1A1_MOUSE;sp|Q9WV27|AT1A4_MOUSE;sp|Q9Z1W8|AT12A_MOUSE,1,2
sp|Q6TCG2|PAQR9_MOUSE,2,3
sp|Q6TEK5|VKORL_MOUSE,1,1
sp|Q6URW6|MYH14_MOUSE,1,2
sp|Q6VN19|RBP10_MOUSE,1,1
sp|Q6WKZ7|NOSTN_MOUSE,1,1
sp|Q6XVG2|CP254_MOUSE,10,26
sp|Q6XVG2|CP254_MOUSE;sp|Q91X77|CY250_MOUSE,4,5
sp|Q6Y7W8|GGYF2_MOUSE,2,3
sp|Q6ZQ38|CAND1_MOUSE,24,32
sp|Q6ZQ58|LARP1_MOUSE,2,2
sp|Q6ZQI3|MLEC_MOUSE,3,3
sp|Q6ZQJ5|DNA2_MOUSE;sp|Q9EPU0|RENT1_MOUSE,1,1
sp|Q6ZWM4|LSM8_MOUSE,1,1
sp|Q6ZWN5|RS9_MOUSE,18,40
sp|Q6ZWQ7|SPCS3_MOUSE,1,1
sp|Q6ZWU9|RS27_MOUSE;sp|Q6ZWY3|RS27L_MOUSE,1,5
sp|Q6ZWV3|RL10_MOUSE,5,7
sp|Q6ZWV7|RL35_MOUSE,11,20
sp|Q6ZWX6|IF2A_MOUSE,10,12
sp|Q6ZWY3|RS27L_MOUSE,3,4
sp|Q71KT5|ERG24_MOUSE,4,4
sp|Q71LX4|TLN2_MOUSE,3,3
sp|Q71RI9|KAT3_MOUSE,14,28
sp|Q75N73|S39AE_MOUSE,1,1
sp|Q76LS9|MINY1_MOUSE,3,4
sp|Q76M72|S22AR_MOUSE,1,1
sp|Q76M72|S22AR_MOUSE;sp|Q8VCA0|S22AJ_MOUSE,1,2
sp|Q76MZ3|2AAA_MOUSE,11,15
sp|Q76MZ3|2AAA_MOUSE;sp|Q7TNP2|2AAB_MOUSE,6,8
sp|Q78IK2|ATPMK_MOUSE,4,6
sp|Q78IK4|MIC27_MOUSE,12,15
sp|Q78JE5|FBX22_MOUSE,1,1
sp|Q78JN3|ECI3_MOUSE,1,1
sp|Q78JN3|ECI3_MOUSE;sp|Q9WUR2|ECI2_MOUSE,4,5
sp|Q78JT3|3HAO_MOUSE,33,92
sp|Q78KK3|S22AI_MOUSE,2,2
sp|Q78PY7|SND1_MOUSE,65,113
sp|Q78XF5|OSTC_MOUSE,2,4
sp|Q78ZA7|NP1L4_MOUSE,2,3
sp|Q791V5|MTCH2_MOUSE,14,31
sp|Q7M6Y3|PICAL_MOUSE,9,14
sp|Q7SIG6|ASAP2_MOUSE,1,1
sp|Q7TMC8|FCSK_MOUSE,1,1
sp|Q7TMF3|NDUAC_MOUSE,12,19
sp|Q7TMK9|HNRPQ_MOUSE,7,11
sp|Q7TMM9|TBB2A_MOUSE,2,5
sp|Q7TMM9|TBB2A_MOUSE;sp|Q922F4|TBB6_MOUSE;sp|Q9CWF2|TBB2B_MOUSE,1,1
sp|Q7TMM9|TBB2A_MOUSE;sp|Q9CWF2|TBB2B_MOUSE,2,3
sp|Q7TMS5|ABCG2_MOUSE,4,4
sp|Q7TMY8|HUWE1_MOUSE,4,4
sp|Q7TNC4|LC7L2_MOUSE,1,1
sp|Q7TNC4|LC7L2_MOUSE;sp|Q9CYI4|LUC7L_MOUSE,1,1
sp|Q7TNE1|SUCHY_MOUSE,3,3
sp|Q7TNG5|EMAL2_MOUSE,1,1
sp|Q7TNG8|LDHD_MOUSE,35,59
sp|Q7TNP2|2AAB_MOUSE,1,2
sp|Q7TNV0|DEK_MOUSE,2,2
sp|Q7TPD0|INT3_MOUSE,1,2
sp|Q7TPR4|ACTN1_MOUSE,4,4
sp|Q7TPV4|MBB1A_MOUSE,12,14
sp|Q7TQG1|PKHA6_MOUSE,1,1
sp|Q7TQI3|OTUB1_MOUSE,4,4
sp|Q7TQK5|CCD93_MOUSE,1,1
sp|Q7TT45|RRAGD_MOUSE;sp|Q99K70|RRAGC_MOUSE,1,1
sp|Q7TT50|MRCKB_MOUSE,4,4
sp|Q80T19|HEPC2_MOUSE;sp|Q9EQ21|HEPC_MOUSE,2,2
sp|Q80TM9|NISCH_MOUSE,1,1
sp|Q80U63|MFN2_MOUSE,3,3
sp|Q80UF4|SDCG8_MOUSE,1,2
sp|Q80UG5|SEPT9_MOUSE,6,7
sp|Q80UM3|NAA15_MOUSE,3,3
sp|Q80UM7|MOGS_MOUSE,14,16
sp|Q80UU9|PGRC2_MOUSE,4,4
sp|Q80V03|ADCK5_MOUSE,2,2
sp|Q80VJ2|SRA1_MOUSE,1,1
sp|Q80VP1|EPN1_MOUSE,3,6
sp|Q80VP1|EPN1_MOUSE;sp|Q91W69|EPN3_MOUSE,1,1
sp|Q80W21|GSTM7_MOUSE,2,3
sp|Q80W22|THNS2_MOUSE,4,5
sp|Q80W54|FACE1_MOUSE,4,4
sp|Q80WC7|AGFG2_MOUSE,1,1
sp|Q80WJ7|LYRIC_MOUSE,7,7
sp|Q80WQ2|VAC14_MOUSE,1,1
sp|Q80WS3|FBLL1_MOUSE,1,1
sp|Q80X19|COEA1_MOUSE,4,4
sp|Q80X50|UBP2L_MOUSE,3,3
sp|Q80X71|T106B_MOUSE,2,3
sp|Q80X73|PELO_MOUSE,2,2
sp|Q80X80|C2C2L_MOUSE,2,2
sp|Q80X85|RT07_MOUSE,4,4
sp|Q80X90|FLNB_MOUSE,41,53
sp|Q80X90|FLNB_MOUSE;sp|Q8BTM8|FLNA_MOUSE;sp|Q8VHX6|FLNC_MOUSE,2,2
sp|Q80X90|FLNB_MOUSE;sp|Q8VHX6|FLNC_MOUSE,2,2
sp|Q80XI3|IF4G3_MOUSE,4,4
sp|Q80XL6|ACD11_MOUSE,21,34
sp|Q80XN0|BDH_MOUSE,28,85
sp|Q80Y14|GLRX5_MOUSE,3,6
sp|Q80Y55|BSDC1_MOUSE,1,1
sp|Q80YU0|ABHGB_MOUSE;sp|Q9Z1Q2|ABHGA_MOUSE,1,1
sp|Q80YX1|TENA_MOUSE,1,1
sp|Q80ZM8|CRLS1_MOUSE,1,1
sp|Q80ZS3|RT26_MOUSE,3,3
sp|Q810A3|TTC9C_MOUSE,1,1
sp|Q810B6|ANFY1_MOUSE,1,1
sp|Q810U5|CCD50_MOUSE,1,1
sp|Q811D0|DLG1_MOUSE,5,5
sp|Q8BFQ8|GALD1_MOUSE,1,1
sp|Q8BFR4|GNS_MOUSE,3,4
sp|Q8BFR5|EFTU_MOUSE,29,59
sp|Q8BFS6|CPPED_MOUSE,2,2
sp|Q8BFW7|LPP_MOUSE,1,1
sp|Q8BFZ9|ERLN2_MOUSE,2,2
sp|Q8BFZ9|ERLN2_MOUSE;sp|Q91X78|ERLN1_MOUSE,2,2
sp|Q8BG05|ROA3_MOUSE,23,35
sp|Q8BG32|PSD11_MOUSE,19,25
sp|Q8BG51|MIRO1_MOUSE,2,2
sp|Q8BGA8|ACSM5_MOUSE,26,33
sp|Q8BGA9|OXA1L_MOUSE,1,2
sp|Q8BGC4|PTGR3_MOUSE,16,18
sp|Q8BGD8|COA6_MOUSE,1,1
sp|Q8BGD9|IF4B_MOUSE,10,20
sp|Q8BGH2|SAM50_MOUSE,9,10
sp|Q8BGI5|PEX26_MOUSE,2,2
sp|Q8BGL3|ST2A8_MOUSE,32,73
sp|Q8BGQ7|SYAC_MOUSE,21,24
sp|Q8BGS1|E41L5_MOUSE,3,3
sp|Q8BGT5|ALAT2_MOUSE,11,15
sp|Q8BGT5|ALAT2_MOUSE;sp|Q8QZR5|ALAT1_MOUSE,1,2
sp|Q8BGX0|TRI23_MOUSE,1,1
sp|Q8BGX2|TIM29_MOUSE,2,2
sp|Q8BH00|AL8A1_MOUSE,39,100
sp|Q8BH24|TM9S4_MOUSE,2,2
sp|Q8BH43|WASF2_MOUSE,1,1
sp|Q8BH59|S2512_MOUSE,9,9
sp|Q8BH59|S2512_MOUSE;sp|Q9QXX4|S2513_MOUSE,6,8
sp|Q8BH64|EHD2_MOUSE;sp|Q9WVK4|EHD1_MOUSE,1,1
sp|Q8BH69|SPS1_MOUSE,2,2
sp|Q8BH86|GLUCM_MOUSE,9,12
sp|Q8BH95|ECHM_MOUSE,29,77
sp|Q8BHA3|DTD2_MOUSE,2,2
sp|Q8BHC4|DCAKD_MOUSE,1,1
sp|Q8BHD7|PTBP3_MOUSE,2,2
sp|Q8BHE8|MAIP1_MOUSE,2,2
sp|Q8BHG2|CZIB_MOUSE,2,2
sp|Q8BHG3|CC50B_MOUSE;sp|Q8VEK0|CC50A_MOUSE,1,2
sp|Q8BHI7|ELOV5_MOUSE,4,9
sp|Q8BHL8|PSMF1_MOUSE,1,1
sp|Q8BHN1|TXLNG_MOUSE,1,1
sp|Q8BHN3|GANAB_MOUSE,33,45
sp|Q8BI08|MAL2_MOUSE,1,1
sp|Q8BI72|CARF_MOUSE,1,2
sp|Q8BI84|TGO1_MOUSE,7,7
sp|Q8BIG7|CMTD1_MOUSE,2,2
sp|Q8BIJ6|SYIM_MOUSE,15,20
sp|Q8BIW1|PRUN1_MOUSE,2,2
sp|Q8BJ05|ZC3HE_MOUSE,1,1
sp|Q8BJ64|CHDH_MOUSE,27,44
sp|Q8BJU0|SGTA_MOUSE,1,1
sp|Q8BJW6|EIF2A_MOUSE,6,12
sp|Q8BJY1|PSMD5_MOUSE,4,4
sp|Q8BJZ4|RT35_MOUSE,2,3
sp|Q8BK08|TMM11_MOUSE,1,1
sp|Q8BK30|NDUV3_MOUSE,5,9
sp|Q8BK48|EST2E_MOUSE,15,31
sp|Q8BK48|EST2E_MOUSE;sp|Q8QZR3|EST2A_MOUSE,3,3
sp|Q8BK48|EST2E_MOUSE;sp|Q8QZR3|EST2A_MOUSE;sp|Q91WG0|EST2C_MOUSE,1,1
sp|Q8BK48|EST2E_MOUSE;sp|Q91WG0|EST2C_MOUSE,2,6
sp|Q8BK63|KC1A_MOUSE,1,1
sp|Q8BK64|AHSA1_MOUSE,5,5
sp|Q8BK72|RT27_MOUSE,1,1
sp|Q8BKC5|IPO5_MOUSE,2,2
sp|Q8BKZ9|ODPX_MOUSE,6,7
sp|Q8BL66|EEA1_MOUSE,6,8
sp|Q8BL86|MBLC2_MOUSE,1,2
sp|Q8BL97|SRSF7_MOUSE,3,6
sp|Q8BLF1|NCEH1_MOUSE,1,2
sp|Q8BLN5|LSS_MOUSE,3,3
sp|Q8BLY2|SYTC2_MOUSE;sp|Q9D0R2|SYTC_MOUSE,1,2
sp|Q8BM55|TM214_MOUSE,7,7
sp|Q8BMA6|SRP68_MOUSE,5,7
sp|Q8BMB3|IF4E2_MOUSE,1,1
sp|Q8BMF4|ODP2_MOUSE,22,46
sp|Q8BMJ2|SYLC_MOUSE,3,3
sp|Q8BMK4|CKAP4_MOUSE,1,1
sp|Q8BML9|SYQ_MOUSE,13,15
sp|Q8BMP6|GCP60_MOUSE,2,2
sp|Q8BMS1|ECHA_MOUSE,89,306
sp|Q8BMS4|COQ3_MOUSE,4,6
sp|Q8BND4|INT6L_MOUSE,1,1
sp|Q8BP40|PPA6_MOUSE,6,10
sp|Q8BP47|SYNC_MOUSE,9,11
sp|Q8BP48|MAP11_MOUSE,1,1
sp|Q8BP67|RL24_MOUSE,9,24
sp|Q8BRF7|SCFD1_MOUSE,4,4
sp|Q8BS35|ALKMO_MOUSE,1,1
sp|Q8BSE0|RMD2_MOUSE,8,9
sp|Q8BSF4|PISD_MOUSE,1,1
sp|Q8BSY0|ASPH_MOUSE,1,1
sp|Q8BT60|CPNE3_MOUSE,3,7
sp|Q8BTI8|SRRM2_MOUSE,1,1
sp|Q8BTI9|PK3CB_MOUSE,1,1
sp|Q8BTM8|FLNA_MOUSE,7,8
sp|Q8BTY1|KAT1_MOUSE,10,11
sp|Q8BTY8|SCFD2_MOUSE,1,1
sp|Q8BTZ7|GMPPB_MOUSE,6,6
sp|Q8BU14|SEC62_MOUSE,2,2
sp|Q8BU30|SYIC_MOUSE,8,10
sp|Q8BU33|HACL2_MOUSE,1,1
sp|Q8BUK6|HOOK3_MOUSE,1,1
sp|Q8BUV3|GEPH_MOUSE,9,9
sp|Q8BVA5|LDAH_MOUSE,2,2
sp|Q8BVE3|VATH_MOUSE,1,1
sp|Q8BVG4|DPP9_MOUSE,1,1
sp|Q8BVI4|DHPR_MOUSE,22,76
sp|Q8BVZ1|PLIN5_MOUSE,2,2
sp|Q8BW75|AOFB_MOUSE,29,46
sp|Q8BWF0|SSDH_MOUSE,21,40
sp|Q8BWG8|ARRB1_MOUSE,1,1
sp|Q8BWM0|PGES2_MOUSE,3,6
sp|Q8BWN8|ACOT4_MOUSE,3,3
sp|Q8BWP5|TTPA_MOUSE,13,27
sp|Q8BWQ1|UD2A3_MOUSE,21,38
sp|Q8BWS5|GRIN3_MOUSE,1,1
sp|Q8BWT1|THIM_MOUSE,87,516
sp|Q8BWU8|AT2L1_MOUSE,9,9
sp|Q8BWY3|ERF1_MOUSE,7,10
sp|Q8BX10|PGAM5_MOUSE,1,1
sp|Q8BX70|VP13C_MOUSE,1,1
sp|Q8BXA1|GOLI4_MOUSE,2,2
sp|Q8BXB6|SO2B1_MOUSE,3,4
sp|Q8BXV2|BRI3B_MOUSE,1,2
sp|Q8BY87|UBP47_MOUSE,1,1
sp|Q8BYA0|TBCD_MOUSE,1,1
sp|Q8BYK6|YTHD3_MOUSE,1,1
sp|Q8BYU6|TOIP2_MOUSE,3,3
sp|Q8BZ09|ODC_MOUSE,1,1
sp|Q8BZB2|COAC_MOUSE,1,1
sp|Q8BZF8|PGM5_MOUSE,1,1
sp|Q8BZW8|NHLC2_MOUSE,1,1
sp|Q8C025|CHPT1_MOUSE,1,1
sp|Q8C0C7|SYFA_MOUSE,8,10
sp|Q8C0E2|VP26B_MOUSE,1,1
sp|Q8C0K5|GDC_MOUSE,1,1
sp|Q8C0L9|GPCP1_MOUSE,1,1
sp|Q8C0M9|ASGL1_MOUSE,3,4
sp|Q8C0Z1|F234A_MOUSE,1,1
sp|Q8C159|TTC22_MOUSE,2,10
sp|Q8C165|P20D1_MOUSE,16,26
sp|Q8C196|CPSM_MOUSE,290,2049
sp|Q8C1B7|SEP11_MOUSE,3,4
sp|Q8C1B7|SEP11_MOUSE;sp|Q8CHH9|SEPT8_MOUSE;sp|Q9R1T4|SEPT6_MOUSE,1,1
sp|Q8C1E7|TACAN_MOUSE,1,1
sp|Q8C2E7|WASC5_MOUSE,1,1
sp|Q8C2Q3|RBM14_MOUSE,5,5
sp|Q8C5H8|NAKD2_MOUSE,24,30
sp|Q8C5Q4|GRSF1_MOUSE,1,1
sp|Q8C5W0|CLMN_MOUSE,2,2
sp|Q8C5W3|TBCEL_MOUSE,3,4
sp|Q8C650|SEP10_MOUSE,4,4
sp|Q8C6I2|SDHF2_MOUSE,1,1
sp|Q8C7E7|STBD1_MOUSE,8,12
sp|Q8C7G5|APOA5_MOUSE,6,9
sp|Q8C7H1|MMAA_MOUSE,3,3
sp|Q8C7Q4|RBM4_MOUSE;sp|Q8VE92|RBM4B_MOUSE,1,1
sp|Q8C7X2|EMC1_MOUSE,4,4
sp|Q8C878|UBA3_MOUSE,1,1
sp|Q8CAK1|CAF17_MOUSE,3,3
sp|Q8CAQ8|MIC60_MOUSE,37,51
sp|Q8CAS9|PARP9_MOUSE,2,2
sp|Q8CAY6|THIC_MOUSE,34,104
sp|Q8CC86|PNCB_MOUSE,23,36
sp|Q8CC88|VWA8_MOUSE,38,48
sp|Q8CCF0|PRP31_MOUSE,1,1
sp|Q8CCH2|NHLC3_MOUSE,1,1
sp|Q8CCJ3|UFL1_MOUSE,7,7
sp|Q8CCK0|H2AW_MOUSE;sp|Q9QZQ8|H2AY_MOUSE,1,2
sp|Q8CCS6|PABP2_MOUSE,1,1
sp|Q8CDG3|VCIP1_MOUSE,1,1
sp|Q8CDN6|TXNL1_MOUSE,4,4
sp|Q8CEE7|RDH13_MOUSE,1,1
sp|Q8CEI1|BOLA3_MOUSE,2,3
sp|Q8CFA2|GCST_MOUSE,10,12
sp|Q8CFJ7|S2545_MOUSE,5,6
sp|Q8CFV9|RIFK_MOUSE,1,1
sp|Q8CFX1|G6PE_MOUSE,21,36
sp|Q8CG14|CS1A_MOUSE,1,2
sp|Q8CG76|ARK72_MOUSE,19,39
sp|Q8CGA0|PPM1F_MOUSE,4,4
sp|Q8CGC7|SYEP_MOUSE,41,55
sp|Q8CGF5|TLCD4_MOUSE,1,1
sp|Q8CGF7|TCRG1_MOUSE,2,2
sp|Q8CGK3|LONM_MOUSE,34,63
sp|Q8CGZ0|CHERP_MOUSE,1,1
sp|Q8CH25|SLTM_MOUSE,1,1
sp|Q8CHP5|PYM1_MOUSE,4,4
sp|Q8CHP8|PGP_MOUSE,2,2
sp|Q8CHQ9|NT8F2_MOUSE,4,7
sp|Q8CHR6|DPYD_MOUSE,33,50
sp|Q8CHT0|AL4A1_MOUSE,40,130
sp|Q8CI51|PDLI5_MOUSE,5,6
sp|Q8CI78|RMND1_MOUSE,1,1
sp|Q8CI94|PYGB_MOUSE,1,3
sp|Q8CI94|PYGB_MOUSE;sp|Q9ET01|PYGL_MOUSE;sp|Q9WUB3|PYGM_MOUSE,3,8
sp|Q8CIB5|FERM2_MOUSE,9,14
sp|Q8CIE6|COPA_MOUSE,28,40
sp|Q8CIF4|BTD_MOUSE,2,2
sp|Q8CIH9|PUR1_MOUSE,1,1
sp|Q8CIM3|D2HDH_MOUSE,13,17
sp|Q8CIM7|CP2DQ_MOUSE,39,78
sp|Q8CIN4|PAK2_MOUSE,2,2
sp|Q8JZK9|HMCS1_MOUSE,3,3
sp|Q8JZN5|ACAD9_MOUSE,21,29
sp|Q8JZQ2|AFG32_MOUSE,4,4
sp|Q8JZQ9|EIF3B_MOUSE,9,12
sp|Q8JZR0|ACSL5_MOUSE,31,56
sp|Q8JZS9|RM48_MOUSE,1,1
sp|Q8JZU2|TXTP_MOUSE,12,26
sp|Q8JZV9|DHRS6_MOUSE,1,1
sp|Q8JZZ0|UD3A2_MOUSE,9,9
sp|Q8K009|AL1L2_MOUSE;sp|Q8R0Y6|AL1L1_MOUSE,6,18
sp|Q8K010|OPLA_MOUSE,33,41
sp|Q8K019|BCLF1_MOUSE,1,1
sp|Q8K021|SCAM1_MOUSE,1,1
sp|Q8K023|AKC1H_MOUSE,5,7
sp|Q8K0C4|CP51A_MOUSE,4,4
sp|Q8K0C8|COX19_MOUSE,1,1
sp|Q8K0D5|EFGM_MOUSE,7,7
sp|Q8K0E8|FIBB_MOUSE,16,30
sp|Q8K0L3|ACSM2_MOUSE;sp|Q91VA0|ACSM1_MOUSE,2,7
sp|Q8K0R6|GLTD2_MOUSE,3,4
sp|Q8K0Z7|TACO1_MOUSE,2,2
sp|Q8K157|GALM_MOUSE,18,35
sp|Q8K182|CO8A_MOUSE,5,5
sp|Q8K183|PDXK_MOUSE,13,20
sp|Q8K190|SMDC1_MOUSE,1,1
sp|Q8K1J6|TRNT1_MOUSE,1,1
sp|Q8K1M6|DNM1L_MOUSE,9,9
sp|Q8K1N1|PLPL8_MOUSE,2,2
sp|Q8K1R3|PNPT1_MOUSE,2,2
sp|Q8K1Z0|COQ9_MOUSE,8,23
sp|Q8K215|LYRM4_MOUSE,5,6
sp|Q8K273|EMC5_MOUSE,3,3
sp|Q8K297|GT251_MOUSE,1,1
sp|Q8K2B3|SDHA_MOUSE,45,128
sp|Q8K2C6|SIR5_MOUSE,3,3
sp|Q8K2C7|OS9_MOUSE,3,3
sp|Q8K2C8|GPAT4_MOUSE,1,1
sp|Q8K2C9|HACD3_MOUSE,5,7
sp|Q8K2I3|FMO2_MOUSE,2,2
sp|Q8K2I4|MANBA_MOUSE,1,1
sp|Q8K2M0|RM38_MOUSE,1,1
sp|Q8K2Q7|BROX_MOUSE,2,2
sp|Q8K2T1|NMRL1_MOUSE,2,2
sp|Q8K2Y7|RM47_MOUSE,1,1
sp|Q8K310|MATR3_MOUSE,10,16
sp|Q8K370|ACD10_MOUSE,17,18
sp|Q8K385|FRRS1_MOUSE,1,1
sp|Q8K3A0|HSC20_MOUSE,1,1
sp|Q8K3C3|LZIC_MOUSE,1,1
sp|Q8K3J1|NDUS8_MOUSE,7,10
sp|Q8K3K7|PLCB_MOUSE,4,4
sp|Q8K3W0|BABA2_MOUSE,1,1
sp|Q8K411|PREP_MOUSE,7,9
sp|Q8K441|ABCA6_MOUSE,6,6
sp|Q8K441|ABCA6_MOUSE;sp|Q8K449|ABCA9_MOUSE,1,1
sp|Q8K442|ABC8A_MOUSE,7,8
sp|Q8K4F5|ABHDB_MOUSE,5,9
sp|Q8K4H1|KFA_MOUSE,4,5
sp|Q8K4Z3|NNRE_MOUSE,12,18
sp|Q8K4Z5|SF3A1_MOUSE,5,5
sp|Q8K595|MCLN2_MOUSE,1,1
sp|Q8K5B2|MCFD2_MOUSE,2,4
sp|Q8QZR1|ATTY_MOUSE,1,1
sp|Q8QZR3|EST2A_MOUSE,20,70
sp|Q8QZR3|EST2A_MOUSE;sp|Q91WG0|EST2C_MOUSE,2,3
sp|Q8QZR5|ALAT1_MOUSE,28,55
sp|Q8QZS1|HIBCH_MOUSE,23,44
sp|Q8QZT1|THIL_MOUSE,51,177
sp|Q8QZY1|EIF3L_MOUSE,8,8
sp|Q8QZY2|GLCTK_MOUSE,18,38
sp|Q8R010|AIMP2_MOUSE,3,4
sp|Q8R016|BLMH_MOUSE,4,4
sp|Q8R035|ICT1_MOUSE,1,1
sp|Q8R050|ERF3A_MOUSE,3,5
sp|Q8R059|GALE_MOUSE,2,2
sp|Q8R081|HNRPL_MOUSE,14,21
sp|Q8R086|SUOX_MOUSE,32,60
sp|Q8R0F8|FAHD1_MOUSE,9,14
sp|Q8R0F9|S14L4_MOUSE,33,51
sp|Q8R0J8|GNTK_MOUSE,1,1
sp|Q8R0N6|HOT_MOUSE,9,10
sp|Q8R0V5|I23O2_MOUSE,3,4
sp|Q8R0W0|EPIPL_MOUSE,6,7
sp|Q8R0W0|EPIPL_MOUSE;sp|Q9QXS1|PLEC_MOUSE,1,1
sp|Q8R0X7|SGPL1_MOUSE,1,1
sp|Q8R0Y6|AL1L1_MOUSE,109,337
sp|Q8R0Y8|S2542_MOUSE,8,10
sp|Q8R104|SIR3_MOUSE,2,2
sp|Q8R123|FAD1_MOUSE,6,7
sp|Q8R146|ACPH_MOUSE,5,9
sp|Q8R164|BPHL_MOUSE,28,76
sp|Q8R180|ERO1A_MOUSE,1,1
sp|Q8R1B4|EIF3C_MOUSE,18,20
sp|Q8R1F5|HYI_MOUSE,8,11
sp|Q8R1G2|CMBL_MOUSE,13,19
sp|Q8R1I1|QCR9_MOUSE,4,5
sp|Q8R1Q8|DC1L1_MOUSE,2,3
sp|Q8R1S0|COQ6_MOUSE,4,5
sp|Q8R1S9|S38A4_MOUSE,4,5
sp|Q8R1T4|S35A3_MOUSE,1,1
sp|Q8R1V4|TMED4_MOUSE;sp|Q99KF1|TMED9_MOUSE,1,2
sp|Q8R1X6|SPART_MOUSE,1,1
sp|Q8R2E9|ERO1B_MOUSE,1,1
sp|Q8R2K1|FUCM_MOUSE,1,2
sp|Q8R2Q4|RRF2M_MOUSE,3,3
sp|Q8R2Y0|ABHD6_MOUSE,1,1
sp|Q8R2Y8|PTH2_MOUSE,2,3
sp|Q8R317|UBQL1_MOUSE,3,4
sp|Q8R3F5|FABD_MOUSE,4,4
sp|Q8R3L2|TCF25_MOUSE,1,1
sp|Q8R3P0|ACY2_MOUSE,1,1
sp|Q8R3Q0|SARAF_MOUSE,1,1
sp|Q8R3Q6|MIX23_MOUSE,3,3
sp|Q8R404|MIC13_MOUSE,2,2
sp|Q8R4H2|ARHGC_MOUSE,2,2
sp|Q8R4H7|NAGS_MOUSE,7,8
sp|Q8R4N0|CLYBL_MOUSE,15,21
sp|Q8R4U0|STAB2_MOUSE,2,2
sp|Q8R4Y4|STAB1_MOUSE,2,2
sp|Q8R570|SNP47_MOUSE,1,1
sp|Q8R574|KPRB_MOUSE;sp|Q9D0M1|KPRA_MOUSE,2,2
sp|Q8R5H1|UBP15_MOUSE,1,1
sp|Q8R5I6|GSTM4_MOUSE,1,1
sp|Q8VBT0|TMX1_MOUSE,2,2
sp|Q8VBT2|SDHL_MOUSE,18,43
sp|Q8VBT9|ASPC1_MOUSE,5,5
sp|Q8VBV7|CSN8_MOUSE,2,2
sp|Q8VBW8|TTC36_MOUSE,10,16
sp|Q8VBZ3|CLPT1_MOUSE,2,2
sp|Q8VC12|HUTU_MOUSE,42,129
sp|Q8VC28|AK1CD_MOUSE,28,51
sp|Q8VC30|TKFC_MOUSE,52,195
sp|Q8VC52|RBPS2_MOUSE,2,2
sp|Q8VC52|RBPS2_MOUSE;sp|Q9WVB0|RBPMS_MOUSE,2,2
sp|Q8VC74|COX18_MOUSE,1,1
sp|Q8VC97|BUP1_MOUSE,12,19
sp|Q8VCA8|SCRN2_MOUSE,12,15
sp|Q8VCB3|GYS2_MOUSE,23,35
sp|Q8VCC1|PGDH_MOUSE,2,2
sp|Q8VCC2|EST1_MOUSE,22,48
sp|Q8VCC2|EST1_MOUSE;sp|Q91WU0|EST1F_MOUSE,1,14
sp|Q8VCF0|MAVS_MOUSE,11,19
sp|Q8VCG4|CO8G_MOUSE,2,2
sp|Q8VCH0|THIKB_MOUSE,17,70
sp|Q8VCH0|THIKB_MOUSE;sp|Q921H8|THIKA_MOUSE,28,114
sp|Q8VCH6|DHC24_MOUSE,1,1
sp|Q8VCH8|UBXN4_MOUSE,1,1
sp|Q8VCI0|PLBL1_MOUSE,4,6
sp|Q8VCI5|PEX19_MOUSE,3,3
sp|Q8VCM7|FIBG_MOUSE,16,23
sp|Q8VCM8|NCLN_MOUSE,8,11
sp|Q8VCN5|CGL_MOUSE,31,81
sp|Q8VCR2|DHB13_MOUSE,19,26
sp|Q8VCR2|DHB13_MOUSE;sp|Q9EQ06|DHB11_MOUSE,3,5
sp|Q8VCR7|ABHEB_MOUSE,14,39
sp|Q8VCT3|AMPB_MOUSE,4,6
sp|Q8VCT4|EST1D_MOUSE,49,180
sp|Q8VCU1|EST3B_MOUSE,7,29
sp|Q8VCW8|ACSF2_MOUSE,40,104
sp|Q8VCX1|AK1D1_MOUSE,22,34
sp|Q8VCZ9|HYPDH_MOUSE,2,2
sp|Q8VD04|GRAP1_MOUSE,1,1
sp|Q8VDC1|FYCO1_MOUSE,1,1
sp|Q8VDD5|MYH9_MOUSE,67,94
sp|Q8VDD8|WASH1_MOUSE,1,1
sp|Q8VDG5|PPCS_MOUSE,5,5
sp|Q8VDJ3|VIGLN_MOUSE,53,74
sp|Q8VDK1|NIT1_MOUSE,16,20
sp|Q8VDM4|PSMD2_MOUSE,25,29
sp|Q8VDM6|HNRL1_MOUSE,2,2
sp|Q8VDN2|AT1A1_MOUSE,22,43
sp|Q8VDP4|CCAR2_MOUSE,1,1
sp|Q8VDQ1|PTGR2_MOUSE,8,11
sp|Q8VDQ8|SIR2_MOUSE,6,7
sp|Q8VDT9|RM50_MOUSE,1,1
sp|Q8VDW0|DX39A_MOUSE;sp|Q9Z1N5|DX39B_MOUSE,8,9
sp|Q8VE09|TT39C_MOUSE,9,10
sp|Q8VE22|RT23_MOUSE,2,2
sp|Q8VE37|RCC1_MOUSE,2,2
sp|Q8VE38|OXND1_MOUSE,1,1
sp|Q8VE47|UBA5_MOUSE,2,2
sp|Q8VE62|PAIP1_MOUSE,1,1
sp|Q8VE95|CH082_MOUSE,3,3
sp|Q8VEA4|MIA40_MOUSE,1,1
sp|Q8VED5|K2C79_MOUSE,1,2
sp|Q8VEH3|ARL8A_MOUSE;sp|Q9CQW2|ARL8B_MOUSE,4,4
sp|Q8VEH8|ERLEC_MOUSE,2,2
sp|Q8VEK0|CC50A_MOUSE,5,6
sp|Q8VEK3|HNRPU_MOUSE,29,56
sp|Q8VEM8|S25A3_MOUSE,17,35
sp|Q8VH51|RBM39_MOUSE,2,2
sp|Q8VHE0|SEC63_MOUSE,5,5
sp|Q8VI36|PAXI_MOUSE,2,2
sp|Q8VI47|MRP2_MOUSE,9,11
sp|Q8VI75|IPO4_MOUSE,1,1
sp|Q8VIJ6|SFPQ_MOUSE,16,25
sp|Q8VIJ6|SFPQ_MOUSE;sp|Q99K48|NONO_MOUSE,1,1
sp|Q8WTY4|CPIN1_MOUSE,1,1
sp|Q8WUR0|CS012_MOUSE,1,1
sp|Q91V01|MBOA5_MOUSE,1,1
sp|Q91V16|ETFR1_MOUSE,1,1
sp|Q91V41|RAB14_MOUSE,9,12
sp|Q91V61|SFXN3_MOUSE,1,2
sp|Q91V61|SFXN3_MOUSE;sp|Q99JR1|SFXN1_MOUSE,1,3
sp|Q91V64|ISOC1_MOUSE,9,11
sp|Q91V76|CK054_MOUSE,23,39
sp|Q91V92|ACLY_MOUSE,50,86
sp|Q91VA0|ACSM1_MOUSE,37,81
sp|Q91VA6|PDIP2_MOUSE,5,6
sp|Q91VC3|IF4A3_MOUSE,3,3
sp|Q91VC4|PLVAP_MOUSE,2,2
sp|Q91VC9|GHITM_MOUSE,1,1
sp|Q91VD9|NDUS1_MOUSE,40,71
sp|Q91VF2|HNMT_MOUSE,3,3
sp|Q91VH2|SNX9_MOUSE,1,1
sp|Q91VH6|MEMO1_MOUSE,5,6
sp|Q91VI7|RINI_MOUSE,21,29
sp|Q91VM5|RMXL1_MOUSE;sp|Q9WV02|RBMX_MOUSE,8,13
sp|Q91VM9|IPYR2_MOUSE,8,13
sp|Q91VR2|ATPG_MOUSE,22,77
sp|Q91VR5|DDX1_MOUSE,22,31
sp|Q91VS7|MGST1_MOUSE,18,59
sp|Q91VS8|FARP2_MOUSE,1,1
sp|Q91VT4|CBR4_MOUSE,10,13
sp|Q91VU6|DCA11_MOUSE,3,3
sp|Q91VW5|GOGA4_MOUSE,1,1
sp|Q91VZ6|SMAP1_MOUSE,1,1
sp|Q91W34|RUSF1_MOUSE,1,1
sp|Q91W43|GCSP_MOUSE,25,32
sp|Q91W50|CSDE1_MOUSE,6,8
sp|Q91W52|TMM19_MOUSE,1,2
sp|Q91W64|CP270_MOUSE,16,21
sp|Q91W64|CP270_MOUSE;sp|Q9D816|CP255_MOUSE,1,1
sp|Q91W86|VPS11_MOUSE,1,1
sp|Q91W90|TXND5_MOUSE,18,33
sp|Q91WC3|ACSL6_MOUSE,1,1
sp|Q91WD5|NDUS2_MOUSE,15,22
sp|Q91WG0|EST2C_MOUSE,13,18
sp|Q91WG8|GLCNE_MOUSE,12,13
sp|Q91WJ8|FUBP1_MOUSE,3,3
sp|Q91WK1|SPRY4_MOUSE,1,1
sp|Q91WK2|EIF3H_MOUSE,2,2
sp|Q91WK5|GCSH_MOUSE,2,4
sp|Q91WL5|CP4CA_MOUSE,11,17
sp|Q91WM2|HDHD5_MOUSE,2,3
sp|Q91WM3|U3IP2_MOUSE,1,1
sp|Q91WM6|EVA1A_MOUSE,1,1
sp|Q91WN4|KMO_MOUSE,18,35
sp|Q91WP6|SPA3N_MOUSE,1,1
sp|Q91WQ3|SYYC_MOUSE,5,5
sp|Q91WS0|CISD1_MOUSE,11,31
sp|Q91WS4|BHMT2_MOUSE,20,64
sp|Q91WT8|RBM47_MOUSE,6,6
sp|Q91WT9|CBS_MOUSE,27,44
sp|Q91WU0|EST1F_MOUSE,45,126
sp|Q91WU5|AS3MT_MOUSE,9,12
sp|Q91X34|BAAT_MOUSE,20,42
sp|Q91X44|GCKR_MOUSE,22,36
sp|Q91X52|DCXR_MOUSE,11,22
sp|Q91X72|HEMO_MOUSE,23,28
sp|Q91X77|CY250_MOUSE,11,24
sp|Q91X78|ERLN1_MOUSE,1,1
sp|Q91X83|METK1_MOUSE,34,87
sp|Q91X91|NADC_MOUSE,16,39
sp|Q91X96|MSS4_MOUSE,1,1
sp|Q91XB7|YIF1A_MOUSE,1,2
sp|Q91XC9|PEX16_MOUSE,3,4
sp|Q91XD2|LIMS2_MOUSE,1,1
sp|Q91XD4|FTCD_MOUSE,57,121
sp|Q91XE0|GLYAT_MOUSE,25,56
sp|Q91XE4|ACY3_MOUSE,7,11
sp|Q91XE8|TM205_MOUSE,2,2
sp|Q91XF0|PNPO_MOUSE,9,15
sp|Q91XL9|OSBL1_MOUSE,3,3
sp|Q91Y97|ALDOB_MOUSE,61,365
sp|Q91YE6|IPO9_MOUSE,1,1
sp|Q91YH5|ATLA3_MOUSE,10,14
sp|Q91YI0|ARLY_MOUSE,55,162
sp|Q91YJ2|SNX4_MOUSE,2,2
sp|Q91YM4|FAKD4_MOUSE,1,1
sp|Q91YN5|UAP1_MOUSE,2,2
sp|Q91YP0|L2HDH_MOUSE,5,7
sp|Q91YP3|DEOC_MOUSE,2,2
sp|Q91YQ5|RPN1_MOUSE,43,63
sp|Q91YR1|TWF1_MOUSE,3,4
sp|Q91YR7|PRP6_MOUSE,1,1
sp|Q91YT0|NDUV1_MOUSE,31,50
sp|Q91YW3|DNJC3_MOUSE,5,6
sp|Q91YY5|SO1A5_MOUSE;sp|Q99J94|SO1A6_MOUSE;sp|Q9QXZ6|SO1A1_MOUSE,1,9
sp|Q91Z31|PTBP2_MOUSE,1,1
sp|Q91Z53|GRHPR_MOUSE,25,76
sp|Q91Z58|CF132_MOUSE,1,1
sp|Q91ZA3|PCCA_MOUSE,50,89
sp|Q91ZE0|TMLH_MOUSE,2,2
sp|Q91ZH7|ABHD3_MOUSE,1,1
sp|Q91ZJ5|UGPA_MOUSE,39,75
sp|Q91ZR2|SNX18_MOUSE,1,1
sp|Q91ZR3|ZHANG_MOUSE,1,1
sp|Q91ZV0|MIA2_MOUSE,6,8
sp|Q91ZX7|LRP1_MOUSE,32,37
sp|Q920A5|RISC_MOUSE,2,3
sp|Q920E5|FPPS_MOUSE,22,39
sp|Q920L1|FADS1_MOUSE,5,7
sp|Q921F2|TADBP_MOUSE,10,15
sp|Q921F4|HNRLL_MOUSE,1,1
sp|Q921G7|ETFD_MOUSE,45,94
sp|Q921H8|THIKA_MOUSE,10,31
sp|Q921H9|COA7_MOUSE,1,1
sp|Q921I1|TRFE_MOUSE,76,131
sp|Q921L3|TMCO1_MOUSE,3,5
sp|Q921L5|COG2_MOUSE,1,1
sp|Q921M3|SF3B3_MOUSE,4,4
sp|Q921M4|GOGA2_MOUSE,2,2
sp|Q921S7|RM37_MOUSE,2,2
sp|Q921T2|TOIP1_MOUSE,3,5
sp|Q921W4|QORL1_MOUSE,1,2
sp|Q921X9|PDIA5_MOUSE,16,28
sp|Q922B1|MACD1_MOUSE,4,6
sp|Q922B2|SYDC_MOUSE,17,23
sp|Q922B9|ITPI2_MOUSE,1,1
sp|Q922D4|PP6R3_MOUSE,3,3
sp|Q922D8|C1TC_MOUSE,60,133
sp|Q922E4|PCY2_MOUSE,13,18
sp|Q922F4|TBB6_MOUSE,1,1
sp|Q922H4|GMPPA_MOUSE,2,4
sp|Q922Q1|MARC2_MOUSE,20,62
sp|Q922Q8|LRC59_MOUSE,16,27
sp|Q922R8|PDIA6_MOUSE,25,60
sp|Q922U2|K2C5_MOUSE,1,1
sp|Q922V4|PLRG1_MOUSE,2,2
sp|Q923B0|GGACT_MOUSE,2,2
sp|Q923B6|STEA4_MOUSE,2,2
sp|Q923D2|BLVRB_MOUSE,18,48
sp|Q923D4|SF3B5_MOUSE,2,2
sp|Q923D5|WBP11_MOUSE,1,1
sp|Q924D0|RT4I1_MOUSE,4,5
sp|Q924M7|MPI_MOUSE,1,1
sp|Q924T2|RT02_MOUSE,2,2
sp|Q924Y0|BODG_MOUSE,12,15
sp|Q924Z4|CERS2_MOUSE,6,7
sp|Q925I1|ATAD3_MOUSE,12,15
sp|Q925N0|SFXN5_MOUSE,1,1
sp|Q925N2|SFXN2_MOUSE,3,3
sp|Q93092|TALDO_MOUSE,26,54
sp|Q99020|ROAA_MOUSE,12,17
sp|Q99020|ROAA_MOUSE;sp|Q9Z130|HNRDL_MOUSE,1,5
sp|Q99J08|S14L2_MOUSE,39,110
sp|Q99J36|THUM1_MOUSE,2,2
sp|Q99J39|DCMC_MOUSE,6,7
sp|Q99J47|DRS7B_MOUSE,1,1
sp|Q99J56|DERL1_MOUSE,1,2
sp|Q99J77|SIAS_MOUSE,5,5
sp|Q99J93|IFM2_MOUSE;sp|Q9CQW9|IFM3_MOUSE,1,1
sp|Q99J95|CDK9_MOUSE,1,1
sp|Q99J99|THTM_MOUSE,25,51
sp|Q99JB2|STML2_MOUSE,9,16
sp|Q99JB8|PACN3_MOUSE,5,6
sp|Q99JI4|PSMD6_MOUSE,3,3
sp|Q99JI6|RAP1B_MOUSE,1,2
sp|Q99JR1|SFXN1_MOUSE,15,28
sp|Q99JT9|MTND_MOUSE,4,5
sp|Q99JW2|ACY1_MOUSE,10,14
sp|Q99JX3|GORS2_MOUSE,7,7
sp|Q99JX4|EIF3M_MOUSE,1,1
sp|Q99JY0|ECHB_MOUSE,45,149
sp|Q99JY4|TRABD_MOUSE,1,1
sp|Q99JY9|ARP3_MOUSE,13,16
sp|Q99K01|PDXD1_MOUSE,1,1
sp|Q99K23|UFSP2_MOUSE,1,1
sp|Q99K28|ARFG2_MOUSE,4,6
sp|Q99K30|ES8L2_MOUSE,9,11
sp|Q99K41|EMIL1_MOUSE,4,4
sp|Q99K48|NONO_MOUSE,8,9
sp|Q99K51|PLST_MOUSE,14,22
sp|Q99K67|AASS_MOUSE,48,96
sp|Q99KB8|GLO2_MOUSE,16,41
sp|Q99KC8|VMA5A_MOUSE,3,4
sp|Q99KF1|TMED9_MOUSE,4,5
sp|Q99KG5|LSR_MOUSE,2,2
sp|Q99KI0|ACON_MOUSE,63,139
sp|Q99KI3|EMC3_MOUSE,1,1
sp|Q99KJ8|DCTN2_MOUSE,4,4
sp|Q99KK2|NEUA_MOUSE,8,10
sp|Q99KK7|DPP3_MOUSE,10,11
sp|Q99KN9|EPN4_MOUSE,2,3
sp|Q99KP3|CRYL1_MOUSE,2,2
sp|Q99KP6|PRP19_MOUSE,6,8
sp|Q99KQ4|NAMPT_MOUSE,15,22
sp|Q99KR3|LACB2_MOUSE,21,35
sp|Q99KR7|PPIF_MOUSE,8,15
sp|Q99KV1|DJB11_MOUSE,7,7
sp|Q99KW3|TARA_MOUSE,2,2
sp|Q99L04|DHRS1_MOUSE,22,29
sp|Q99L13|3HIDH_MOUSE,25,61
sp|Q99L20|GSTT3_MOUSE,9,11
sp|Q99L45|IF2B_MOUSE,3,3
sp|Q99L47|F10A1_MOUSE,12,15
sp|Q99L88|SNTB1_MOUSE,6,9
sp|Q99LB2|DHRS4_MOUSE,26,48
sp|Q99LB6|MAT2B_MOUSE,2,2
sp|Q99LB7|SARDH_MOUSE,67,208
sp|Q99LC3|NDUAA_MOUSE,24,36
sp|Q99LC5|ETFA_MOUSE,48,194
sp|Q99LC9|PEX6_MOUSE,4,4
sp|Q99LD4|CSN1_MOUSE,2,2
sp|Q99LD8|DDAH2_MOUSE,1,1
sp|Q99LD9|EI2BB_MOUSE,1,1
sp|Q99LE6|ABCF2_MOUSE,1,1
sp|Q99LF4|RTCB_MOUSE,19,29
sp|Q99LI8|HGS_MOUSE,4,4
sp|Q99LM2|CK5P3_MOUSE,4,4
sp|Q99LP6|GRPE1_MOUSE,15,23
sp|Q99LT0|DPY30_MOUSE,1,1
sp|Q99LX0|PARK7_MOUSE,19,63
sp|Q99LY9|NDUS5_MOUSE,4,4
sp|Q99M87|DNJA3_MOUSE,5,5
sp|Q99MN1|SYK_MOUSE,8,9
sp|Q99MN9|PCCB_MOUSE,24,38
sp|Q99MR0|ACL6B_MOUSE;sp|Q9Z2N8|ACL6A_MOUSE,1,1
sp|Q99MR6|SRRT_MOUSE,5,5
sp|Q99MR8|MCCA_MOUSE,29,40
sp|Q99MZ7|PECR_MOUSE,16,42
sp|Q99N16|CP4F3_MOUSE,2,3
sp|Q99N16|CP4F3_MOUSE;sp|Q9EP75|CP4FE_MOUSE,2,2
sp|Q99N42|TYPH_MOUSE,9,10
sp|Q99N87|RT05_MOUSE,2,3
sp|Q99N92|RM27_MOUSE,2,2
sp|Q99N93|RM16_MOUSE,1,1
sp|Q99N95|RM03_MOUSE,2,2
sp|Q99N96|RM01_MOUSE,1,1
sp|Q99NB9|SF3B1_MOUSE,6,6
sp|Q99P27|PG12B_MOUSE,3,3
sp|Q99P30|NUDT7_MOUSE,16,42
sp|Q99P72|RTN4_MOUSE,1,1
sp|Q99PG0|AAAD_MOUSE,26,54
sp|Q99PL5|RRBP1_MOUSE,51,75
sp|Q99PT1|GDIR1_MOUSE,3,4
sp|Q99PU8|DHX30_MOUSE,1,1
sp|Q99PV0|PRP8_MOUSE,2,2
sp|Q99PW4|PRPKB_MOUSE,1,1
sp|Q9CPP6|NDUA5_MOUSE,8,21
sp|Q9CPQ1|COX6C_MOUSE,10,23
sp|Q9CPQ3|TOM22_MOUSE,1,1
sp|Q9CPQ8|ATP5L_MOUSE,10,37
sp|Q9CPR4|RL17_MOUSE,20,38
sp|Q9CPR5|RM15_MOUSE,6,6
sp|Q9CPS6|HINT3_MOUSE,1,1
sp|Q9CPT4|MYDGF_MOUSE,1,1
sp|Q9CPU0|LGUL_MOUSE,24,67
sp|Q9CPU2|NDUB2_MOUSE,2,4
sp|Q9CPU4|MGST3_MOUSE,1,1
sp|Q9CPV4|GLOD4_MOUSE,13,21
sp|Q9CPW4|ARPC5_MOUSE,2,2
sp|Q9CPX6|ATG3_MOUSE,1,2
sp|Q9CPX8|QCR10_MOUSE,1,2
sp|Q9CPY7|AMPL_MOUSE,41,148
sp|Q9CQ00|DMAC1_MOUSE,2,4
sp|Q9CQ10|CHMP3_MOUSE,1,1
sp|Q9CQ48|NUDC2_MOUSE,2,2
sp|Q9CQ54|NDUC2_MOUSE,7,12
sp|Q9CQ60|6PGL_MOUSE,15,23
sp|Q9CQ62|DECR_MOUSE,30,84
sp|Q9CQ65|MTAP_MOUSE,3,3
sp|Q9CQ69|QCR8_MOUSE,8,17
sp|Q9CQ75|NDUA2_MOUSE,7,15
sp|Q9CQ89|CUTA_MOUSE,2,3
sp|Q9CQ91|NDUA3_MOUSE,1,3
sp|Q9CQ92|FIS1_MOUSE,5,11
sp|Q9CQA3|SDHB_MOUSE,19,47
sp|Q9CQB5|CISD2_MOUSE,3,4
sp|Q9CQC7|NDUB4_MOUSE,10,16
sp|Q9CQC9|SAR1B_MOUSE,11,18
sp|Q9CQD1|RAB5A_MOUSE,1,1
sp|Q9CQE1|NPS3B_MOUSE,7,7
sp|Q9CQE8|RTRAF_MOUSE,2,3
sp|Q9CQF0|RM11_MOUSE,3,4
sp|Q9CQF3|CPSF5_MOUSE,1,2
sp|Q9CQF9|PCYOX_MOUSE,4,5
sp|Q9CQH3|NDUB5_MOUSE,7,12
sp|Q9CQH7|BT3L4_MOUSE,4,9
sp|Q9CQI3|GMFB_MOUSE;sp|Q9ERL7|GMFG_MOUSE,1,2
sp|Q9CQI6|COTL1_MOUSE,2,2
sp|Q9CQI7|RU2B_MOUSE,1,1
sp|Q9CQJ6|DENR_MOUSE,4,5
sp|Q9CQJ8|NDUB9_MOUSE,6,9
sp|Q9CQL5|RM18_MOUSE,2,2
sp|Q9CQM5|TXD17_MOUSE,4,4
sp|Q9CQM9|GLRX3_MOUSE,2,3
sp|Q9CQN1|TRAP1_MOUSE,20,26
sp|Q9CQN6|TM14C_MOUSE,3,8
sp|Q9CQN7|RM41_MOUSE,2,2
sp|Q9CQQ7|AT5F1_MOUSE,22,63
sp|Q9CQQ8|LSM7_MOUSE,1,1
sp|Q9CQR2|RS21_MOUSE,10,41
sp|Q9CQR4|ACO13_MOUSE,8,19
sp|Q9CQR6|PPP6_MOUSE,1,1
sp|Q9CQS2|NOP10_MOUSE,2,7
sp|Q9CQS8|SC61B_MOUSE,2,7
sp|Q9CQT1|MTNA_MOUSE,5,6
sp|Q9CQT9|RCAF1_MOUSE,1,2
sp|Q9CQU0|TXD12_MOUSE,5,8
sp|Q9CQU3|RER1_MOUSE,2,2
sp|Q9CQV1|TIM16_MOUSE,4,4
sp|Q9CQV5|RT24_MOUSE,2,2
sp|Q9CQV8|1433B_MOUSE,2,2
sp|Q9CQW3|PROZ_MOUSE,1,1
sp|Q9CQX2|CYB5B_MOUSE,7,16
sp|Q9CQX8|KGD4_MOUSE,3,6
sp|Q9CQY5|MAGT1_MOUSE,3,3
sp|Q9CQZ5|NDUA6_MOUSE,8,15
sp|Q9CQZ6|NDUB3_MOUSE,4,6
sp|Q9CR00|PSMD9_MOUSE,5,8
sp|Q9CR09|UFC1_MOUSE,6,8
sp|Q9CR16|PPID_MOUSE,7,10
sp|Q9CR20|IR3IP_MOUSE,1,1
sp|Q9CR21|ACPM_MOUSE,3,3
sp|Q9CR29|CCD43_MOUSE,1,1
sp|Q9CR51|VATG1_MOUSE,2,4
sp|Q9CR57|RL14_MOUSE,10,26
sp|Q9CR61|NDUB7_MOUSE,5,8
sp|Q9CR62|M2OM_MOUSE,14,19
sp|Q9CR67|TMM33_MOUSE,3,3
sp|Q9CR68|UCRI_MOUSE,10,26
sp|Q9CR86|CHSP1_MOUSE,3,3
sp|Q9CR95|NECP1_MOUSE,1,1
sp|Q9CR98|F136A_MOUSE,4,8
sp|Q9CRB2|NHP2_MOUSE,1,1
sp|Q9CRB3|HIUH_MOUSE,9,24
sp|Q9CRB8|MTFP1_MOUSE,2,2
sp|Q9CRB9|MIC19_MOUSE,15,26
sp|Q9CRC0|VKOR1_MOUSE,2,2
sp|Q9CRC8|LRC40_MOUSE,1,1
sp|Q9CRD0|OCAD1_MOUSE,5,10
sp|Q9CRD2|EMC2_MOUSE,2,2
sp|Q9CSU0|RPR1B_MOUSE,1,1
sp|Q9CT10|RANB3_MOUSE,1,3
sp|Q9CU62|SMC1A_MOUSE,2,2
sp|Q9CVB6|ARPC2_MOUSE,8,9
sp|Q9CW42|MARC1_MOUSE,20,53
sp|Q9CWD8|NUBPL_MOUSE,2,2
sp|Q9CWH6|PSMA8_MOUSE;sp|Q9Z2U0|PSA7_MOUSE,7,11
sp|Q9CWI3|BCCIP_MOUSE,1,1
sp|Q9CWJ9|PUR9_MOUSE,13,17
sp|Q9CWK8|SNX2_MOUSE,10,10
sp|Q9CWK8|SNX2_MOUSE;sp|Q9WV80|SNX1_MOUSE,1,1
sp|Q9CWM4|PFD1_MOUSE,1,1
sp|Q9CWS0|DDAH1_MOUSE,4,4
sp|Q9CWW6|PIN4_MOUSE,1,1
sp|Q9CWX2|CIA30_MOUSE,1,1
sp|Q9CWZ7|SNAG_MOUSE,1,1
sp|Q9CX56|PSMD8_MOUSE,7,9
sp|Q9CX86|ROA0_MOUSE,1,2
sp|Q9CXA2|T3HPD_MOUSE,3,3
sp|Q9CXE7|TMED5_MOUSE,1,1
sp|Q9CXF0|KYNU_MOUSE,25,38
sp|Q9CXI0|COQ5_MOUSE,1,1
sp|Q9CXI5|MANF_MOUSE,10,13
sp|Q9CXN7|PBLD2_MOUSE,16,32
sp|Q9CXN7|PBLD2_MOUSE;sp|Q9DCG6|PBLD1_MOUSE,12,38
sp|Q9CXR1|DHRS7_MOUSE,1,1
sp|Q9CXS4|CENPV_MOUSE,7,8
sp|Q9CXT8|MPPB_MOUSE,10,12
sp|Q9CXV1|DHSD_MOUSE,2,2
sp|Q9CXW2|RT22_MOUSE,2,2
sp|Q9CXW3|CYBP_MOUSE,1,1
sp|Q9CXW4|RL11_MOUSE,5,10
sp|Q9CXY6|ILF2_MOUSE,2,2
sp|Q9CXZ1|NDUS4_MOUSE,7,11
sp|Q9CY27|TECR_MOUSE,14,18
sp|Q9CY50|SSRA_MOUSE,4,9
sp|Q9CY57|CHTOP_MOUSE,2,6
sp|Q9CY58|SERB1_MOUSE,7,18
sp|Q9CY64|BIEA_MOUSE,4,4
sp|Q9CYG7|TOM34_MOUSE,2,2
sp|Q9CYH2|PXL2A_MOUSE,6,7
sp|Q9CYN2|SPCS2_MOUSE,4,5
sp|Q9CYR6|AGM1_MOUSE,4,4
sp|Q9CYS6|CB072_MOUSE,2,2
sp|Q9CYW4|HDHD3_MOUSE,17,32
sp|Q9CYZ2|TPD54_MOUSE,2,3
sp|Q9CYZ6|REX1B_MOUSE,2,2
sp|Q9CZ04|CSN7A_MOUSE,5,5
sp|Q9CZ13|QCR1_MOUSE,38,133
sp|Q9CZ30|OLA1_MOUSE,8,13
sp|Q9CZ42|NNRD_MOUSE,10,10
sp|Q9CZ44|NSF1C_MOUSE,9,10
sp|Q9CZB0|C560_MOUSE,7,11
sp|Q9CZD3|GARS_MOUSE,5,6
sp|Q9CZD5|IF3M_MOUSE,1,1
sp|Q9CZG3|COMD8_MOUSE,1,1
sp|Q9CZL5|PHS2_MOUSE,2,2
sp|Q9CZM2|RL15_MOUSE,12,24
sp|Q9CZN7|GLYM_MOUSE,29,50
sp|Q9CZP5|BCS1_MOUSE,2,3
sp|Q9CZR8|EFTS_MOUSE,3,6
sp|Q9CZS1|AL1B1_MOUSE,20,32
sp|Q9CZU6|CISY_MOUSE,22,107
sp|Q9CZW5|TOM70_MOUSE,9,14
sp|Q9CZX8|RS19_MOUSE,14,31
sp|Q9CZY3|UB2V1_MOUSE,1,3
sp|Q9CZY3|UB2V1_MOUSE;sp|Q9D2M8|UB2V2_MOUSE,3,5
sp|Q9D023|MPC2_MOUSE,4,16
sp|Q9D024|CCD47_MOUSE,3,3
sp|Q9D051|ODPB_MOUSE,19,30
sp|Q9D071|MMS19_MOUSE,2,4
sp|Q9D0E1|HNRPM_MOUSE,13,16
sp|Q9D0F3|LMAN1_MOUSE,17,23
sp|Q9D0F9|PGM1_MOUSE,50,130
sp|Q9D0I9|SYRC_MOUSE,18,26
sp|Q9D0J8|PTMS_MOUSE,2,8
sp|Q9D0M3|CY1_MOUSE,12,33
sp|Q9D0M5|DYL2_MOUSE,5,6
sp|Q9D0R2|SYTC_MOUSE,21,27
sp|Q9D0R4|DDX56_MOUSE,1,1
sp|Q9D0R8|LSM12_MOUSE,1,1
sp|Q9D0S9|HINT2_MOUSE,10,27
sp|Q9D0T1|NH2L1_MOUSE,3,7
sp|Q9D0W5|PPIL1_MOUSE,2,2
sp|Q9D110|MTHFS_MOUSE,2,3
sp|Q9D114|MESH1_MOUSE,1,3
sp|Q9D154|ILEUA_MOUSE,4,4
sp|Q9D172|GAL3A_MOUSE,17,43
sp|Q9D1A2|CNDP2_MOUSE,17,23
sp|Q9D1B9|RM28_MOUSE,2,2
sp|Q9D1D4|TMEDA_MOUSE,8,11
sp|Q9D1F4|AKTS1_MOUSE,1,1
sp|Q9D1G1|RAB1B_MOUSE,6,16
sp|Q9D1H6|NDUF4_MOUSE,1,1
sp|Q9D1H8|RM53_MOUSE,2,2
sp|Q9D1I5|MCEE_MOUSE,3,3
sp|Q9D1I6|RM14_MOUSE,2,2
sp|Q9D1J3|SARNP_MOUSE,7,7
sp|Q9D1L0|CHCH2_MOUSE,3,5
sp|Q9D1M0|SEC13_MOUSE,5,7
sp|Q9D1M7|FKB11_MOUSE,2,3
sp|Q9D1N9|RM21_MOUSE,1,1
sp|Q9D1P4|CHRD1_MOUSE,1,1
sp|Q9D1Q4|DPM3_MOUSE,1,1
sp|Q9D1Q6|ERP44_MOUSE,14,20
sp|Q9D1R9|RL34_MOUSE,5,11
sp|Q9D273|MMAB_MOUSE,2,2
sp|Q9D281|NXP20_MOUSE,2,2
sp|Q9D2C7|BI1_MOUSE,2,2
sp|Q9D2G2|ODO2_MOUSE,17,46
sp|Q9D2R0|AACS_MOUSE,8,10
sp|Q9D2R8|RT33_MOUSE,1,1
sp|Q9D2V7|CORO7_MOUSE,5,5
sp|Q9D358|PPAC_MOUSE,5,6
sp|Q9D379|HYEP_MOUSE,47,86
sp|Q9D3D9|ATPD_MOUSE,5,22
sp|Q9D404|OXSM_MOUSE,6,8
sp|Q9D554|SF3A3_MOUSE,3,3
sp|Q9D5J6|SHPK_MOUSE,10,11
sp|Q9D5T0|ATAD1_MOUSE,1,1
sp|Q9D6F9|TBB4A_MOUSE,1,1
sp|Q9D6J5|NDUB8_MOUSE,5,11
sp|Q9D6J6|NDUV2_MOUSE,8,12
sp|Q9D6K5|SYJ2B_MOUSE,8,9
sp|Q9D6K7|TTC33_MOUSE,1,1
sp|Q9D6M3|GHC1_MOUSE,7,15
sp|Q9D6M3|GHC1_MOUSE;sp|Q9DB41|GHC2_MOUSE,2,2
sp|Q9D6R2|IDH3A_MOUSE,9,10
sp|Q9D6S7|RRFM_MOUSE,3,4
sp|Q9D6U8|F162A_MOUSE,4,4
sp|Q9D6Y7|MSRA_MOUSE,16,24
sp|Q9D6Y9|GLGB_MOUSE,33,52
sp|Q9D6Z1|NOP56_MOUSE,12,15
sp|Q9D773|RM02_MOUSE,2,2
sp|Q9D7A6|SRP19_MOUSE,2,2
sp|Q9D7A8|ARMC1_MOUSE,2,3
sp|Q9D7B6|ACAD8_MOUSE,15,20
sp|Q9D7G0|PRPS1_MOUSE,7,9
sp|Q9D7I5|LHPP_MOUSE,8,13
sp|Q9D7J9|ECHD3_MOUSE,15,44
sp|Q9D7N6|RM30_MOUSE,2,2
sp|Q9D7N9|APMAP_MOUSE,6,9
sp|Q9D7P6|ISCU_MOUSE,2,2
sp|Q9D7S7|RL22L_MOUSE,3,5
sp|Q9D7X3|DUS3_MOUSE,3,4
sp|Q9D816|CP255_MOUSE,1,1
sp|Q9D819|IPYR_MOUSE,23,48
sp|Q9D820|PRXD1_MOUSE,2,2
sp|Q9D826|SOX_MOUSE,34,61
sp|Q9D855|QCR7_MOUSE,13,29
sp|Q9D880|TIM50_MOUSE,4,4
sp|Q9D883|U2AF1_MOUSE,3,4
sp|Q9D892|ITPA_MOUSE,1,1
sp|Q9D898|ARP5L_MOUSE,1,1
sp|Q9D8B3|CHM4B_MOUSE,3,4
sp|Q9D8B4|NDUAB_MOUSE,4,6
sp|Q9D8B6|F210B_MOUSE,1,1
sp|Q9D8C4|IN35_MOUSE,5,6
sp|Q9D8E6|RL4_MOUSE,35,114
sp|Q9D8N0|EF1G_MOUSE,16,37
sp|Q9D8P4|RM17_MOUSE,2,2
sp|Q9D8S4|ORN_MOUSE,4,5
sp|Q9D8T2|GSDMD_MOUSE,3,4
sp|Q9D8T7|SLIRP_MOUSE,5,6
sp|Q9D8U8|SNX5_MOUSE,5,7
sp|Q9D8V0|HM13_MOUSE,1,3
sp|Q9D8W5|PSD12_MOUSE,6,7
sp|Q9D8W7|OCAD2_MOUSE,5,7
sp|Q9D8X1|CUTC_MOUSE,2,2
sp|Q9D8X2|CC124_MOUSE,2,2
sp|Q9D8Y0|EFHD2_MOUSE,2,2
sp|Q9D8Y1|T126A_MOUSE,2,3
sp|Q9D958|SPCS1_MOUSE,1,3
sp|Q9D967|MGDP1_MOUSE,2,3
sp|Q9D9V3|ECHD1_MOUSE,4,5
sp|Q9DAK9|PHP14_MOUSE,1,1
sp|Q9DAR7|DCPS_MOUSE,4,4
sp|Q9DAW9|CNN3_MOUSE,2,4
sp|Q9DB05|SNAA_MOUSE,2,2
sp|Q9DB15|RM12_MOUSE,4,4
sp|Q9DB20|ATPO_MOUSE,26,88
sp|Q9DB25|ALG5_MOUSE,1,1
sp|Q9DB26|PHYD1_MOUSE,3,4
sp|Q9DB27|MCTS1_MOUSE,2,2
sp|Q9DB29|IAH1_MOUSE,4,4
sp|Q9DB60|PXL2B_MOUSE,1,1
sp|Q9DB77|QCR2_MOUSE,39,87
sp|Q9DBA6|TYSD1_MOUSE,2,2
sp|Q9DBA8|HUTI_MOUSE,27,64
sp|Q9DBB8|DHDH_MOUSE,22,47
sp|Q9DBC0|SELO_MOUSE,7,7
sp|Q9DBC7|KAP0_MOUSE,1,1
sp|Q9DBD0|ICA_MOUSE,4,4
sp|Q9DBE0|CSAD_MOUSE,38,114
sp|Q9DBE8|ALG2_MOUSE,1,1
sp|Q9DBF1|AL7A1_MOUSE,50,134
sp|Q9DBG1|CP27A_MOUSE,38,61
sp|Q9DBG3|AP2B1_MOUSE,8,10
sp|Q9DBG5|PLIN3_MOUSE,4,5
sp|Q9DBG6|RPN2_MOUSE,25,37
sp|Q9DBG7|SRPRA_MOUSE,3,3
sp|Q9DBG9|TX1B3_MOUSE,1,1
sp|Q9DBH5|LMAN2_MOUSE,9,12
sp|Q9DBJ1|PGAM1_MOUSE,18,37
sp|Q9DBJ3|BI2L1_MOUSE,1,1
sp|Q9DBK0|ACO12_MOUSE,7,7
sp|Q9DBL1|ACDSB_MOUSE,20,22
sp|Q9DBL7|COASY_MOUSE,27,53
sp|Q9DBL9|ABHD5_MOUSE,1,1
sp|Q9DBM0|ABCG8_MOUSE,1,1
sp|Q9DBM2|ECHP_MOUSE,87,276
sp|Q9DBN5|LONP2_MOUSE,10,13
sp|Q9DBP5|KCY_MOUSE,14,26
sp|Q9DBS5|KLC4_MOUSE,2,2
sp|Q9DBT9|M2GD_MOUSE,90,260
sp|Q9DBW0|CP4V2_MOUSE,23,34
sp|Q9DBZ5|EIF3K_MOUSE,5,5
sp|Q9DC16|ERGI1_MOUSE,3,4
sp|Q9DC50|OCTC_MOUSE,21,39
sp|Q9DC51|GNAI3_MOUSE,3,3
sp|Q9DC61|MPPA_MOUSE,8,9
sp|Q9DC69|NDUA9_MOUSE,23,40
sp|Q9DC70|NDUS7_MOUSE,7,10
sp|Q9DCC4|P5CR3_MOUSE,7,10
sp|Q9DCD0|6PGD_MOUSE,13,20
sp|Q9DCF9|SSRG_MOUSE,3,3
sp|Q9DCG2|CD302_MOUSE,2,2
sp|Q9DCG6|PBLD1_MOUSE,17,22
sp|Q9DCG9|TR112_MOUSE,1,1
sp|Q9DCH4|EIF3F_MOUSE,8,8
sp|Q9DCH6|ZFAN6_MOUSE,1,2
sp|Q9DCJ5|NDUA8_MOUSE,13,22
sp|Q9DCK3|TSN4_MOUSE,1,2
sp|Q9DCL9|PUR6_MOUSE,10,14
sp|Q9DCM0|ETHE1_MOUSE,15,23
sp|Q9DCM2|GSTK1_MOUSE,15,41
sp|Q9DCN1|NUD12_MOUSE,10,11
sp|Q9DCN2|NB5R3_MOUSE,29,83
sp|Q9DCP2|S38A3_MOUSE,6,9
sp|Q9DCQ2|ASPDH_MOUSE,21,41
sp|Q9DCS2|MTL26_MOUSE,16,31
sp|Q9DCS3|MECR_MOUSE,11,16
sp|Q9DCS9|NDUBA_MOUSE,8,14
sp|Q9DCT1|AKCL2_MOUSE,2,2
sp|Q9DCT2|NDUS3_MOUSE,17,30
sp|Q9DCT8|CRIP2_MOUSE,9,13
sp|Q9DCU6|RM04_MOUSE,1,1
sp|Q9DCU9|HOGA1_MOUSE,21,54
sp|Q9DCV4|RMD1_MOUSE,9,10
sp|Q9DCW4|ETFB_MOUSE,33,122
sp|Q9DCX2|ATP5H_MOUSE,23,78
sp|Q9DCX8|IYD1_MOUSE,1,3
sp|Q9DCY0|KEG1_MOUSE,22,47
sp|Q9DCZ4|MIC26_MOUSE,2,3
sp|Q9DD20|TMT1B_MOUSE,17,47
sp|Q9EP69|SAC1_MOUSE,7,9
sp|Q9EP71|RAI14_MOUSE,3,3
sp|Q9EP72|EMC7_MOUSE,1,1
sp|Q9EP75|CP4FE_MOUSE,5,5
sp|Q9EP89|LACTB_MOUSE,11,12
sp|Q9EPB5|SERHL_MOUSE,1,1
sp|Q9EPC1|PARVA_MOUSE,1,1
sp|Q9EPE9|AT131_MOUSE,3,3
sp|Q9EPJ9|ARFG1_MOUSE,1,1
sp|Q9EPK7|XPO7_MOUSE,1,1
sp|Q9EPL8|IPO7_MOUSE,2,2
sp|Q9EPQ7|STAR5_MOUSE,3,4
sp|Q9EPU0|RENT1_MOUSE,7,8
sp|Q9EQ06|DHB11_MOUSE,14,22
sp|Q9EQ20|MMSA_MOUSE,64,206
sp|Q9EQC1|3BHS7_MOUSE,6,7
sp|Q9EQF5|DPYS_MOUSE,25,42
sp|Q9EQH2|ERAP1_MOUSE,12,13
sp|Q9EQH3|VPS35_MOUSE,6,7
sp|Q9EQK5|MVP_MOUSE,8,13
sp|Q9EQQ2|YIPF5_MOUSE,2,2
sp|Q9EQS3|MYCBP_MOUSE,1,1
sp|Q9EQU5|SET_MOUSE,4,8
sp|Q9ER00|STX12_MOUSE,1,1
sp|Q9ER35|FN3K_MOUSE,2,2
sp|Q9ER72|SYCC_MOUSE,3,4
sp|Q9ER73|ELP4_MOUSE,2,2
sp|Q9ER88|RT29_MOUSE,4,4
sp|Q9ERB0|SNP29_MOUSE,1,1
sp|Q9ERE7|MESD_MOUSE,1,1
sp|Q9ERF3|SKI8_MOUSE,1,1
sp|Q9ERG0|LIMA1_MOUSE,16,19
sp|Q9ERI6|RDH14_MOUSE,2,2
sp|Q9ERK4|XPO2_MOUSE,2,3
sp|Q9ERR7|SEP15_MOUSE,1,1
sp|Q9ERS2|NDUAD_MOUSE,6,8
sp|Q9ERU9|RBP2_MOUSE,4,5
sp|Q9ERY9|ERG28_MOUSE,1,1
sp|Q9ES74|NEK7_MOUSE,1,1
sp|Q9ES97|RTN3_MOUSE,2,2
sp|Q9ESB3|HRG_MOUSE,7,9
sp|Q9ESE1|LRBA_MOUSE,3,3
sp|Q9ESP1|SDF2L_MOUSE,2,2
sp|Q9EST4|PSMG2_MOUSE,1,2
sp|Q9EST5|AN32B_MOUSE,6,10
sp|Q9ESW4|AGK_MOUSE,1,1
sp|Q9ESX5|DKC1_MOUSE,5,6
sp|Q9ET01|PYGL_MOUSE,65,161
sp|Q9ET01|PYGL_MOUSE;sp|Q9WUB3|PYGM_MOUSE,4,9
sp|Q9ET22|DPP2_MOUSE,5,5
sp|Q9ET26|RN114_MOUSE,1,1
sp|Q9ET30|TM9S3_MOUSE,2,2
sp|Q9JHI5|IVD_MOUSE,24,57
sp|Q9JHJ0|TMOD3_MOUSE,1,1
sp|Q9JHK4|PGTA_MOUSE,2,2
sp|Q9JHR7|IDE_MOUSE,15,19
sp|Q9JHS4|CLPX_MOUSE,13,15
sp|Q9JHU2|PALMD_MOUSE,1,1
sp|Q9JHU4|DYHC1_MOUSE,15,16
sp|Q9JHU9|INO1_MOUSE,5,8
sp|Q9JHW2|NIT2_MOUSE,30,50
sp|Q9JHW4|SELB_MOUSE,5,7
sp|Q9JI39|ABCBA_MOUSE,3,3
sp|Q9JI75|NQO2_MOUSE,16,25
sp|Q9JI99|SGPP1_MOUSE,2,3
sp|Q9JIA7|SPHK2_MOUSE,1,1
sp|Q9JIF0|ANM1_MOUSE,1,1
sp|Q9JIF7|COPB_MOUSE,13,19
sp|Q9JIH2|NUP50_MOUSE,1,1
sp|Q9JII1|INP5E_MOUSE,1,3
sp|Q9JII5|DAZP1_MOUSE,4,4
sp|Q9JII6|AK1A1_MOUSE,32,81
sp|Q9JIK5|DDX21_MOUSE,4,4
sp|Q9JIK9|RT34_MOUSE,3,5
sp|Q9JIL4|NHRF3_MOUSE,14,17
sp|Q9JIM1|S29A1_MOUSE,1,1
sp|Q9JIX0|ENY2_MOUSE,1,1
sp|Q9JIX8|ACINU_MOUSE,4,4
sp|Q9JIY5|HTRA2_MOUSE,4,4
sp|Q9JIZ0|CMLO1_MOUSE,2,2
sp|Q9JIZ9|PLS3_MOUSE,1,1
sp|Q9JJC8|NIPA2_MOUSE,1,1
sp|Q9JJI8|RL38_MOUSE,9,21
sp|Q9JJL3|SO1B2_MOUSE,6,11
sp|Q9JJL8|SYSM_MOUSE,1,1
sp|Q9JJU8|SH3L1_MOUSE,4,4
sp|Q9JJW0|PXMP4_MOUSE,2,2
sp|Q9JK38|GNA1_MOUSE,6,8
sp|Q9JK42|PDK2_MOUSE,2,2
sp|Q9JK53|PRELP_MOUSE,5,5
sp|Q9JK81|MYG1_MOUSE,5,5
sp|Q9JK92|HSPB8_MOUSE,3,3
sp|Q9JKB1|UCHL3_MOUSE,2,2
sp|Q9JKF1|IQGA1_MOUSE,1,1
sp|Q9JKF7|RM39_MOUSE,2,2
sp|Q9JKR6|HYOU1_MOUSE,29,53
sp|Q9JKS5|HABP4_MOUSE,1,1
sp|Q9JKX3|TFR2_MOUSE,4,6
sp|Q9JKY5|HIP1R_MOUSE,4,5
sp|Q9JL56|GDE1_MOUSE,1,1
sp|Q9JLB0|PALS2_MOUSE,3,4
sp|Q9JLC3|MSRB1_MOUSE,2,2
sp|Q9JLF6|TGM1_MOUSE,2,2
sp|Q9JLI6|SCLY_MOUSE,6,7
sp|Q9JLJ2|AL9A1_MOUSE,44,99
sp|Q9JLJ4|ELOV2_MOUSE,3,5
sp|Q9JLQ0|CD2AP_MOUSE,1,1
sp|Q9JLT4|TRXR2_MOUSE,9,12
sp|Q9JLT4|TRXR2_MOUSE;sp|Q9JMH6|TRXR1_MOUSE,1,3
sp|Q9JLV1|BAG3_MOUSE,8,11
sp|Q9JLV5|CUL3_MOUSE,3,3
sp|Q9JLZ3|AUHM_MOUSE,6,9
sp|Q9JM14|NT5C_MOUSE,2,5
sp|Q9JM62|REEP6_MOUSE,5,13
sp|Q9JM76|ARPC3_MOUSE,5,9
sp|Q9JMA1|UBP14_MOUSE,4,4
sp|Q9JMD3|STA10_MOUSE,16,37
sp|Q9JMG1|EDF1_MOUSE,3,5
sp|Q9JMH6|TRXR1_MOUSE,9,12
sp|Q9JMH9|MY18A_MOUSE,5,5
sp|Q9QUH0|GLRX1_MOUSE,3,4
sp|Q9QUI0|RHOA_MOUSE,1,3
sp|Q9QUJ7|ACSL4_MOUSE,1,1
sp|Q9QUM9|PSA6_MOUSE,11,16
sp|Q9QUR6|PPCE_MOUSE,4,4
sp|Q9QVP9|FAK2_MOUSE,1,1
sp|Q9QVY8|RAI2_MOUSE,1,1
sp|Q9QWG7|ST1B1_MOUSE,2,2
sp|Q9QX47|SON_MOUSE,1,1
sp|Q9QX60|DGUOK_MOUSE,1,1
sp|Q9QXB9|DRG2_MOUSE,2,2
sp|Q9QXC1|FETUB_MOUSE,2,2
sp|Q9QXD1|ACOX2_MOUSE,39,69
sp|Q9QXD6|F16P1_MOUSE,53,261
sp|Q9QXE0|HACL1_MOUSE,31,63
sp|Q9QXF8|GNMT_MOUSE,45,143
sp|Q9QXG4|ACSA_MOUSE,7,12
sp|Q9QXK3|COPG2_MOUSE,4,5
sp|Q9QXK3|COPG2_MOUSE;sp|Q9QZE5|COPG1_MOUSE,1,2
sp|Q9QXL2|KI21A_MOUSE,1,1
sp|Q9QXS1|PLEC_MOUSE,40,47
sp|Q9QXT0|CNPY2_MOUSE,5,5
sp|Q9QXX4|S2513_MOUSE,51,162
sp|Q9QXY1|ZO3_MOUSE,1,1
sp|Q9QXY6|EHD3_MOUSE,7,10
sp|Q9QXY6|EHD3_MOUSE;sp|Q9WVK4|EHD1_MOUSE,8,12
sp|Q9QXY9|PEX3_MOUSE,2,2
sp|Q9QXZ6|SO1A1_MOUSE,11,20
sp|Q9QY30|ABCBB_MOUSE,33,44
sp|Q9QY76|VAPB_MOUSE,9,11
sp|Q9QY76|VAPB_MOUSE;sp|Q9WV55|VAPA_MOUSE,2,2
sp|Q9QYA2|TOM40_MOUSE,3,3
sp|Q9QYB1|CLIC4_MOUSE,3,5
sp|Q9QYB5|ADDG_MOUSE,2,2
sp|Q9QYC7|VKGC_MOUSE,4,5
sp|Q9QYE6|GOGA5_MOUSE,1,1
sp|Q9QYF1|RDH11_MOUSE,5,5
sp|Q9QYG0|NDRG2_MOUSE,21,64
sp|Q9QYI3|DNJC7_MOUSE,1,1
sp|Q9QYI4|DJB12_MOUSE,2,2
sp|Q9QYI5|DNJB2_MOUSE,1,1
sp|Q9QYJ0|DNJA2_MOUSE,3,10
sp|Q9QYJ3|DNJB1_MOUSE,1,1
sp|Q9QYR9|ACOT2_MOUSE,1,2
sp|Q9QYY9|ADH4_MOUSE,17,29
sp|Q9QZ11|EXO1_MOUSE,1,1
sp|Q9QZ23|NFU1_MOUSE,1,2
sp|Q9QZ73|DCNL1_MOUSE,1,1
sp|Q9QZ85|IIGP1_MOUSE,17,25
sp|Q9QZ88|VPS29_MOUSE,3,4
sp|Q9QZD8|DIC_MOUSE,21,30
sp|Q9QZD9|EIF3I_MOUSE,8,8
sp|Q9QZE5|COPG1_MOUSE,17,24
sp|Q9QZH6|ECSIT_MOUSE,1,1
sp|Q9QZQ1|AFAD_MOUSE,3,3
sp|Q9QZQ8|H2AY_MOUSE,11,11
sp|Q9QZS3|NUMB_MOUSE,2,2
sp|Q9QZW0|AT11C_MOUSE,16,23
sp|Q9QZX7|SRR_MOUSE,2,2
sp|Q9R013|CATF_MOUSE,1,1
sp|Q9R062|GLYG_MOUSE,2,2
sp|Q9R092|H17B6_MOUSE,5,6
sp|Q9R099|TBL2_MOUSE,6,7
sp|Q9R0A0|PEX14_MOUSE,4,4
sp|Q9R0H0|ACOX1_MOUSE,57,134
sp|Q9R0I7|YLPM1_MOUSE,1,1
sp|Q9R0M6|RAB9A_MOUSE,1,1
sp|Q9R0N0|GALK1_MOUSE,8,10
sp|Q9R0P3|ESTD_MOUSE,25,75
sp|Q9R0P5|DEST_MOUSE,11,22
sp|Q9R0P6|SC11A_MOUSE,5,6
sp|Q9R0Q6|ARC1A_MOUSE,4,4
sp|Q9R0Q6|ARC1A_MOUSE;sp|Q9WV32|ARC1B_MOUSE,1,2
sp|Q9R0Q7|TEBP_MOUSE,7,12
sp|Q9R0Q9|MPU1_MOUSE,3,3
sp|Q9R0U0|SRS10_MOUSE,2,3
sp|Q9R111|GUAD_MOUSE,7,7
sp|Q9R112|SQOR_MOUSE,13,17
sp|Q9R1J0|NSDHL_MOUSE,9,12
sp|Q9R1P0|PSA4_MOUSE,13,21
sp|Q9R1P1|PSB3_MOUSE,8,11
sp|Q9R1P3|PSB2_MOUSE,7,10
sp|Q9R1P4|PSA1_MOUSE,8,11
sp|Q9R1S7|MRP6_MOUSE,1,1
sp|Q9R1T2|SAE1_MOUSE,2,3
sp|Q9R1Z7|PTPS_MOUSE,1,1
sp|Q9R1Z8|VINEX_MOUSE,1,1
sp|Q9R233|TPSN_MOUSE,2,4
sp|Q9R257|HEBP1_MOUSE,11,21
sp|Q9WTI7|MYO1C_MOUSE,14,16
sp|Q9WTL7|LYPA2_MOUSE,4,4
sp|Q9WTM5|RUVB2_MOUSE,3,3
sp|Q9WTP6|KAD2_MOUSE,21,80
sp|Q9WTP7|KAD3_MOUSE,30,63
sp|Q9WTQ8|TIM23_MOUSE,1,1
sp|Q9WTR5|CAD13_MOUSE,1,1
sp|Q9WTU6|MK09_MOUSE,1,1
sp|Q9WTX2|PRKRA_MOUSE,3,3
sp|Q9WTX5|SKP1_MOUSE,1,1
sp|Q9WU19|HAOX1_MOUSE,27,60
sp|Q9WU28|PFD5_MOUSE,1,1
sp|Q9WU78|PDC6I_MOUSE,24,30
sp|Q9WU79|PROD_MOUSE,22,29
sp|Q9WU84|CCS_MOUSE,4,4
sp|Q9WUA2|SYFB_MOUSE,14,16
sp|Q9WUK2|IF4H_MOUSE,2,2
sp|Q9WUM3|COR1B_MOUSE,8,11
sp|Q9WUM4|COR1C_MOUSE,5,6
sp|Q9WUM5|SUCA_MOUSE,19,69
sp|Q9WUP7|UCHL5_MOUSE,1,1
sp|Q9WUQ2|PREB_MOUSE,8,11
sp|Q9WUR2|ECI2_MOUSE,13,25
sp|Q9WUR9|KAD4_MOUSE,14,18
sp|Q9WUU7|CATZ_MOUSE,10,19
sp|Q9WUZ9|ENTP5_MOUSE,10,18
sp|Q9WV32|ARC1B_MOUSE,6,9
sp|Q9WV54|ASAH1_MOUSE,4,5
sp|Q9WV55|VAPA_MOUSE,10,15
sp|Q9WV68|DECR2_MOUSE,14,22
sp|Q9WV98|TIM9_MOUSE,6,9
sp|Q9WVA2|TIM8A_MOUSE,3,4
sp|Q9WVA3|BUB3_MOUSE,3,3
sp|Q9WVA4|TAGL2_MOUSE,9,9
sp|Q9WVD5|ORNT1_MOUSE,18,59
sp|Q9WVE8|PACN2_MOUSE,3,4
sp|Q9WVJ2|PSD13_MOUSE,7,9
sp|Q9WVJ3|CBPQ_MOUSE,4,5
sp|Q9WVK4|EHD1_MOUSE,4,5
sp|Q9WVK8|CP46A_MOUSE,2,4
sp|Q9WVL0|MAAI_MOUSE,30,149
sp|Q9WVM8|AADAT_MOUSE,26,39
sp|Q9WVQ5|MTNB_MOUSE,2,3
sp|Q9WVR4|FXR2_MOUSE,1,1
sp|Q9Z0G9|CLD3_MOUSE,1,2
sp|Q9Z0J0|NPC2_MOUSE,2,2
sp|Q9Z0K8|VNN1_MOUSE,1,1
sp|Q9Z0M5|LICH_MOUSE,3,4
sp|Q9Z0N1|IF2G_MOUSE,4,5
sp|Q9Z0N1|IF2G_MOUSE;sp|Q9Z0N2|IF2H_MOUSE,11,14
sp|Q9Z0N2|IF2H_MOUSE,2,2
sp|Q9Z0R9|FADS2_MOUSE,7,9
sp|Q9Z0S1|BPNT1_MOUSE,14,18
sp|Q9Z0U1|ZO2_MOUSE,1,1
sp|Q9Z0V7|TI17B_MOUSE,2,2
sp|Q9Z0X1|AIFM1_MOUSE,38,78
sp|Q9Z108|STAU1_MOUSE,3,3
sp|Q9Z126|PLF4_MOUSE,1,1
sp|Q9Z1D1|EIF3G_MOUSE,9,9
sp|Q9Z1G4|VPP1_MOUSE,2,2
sp|Q9Z1J3|NFS1_MOUSE,7,11
sp|Q9Z1K6|ARI2_MOUSE,1,1
sp|Q9Z1N5|DX39B_MOUSE,3,6
sp|Q9Z1P6|NDUA7_MOUSE,6,8
sp|Q9Z1Q5|CLIC1_MOUSE,2,2
sp|Q9Z1Q9|SYVC_MOUSE,26,30
sp|Q9Z1R2|BAG6_MOUSE,4,4
sp|Q9Z1X4|ILF3_MOUSE,1,1
sp|Q9Z1Z0|USO1_MOUSE,18,22
sp|Q9Z1Z2|STRAP_MOUSE,5,6
sp|Q9Z204|HNRPC_MOUSE,9,13
sp|Q9Z210|PX11B_MOUSE,3,5
sp|Q9Z211|PX11A_MOUSE,3,5
sp|Q9Z224|MOC2A_MOUSE,2,2
sp|Q9Z239|PLM_MOUSE,1,1
sp|Q9Z2D6|MECP2_MOUSE,1,1
sp|Q9Z2G6|SE1L1_MOUSE,4,4
sp|Q9Z2G9|HTAI2_MOUSE,1,1
sp|Q9Z2I0|LETM1_MOUSE,22,35
sp|Q9Z2I8|SUCB2_MOUSE,28,72
sp|Q9Z2I9|SUCB1_MOUSE,17,32
sp|Q9Z2M7|PMM2_MOUSE,8,8
sp|Q9Z2Q5|RM40_MOUSE,1,2
sp|Q9Z2U0|PSA7_MOUSE,7,11
sp|Q9Z2U1|PSA5_MOUSE,8,13
sp|Q9Z2V4|PCKGC_MOUSE,50,115
sp|Q9Z2W0|DNPEP_MOUSE,13,21
sp|Q9Z2X1|HNRPF_MOUSE,6,11
sp|Q9Z2Y8|PLPHP_MOUSE,10,17
sp|Q9Z2Z6|MCAT_MOUSE,23,51
sp|Q9Z315|SNUT1_MOUSE,2,2
sp|Q9Z329|ITPR2_MOUSE,2,2
