FileName	PeptideSequence	ProteinGroup	ProteinQvalue	Razor	DecoyProtein	nPossibleProteins	ScoreProtein	Target	TargetCum	DecoysCum	FDR
HeLa_digest_SPME_1ng_1.mzML	TVPPAVTGITFLSGGQSEEEASINLNAINK	sp|P04075|ALDOA_HUMAN	0.0	True	False	1	1.0	True	41	0	0.0
HeLa_digest_SPME_1ng_1.mzML	LASVPAGGAVAVSAAPGSAAPAAGSAPAAAEEK	sp|P05387|RLA2_HUMAN	0.0	False	False	1	1.0	True	49	0	0.0
HeLa_digest_SPME_1ng_1.mzML	DLYANTVLSGGTTMYPGIADR	sp|P63261|ACTG_HUMAN,sp|P60709|ACTB_HUMAN	0.0	True	False	2	1.0	True	327	0	0.0
HeLa_digest_SPME_1ng_1.mzML	DDVFLSVPCILGQNGISDLVK	sp|P00338|LDHA_HUMAN	0.0	False	False	1	1.0	True	30	0	0.0
HeLa_digest_SPME_1ng_1.mzML	LLEDGEDFNLGDALDSSNSMQTIQK	sp|P05783|K1C18_HUMAN	0.0	True	False	1	1.0	True	51	0	0.0
HeLa_digest_SPME_1ng_1.mzML	LVQDVANNTNEEAGDGTTTATVLAR	sp|P10809|CH60_HUMAN	0.0	False	False	1	1.0	True	90	0	0.0
HeLa_digest_SPME_1ng_1.mzML	MEYDGILIAGGPGNPALAEPLIQNVR	sp|P31327|CPSM_HUMAN	0.0	True	False	1	1.0	True	192	0	0.0
HeLa_digest_SPME_1ng_1.mzML	NLIPFDQMTIEDLNEAFPETK	sp|O75947|ATP5H_HUMAN	0.0	False	False	1	1.0	True	24	0	0.0
HeLa_digest_SPME_1ng_1.mzML	FDGALNVDLTEFQTNLVPYPR	sp|Q9BQE3|TBA1C_HUMAN	0.0	True	False	8	1.0	True	437	0	0.0
HeLa_digest_SPME_1ng_1.mzML	EADIDGDGQVNYEEFVQMMTAK	sp|P0DP25|CALM3_HUMAN,sp|P0DP24|CALM2_HUMAN,sp|P0DP23|CALM1_HUMAN	0.0	True	False	3	1.0	True	87	0	0.0
HeLa_digest_SPME_1ng_1.mzML	QTQTFTTYSDNQPGVLIQVYEGER	sp|P11142|HSP7C_HUMAN	0.0	True	False	1	1.0	True	92	0	0.0
HeLa_digest_SPME_1ng_1.mzML	AEGSDVANAVLDGADCIMLSGETAK	sp|P14618|KPYM_HUMAN	0.0	True	False	1	1.0	True	114	0	0.0
HeLa_digest_SPME_1ng_1.mzML	TYFPHFDLSHGSAQVK	sp|P69905|HBA_HUMAN	0.0	False	False	1	1.0	True	333	0	0.0
HeLa_digest_SPME_1ng_1.mzML	DPFAHLPK	sp|P26641|EF1G_HUMAN	0.0	False	False	1	1.0	True	172	0	0.0
HeLa_digest_SPME_1ng_1.mzML	ESTLHLVLR	sp|P62979|RS27A_HUMAN	0.0	True	False	4	1.0	True	322	0	0.0
HeLa_digest_SPME_1ng_1.mzML	FAVLHGEAPR	sp|P55884|EIF3B_HUMAN	0.0	False	False	1	1.0	True	271	0	0.0
HeLa_digest_SPME_1ng_1.mzML	LAAFGQLHK	sp|Q12906|ILF3_HUMAN	0.0	False	False	1	1.0	True	365	0	0.0
HeLa_digest_SPME_1ng_1.mzML	VVFRDPYR	sp|P62917|RL8_HUMAN	0.0	False	False	1	1.0	True	320	0	0.0
HeLa_digest_SPME_1ng_1.mzML	HEVININLK	sp|P78417|GSTO1_HUMAN	0.0	False	False	1	1.0	True	335	0	0.0
HeLa_digest_SPME_1ng_1.mzML	HEAFESDLAAHQDR	sp|O43707|ACTN4_HUMAN	0.0	True	False	4	1.0	True	14	0	0.0
HeLa_digest_SPME_1ng_1.mzML	SIRPGLSPYR	sp|Q14697|GANAB_HUMAN	0.0	False	False	1	1.0	True	382	0	0.0
HeLa_digest_SPME_1ng_1.mzML	VKPLLQVSR	sp|P35579|MYH9_HUMAN	0.0	True	False	1	1.0	True	204	0	0.0
HeLa_digest_SPME_1ng_1.mzML	FVIKPIDK	sp|P26038|MOES_HUMAN	0.0	True	False	3	1.0	True	167	0	0.0
HeLa_digest_SPME_1ng_1.mzML	VAVNDAHLLQYNHR	sp|P17931|LEG3_HUMAN	0.0	False	False	1	1.0	True	128	0	0.0
HeLa_digest_SPME_1ng_1.mzML	REELFIVSK	sp|P15121|ALDR_HUMAN	0.0	False	False	1	1.0	True	118	0	0.0
HeLa_digest_SPME_1ng_1.mzML	LLLQVQHASK	sp|P12236|ADT3_HUMAN	0.0	True	False	3	1.0	True	99	0	0.0
HeLa_digest_SPME_1ng_1.mzML	LEGFHTQISK	sp|Q06323|PSME1_HUMAN	0.0	False	False	1	1.0	True	355	0	0.0
HeLa_digest_SPME_1ng_1.mzML	SLHDALCVVK	sp|P17987|TCPA_HUMAN	0.0	False	False	1	1.0	True	130	0	0.0
HeLa_digest_SPME_1ng_1.mzML	TGVHHYSGNNIELGTACGK	sp|P62888|RL30_HUMAN	0.0	False	False	1	1.0	True	316	0	0.0
HeLa_digest_SPME_1ng_1.mzML	VHIEIGPDGR	sp|P31943|HNRH1_HUMAN	0.0	True	False	3	1.0	True	194	0	0.0
HeLa_digest_SPME_1ng_1.mzML	RPGYGAYDAFK	sp|P05198|IF2A_HUMAN	0.0	False	False	1	1.0	True	48	0	0.0
HeLa_digest_SPME_1ng_1.mzML	LSEGFSIHTR	sp|P20618|PSB1_HUMAN	0.0	False	False	1	1.0	True	140	0	0.0
HeLa_digest_SPME_1ng_1.mzML	FYVHNDIFR	sp|Q13283|G3BP1_HUMAN	0.0	False	False	1	1.0	True	372	0	0.0
HeLa_digest_SPME_1ng_1.mzML	VVHIMDFQR	sp|P43243|MATR3_HUMAN	0.0	False	False	1	1.0	True	229	0	0.0
HeLa_digest_SPME_1ng_1.mzML	GLHQSIEEFR	sp|Q15149|PLEC_HUMAN	0.0	False	False	1	1.0	True	386	0	0.0
HeLa_digest_SPME_1ng_1.mzML	ELGITALHIK	sp|P62263|RS14_HUMAN	0.0	False	False	1	1.0	True	298	0	0.0
HeLa_digest_SPME_1ng_1.mzML	LHVDPENFR	sp|P68871|HBB_HUMAN,sp|P02042|HBD_HUMAN	0.0	True	False	2	1.0	True	332	0	0.0
HeLa_digest_SPME_1ng_1.mzML	IGAEVYHNLK	sp|P06733|ENOA_HUMAN	0.0	True	False	1	1.0	True	55	0	0.0
HeLa_digest_SPME_1ng_1.mzML	IHNFGLIQEK	sp|P49748|ACADV_HUMAN	0.0	False	False	1	1.0	True	244	0	0.0
HeLa_digest_SPME_1ng_1.mzML	DHAVVVGVYRPPPK	sp|P22087|FBRL_HUMAN	0.0	False	False	1	1.0	True	145	0	0.0
HeLa_digest_SPME_1ng_1.mzML	AHVVPCFDASK	sp|P21333|FLNA_HUMAN	0.0	True	False	1	1.0	True	142	0	0.0
HeLa_digest_SPME_1ng_1.mzML	YHSLAPMYYR	sp|P61020|RAB5B_HUMAN,sp|P51148|RAB5C_HUMAN,sp|P20339|RAB5A_HUMAN	0.0	True	False	3	1.0	True	283	0	0.0
HeLa_digest_SPME_1ng_1.mzML	KSDVEAIFSK	sp|P07910|HNRPC_HUMAN	0.0	True	False	5	1.0	True	67	0	0.0
HeLa_digest_SPME_1ng_1.mzML	HGDLPDIQIK	sp|P78527|PRKDC_HUMAN	0.0	False	False	1	1.0	True	336	0	0.0
HeLa_digest_SPME_1ng_1.mzML	GSYVSIHSSGFR	sp|Q13838|DX39B_HUMAN	0.0	True	False	2	1.0	True	378	0	0.0
HeLa_digest_SPME_1ng_1.mzML	FVMKPPQVVR	sp|P20042|IF2B_HUMAN	0.0	False	False	1	1.0	True	139	0	0.0
HeLa_digest_SPME_1ng_1.mzML	LVNHFVEEFK	sp|P0DMV9|HS71B_HUMAN,sp|P0DMV8|HS71A_HUMAN	0.0	True	False	2	1.0	True	86	0	0.0
HeLa_digest_SPME_1ng_1.mzML	GLDISHISQR	sp|Q8N1F7|NUP93_HUMAN	0.0	False	False	1	1.0	True	413	0	0.0
HeLa_digest_SPME_1ng_1.mzML	GLCGAIHSSIAK	sp|P36542|ATPG_HUMAN	0.0	False	False	1	1.0	True	208	0	0.0
HeLa_digest_SPME_1ng_1.mzML	SLHDALCVIR	sp|P48643|TCPE_HUMAN	0.0	False	False	1	1.0	True	237	0	0.0
HeLa_digest_SPME_1ng_1.mzML	RAPFDLFENK	sp|P08238|HS90B_HUMAN	0.0	True	False	2	1.0	True	70	0	0.0
HeLa_digest_SPME_1ng_1.mzML	FLIATGERPR	sp|Q16881|TRXR1_HUMAN	0.0	False	False	1	1.0	True	401	0	0.0
HeLa_digest_SPME_1ng_1.mzML	FNGSHVVGSPFK	sp|O75369|FLNB_HUMAN	0.0	True	False	1	1.0	True	20	0	0.0
HeLa_digest_SPME_1ng_1.mzML	IITITGTQDQIQNAQYLLQNSVK	sp|P61978|HNRPK_HUMAN	0.0	False	False	1	1.0	True	291	0	0.0
HeLa_digest_SPME_1ng_1.mzML	DGDSVMVLPTIPEEEAK	sp|P30041|PRDX6_HUMAN	0.0	False	False	1	1.0	True	180	0	0.0
HeLa_digest_SPME_1ng_1.mzML	MLPTIIADNAGYDSADLVAQLR	sp|P78371|TCPB_HUMAN	0.0	False	False	1	1.0	True	334	0	0.0
HeLa_digest_SPME_1ng_1.mzML	MSVQPTVSLGGFEITPPVVLR	sp|P06748|NPM_HUMAN	0.0	False	False	1	1.0	True	57	0	0.0
HeLa_digest_SPME_1ng_1.mzML	LLDFGSLSNLQVTQPTVGMNFK	sp|P08708|RS17_HUMAN	0.0	False	False	1	1.0	True	74	0	0.0
HeLa_digest_SPME_1ng_1.mzML	TAFDEAIAELDTLSEESYK	sp|P63104|1433Z_HUMAN	0.0	True	False	1	1.0	True	323	0	0.0
HeLa_digest_SPME_1ng_1.mzML	GFGDGYNGYGGGPGGGNFGGSPGYGGGR	sp|P22626|ROA2_HUMAN	0.0	True	False	1	1.0	True	151	0	0.0
HeLa_digest_SPME_1ng_1.mzML	GQVGGEINVEMDAAPGVDLSR	sp|Q04695|K1C17_HUMAN	0.0	True	False	1	1.0	True	350	0	0.0
HeLa_digest_SPME_1ng_1.mzML	AYPLADAHLTK	sp|P55769|NH2L1_HUMAN	0.0	False	False	1	1.0	True	269	0	0.0
HeLa_digest_SPME_1ng_1.mzML	LEHEYIQNFK	sp|Q15691|MARE1_HUMAN	0.0	False	False	1	1.0	True	393	0	0.0
HeLa_digest_SPME_1ng_1.mzML	VAYVSFGPHAGK	sp|P50914|RL14_HUMAN	0.0	False	False	1	1.0	True	249	0	0.0
HeLa_digest_SPME_1ng_1.mzML	HLSVNDLPVGR	sp|P30048|PRDX3_HUMAN	0.0	False	False	1	1.0	True	183	0	0.0
HeLa_digest_SPME_1ng_1.mzML	VATAYRPPALR	sp|Q9BY44|EIF2A_HUMAN	0.0	False	False	1	1.0	True	444	0	0.0
HeLa_digest_SPME_1ng_1.mzML	TLEGELHDLR	sp|P02545|LMNA_HUMAN	0.0	False	False	1	1.0	True	38	0	0.0
HeLa_digest_SPME_1ng_1.mzML	KPLLESGTLGTK	sp|P22314|UBA1_HUMAN	0.0	False	False	1	1.0	True	149	0	0.0
HeLa_digest_SPME_1ng_1.mzML	HGVVPLATYMR	sp|P46778|RL21_HUMAN	0.0	False	False	1	1.0	True	233	0	0.0
HeLa_digest_SPME_1ng_1.mzML	GISVHISNAEPK	sp|Q13148|TADBP_HUMAN	0.0	False	False	1	1.0	True	367	0	0.0
HeLa_digest_SPME_1ng_1.mzML	FPGQLNADLRK	sp|P68371|TBB4B_HUMAN	0.0	True	False	10	1.0	True	331	0	0.0
HeLa_digest_SPME_1ng_1.mzML	RTIAQDYGVLK	sp|Q06830|PRDX1_HUMAN	0.0	True	False	1	1.0	True	356	0	0.0
HeLa_digest_SPME_1ng_1.mzML	SNFAEALAAHK	sp|P07237|PDIA1_HUMAN	0.0	False	False	1	1.0	True	59	0	0.0
HeLa_digest_SPME_1ng_1.mzML	VNVPVIGGHAGK	sp|P40926|MDHM_HUMAN	0.0	False	False	1	1.0	True	222	0	0.0
HeLa_digest_SPME_1ng_1.mzML	NMSVHLSPCFR	sp|P62280|RS11_HUMAN	0.0	False	False	1	1.0	True	301	0	0.0
HeLa_digest_SPME_1ng_1.mzML	TTHFVEGGDAGNREDQINR	sp|P18124|RL7_HUMAN	0.0	False	False	1	1.0	True	132	0	0.0
HeLa_digest_SPME_1ng_1.mzML	ITLQDVVSHSK	sp|P46940|IQGA1_HUMAN	0.0	False	False	1	1.0	True	234	0	0.0
HeLa_digest_SPME_1ng_1.mzML	AHSSMVGVNLPQK	sp|P00558|PGK1_HUMAN	0.0	True	False	1	1.0	True	35	0	0.0
HeLa_digest_SPME_1ng_1.mzML	GVVEVTHDLQK	sp|P50454|SERPH_HUMAN	0.0	False	False	1	1.0	True	248	0	0.0
HeLa_digest_SPME_1ng_1.mzML	TQIDHYVGIAR	sp|O95197|RTN3_HUMAN	0.0	False	False	1	1.0	True	27	0	0.0
HeLa_digest_SPME_1ng_1.mzML	IIYIVHDEVK	sp|P25788|PSA3_HUMAN	0.0	False	False	1	1.0	True	164	0	0.0
HeLa_digest_SPME_1ng_1.mzML	HVVPNEVVVQR	sp|P06396|GELS_HUMAN	0.0	False	False	1	1.0	True	53	0	0.0
HeLa_digest_SPME_1ng_1.mzML	SLGTADVHFER	sp|Q86V81|THOC4_HUMAN	0.0	False	False	1	1.0	True	410	0	0.0
HeLa_digest_SPME_1ng_1.mzML	LTPLSHEVISR	sp|P41091|IF2G_HUMAN	0.0	True	False	2	1.0	True	224	0	0.0
HeLa_digest_SPME_1ng_1.mzML	HFSGLEEAVYR	sp|P50990|TCPQ_HUMAN	0.0	False	False	1	1.0	True	250	0	0.0
HeLa_digest_SPME_1ng_1.mzML	KEPAVLELEGK	sp|Q01518|CAP1_HUMAN	0.0	False	False	1	1.0	True	346	0	0.0
HeLa_digest_SPME_1ng_1.mzML	ELQSQISDTSVVLSMDNSR	sp|P05787|K2C8_HUMAN	0.0	False	False	1	1.0	True	52	0	0.0
HeLa_digest_SPME_1ng_1.mzML	EILVGDVGQTVDDPYATFVK	sp|P23528|COF1_HUMAN	0.0	True	False	1	1.0	True	156	0	0.0
HeLa_digest_SPME_1ng_1.mzML	IPSAVGYQPTLATDMGTMQER	sp|P06576|ATPB_HUMAN	0.0	False	False	1	1.0	True	54	0	0.0
HeLa_digest_SPME_1ng_1.mzML	EMEENFAVEAANYQDTIGR	sp|P08670|VIME_HUMAN	0.0	False	False	1	1.0	True	73	0	0.0
HeLa_digest_SPME_1ng_1.mzML	AGAIAPCEVTVPAQNTGLGPEK	sp|P05388|RLA0_HUMAN	0.0	True	False	2	1.0	True	50	0	0.0
HeLa_digest_SPME_1ng_1.mzML	TAFDEAIAELDTLNEESYK	sp|P31946|1433B_HUMAN	0.0	True	False	1	1.0	True	195	0	0.0
HeLa_digest_SPME_1ng_1.mzML	AAFDDAIAELDTLSEESYK	sp|P62258|1433E_HUMAN	0.0	True	False	1	1.0	True	297	0	0.0
HeLa_digest_SPME_1ng_1.mzML	IAIPGLAGAGNSVLLVSNLNPER	sp|P26599|PTBP1_HUMAN	0.0	True	False	1	1.0	True	170	0	0.0
HeLa_digest_SPME_1ng_1.mzML	AEDGSVIDYELIDQDAR	sp|P07355|ANXA2_HUMAN	0.0	True	False	1	1.0	True	60	0	0.0
HeLa_digest_SPME_1ng_1.mzML	ILATPPQEDAPSVDIANIR	sp|P29401|TKT_HUMAN	0.0	True	False	1	1.0	True	177	0	0.0
HeLa_digest_SPME_1ng_1.mzML	ESTGAQVQVAGDMLPNSTER	sp|Q15365|PCBP1_HUMAN	0.0	True	False	3	1.0	True	390	0	0.0
HeLa_digest_SPME_1ng_1.mzML	TILSNQTVDIPENVDITLK	sp|P32969|RL9_HUMAN	0.0	False	False	1	1.0	True	197	0	0.0
HeLa_digest_SPME_1ng_1.mzML	KYEDICPSTHNMDVPNIK	sp|P63241|IF5A1_HUMAN	0.0	True	False	3	1.0	True	325	0	0.0
HeLa_digest_SPME_1ng_1.mzML	NFYQEHPDLAR	sp|P17844|DDX5_HUMAN	0.0	True	False	1	1.0	True	127	0	0.0
HeLa_digest_SPME_1ng_1.mzML	DVFRDPALK	sp|P61353|RL27_HUMAN	0.0	False	False	1	1.0	True	288	0	0.0
HeLa_digest_SPME_1ng_1.mzML	LFDSTTLEHQK	sp|Q13347|EIF3I_HUMAN	0.0	False	False	1	1.0	True	374	0	0.0
HeLa_digest_SPME_1ng_1.mzML	EHALLAYTLGVK	sp|Q5VTE0|EF1A3_HUMAN,sp|P68104|EF1A1_HUMAN	0.0	True	False	3	1.0	True	406	0	0.0
HeLa_digest_SPME_1ng_1.mzML	QMVIDVLHPGK	sp|P62847|RS24_HUMAN	0.0	False	False	1	1.0	True	312	0	0.0
HeLa_digest_SPME_1ng_1.mzML	HALIIYDDLSK	sp|P25705|ATPA_HUMAN	0.0	False	False	1	1.0	True	162	0	0.0
HeLa_digest_SPME_1ng_1.mzML	DRPFFPGLVK	sp|P22392|NDKB_HUMAN,sp|O60361|NDK8_HUMAN	0.0	True	False	2	1.0	True	150	0	0.0
HeLa_digest_SPME_1ng_1.mzML	VQFELHYQEVK	sp|P19823|ITIH2_HUMAN	0.0	False	False	1	1.0	True	138	0	0.0
HeLa_digest_SPME_1ng_1.mzML	GEHPGLSIGDVAK	sp|P09429|HMGB1_HUMAN	0.0	True	False	2	1.0	True	81	0	0.0
HeLa_digest_SPME_1ng_1.mzML	LPNLTHLNLSGNK	sp|Q92688|AN32B_HUMAN	0.0	True	False	1	1.0	True	418	0	0.0
HeLa_digest_SPME_1ng_1.mzML	DRPFFAGLVK	sp|P15531|NDKA_HUMAN	0.0	True	False	1	1.0	True	120	0	0.0
HeLa_digest_SPME_1ng_1.mzML	VTAPDVDLHLK	sp|Q09666|AHNK_HUMAN	0.0	False	False	1	1.0	True	362	0	0.0
HeLa_digest_SPME_1ng_1.mzML	EADGILKPLPK	sp|P49588|SYAC_HUMAN	0.0	False	False	1	1.0	True	242	0	0.0
HeLa_digest_SPME_1ng_1.mzML	LTISSPLEAHK	sp|Q15393|SF3B3_HUMAN	0.0	False	False	1	1.0	True	392	0	0.0
HeLa_digest_SPME_1ng_1.mzML	HSSLAGCQIINYR	sp|Q00610|CLH1_HUMAN	0.0	True	False	1	1.0	True	341	0	0.0
HeLa_digest_SPME_1ng_1.mzML	ALDVMVSTFHK	sp|P26447|S10A4_HUMAN	0.0	False	False	1	1.0	True	169	0	0.0
HeLa_digest_SPME_1ng_1.mzML	EDLYLKPIQR	sp|P13639|EF2_HUMAN	0.0	False	False	1	1.0	True	104	0	0.0
HeLa_digest_SPME_1ng_1.mzML	TPVEPEVAIHR	sp|P60866|RS20_HUMAN	0.0	False	False	1	1.0	True	280	0	0.0
HeLa_digest_SPME_1ng_1.mzML	TVVTGIEMFHK	sp|P49411|EFTU_HUMAN	0.0	False	False	1	1.0	True	241	0	0.0
HeLa_digest_SPME_1ng_1.mzML	EDVFVHQTAIK	sp|P67809|YBOX1_HUMAN	0.0	True	False	3	1.0	True	329	0	0.0
HeLa_digest_SPME_1ng_1.mzML	LCSGVLGTVVHGK	sp|Q9Y6C9|MTCH2_HUMAN	0.0	False	False	1	1.0	True	465	0	0.0
HeLa_digest_SPME_1ng_1.mzML	VKPFMTGAAEQIK	sp|P13693|TCTP_HUMAN	0.0	True	False	2	1.0	True	106	0	0.0
HeLa_digest_SPME_1ng_1.mzML	VTIAQGGVLPNIQAVLLPK	sp|Q9BTM1|H2AJ_HUMAN,sp|Q99878|H2A1J_HUMAN,sp|Q96KK5|H2A1H_HUMAN,sp|Q93077|H2A1C_HUMAN,sp|Q7L7L0|H2A3_HUMAN	0.0	True	False	10	1.0	True	440	0	0.0
HeLa_digest_SPME_1ng_1.mzML	FDQLFDDESDPFEVLK	sp|Q8NC51|SERB1_HUMAN	0.0	False	False	1	1.0	True	415	0	0.0
HeLa_digest_SPME_1ng_1.mzML	AITHLNNNFMFGQK	sp|P14866|HNRPL_HUMAN	0.0	False	False	1	1.0	True	116	0	0.0
HeLa_digest_SPME_1ng_1.mzML	VFQSLPHENKPLTLSNYQTNK	sp|P04080|CYTB_HUMAN	0.0	False	False	1	1.0	True	42	0	0.0
HeLa_digest_SPME_1ng_1.mzML	FYEEVHDLER	sp|Q99733|NP1L4_HUMAN	0.0	True	False	2	1.0	True	434	0	0.0
HeLa_digest_SPME_1ng_1.mzML	QIFHPEQLITGK	sp|Q9H853|TBA4B_HUMAN	0.0	False	False	1	1.0	True	446	0	0.0
HeLa_digest_SPME_1ng_1.mzML	VHIPNDDAQFDASHCDSDK	sp|Q16576|RBBP7_HUMAN	0.0	True	False	1	1.0	True	399	0	0.0
HeLa_digest_SPME_1ng_1.mzML	AEHDQLLLNYAK	sp|P20700|LMNB1_HUMAN	0.0	True	False	1	1.0	True	141	0	0.0
HeLa_digest_SPME_1ng_1.mzML	IHQIEYAMEAVK	sp|P25786|PSA1_HUMAN	0.0	False	False	1	1.0	True	163	0	0.0
HeLa_digest_SPME_1ng_1.mzML	GIVEESVTGVHR	sp|Q96HN2|SAHH3_HUMAN,sp|O43865|SAHH2_HUMAN	0.0	True	False	2	1.0	True	428	0	0.0
HeLa_digest_SPME_1ng_1.mzML	SYCAEIAHNVSSK	sp|P62910|RL32_HUMAN	0.0	False	False	1	1.0	True	318	0	0.0
HeLa_digest_SPME_1ng_1.mzML	TAAENEFVVLKK	sp|P08729|K2C7_HUMAN	0.0	True	False	2	1.0	True	76	0	0.0
HeLa_digest_SPME_1ng_1.mzML	MVIPGGIDVHTR	sp|Q16555|DPYL2_HUMAN	0.0	False	False	1	1.0	True	398	0	0.0
HeLa_digest_SPME_1ng_1.mzML	LSHANSAVVLSAVK	sp|Q10567|AP1B1_HUMAN,sp|P63010|AP2B1_HUMAN	0.0	True	False	2	1.0	True	363	0	0.0
HeLa_digest_SPME_1ng_1.mzML	GIHPTIISESFQK	sp|P50991|TCPD_HUMAN	0.0	False	False	1	1.0	True	251	0	0.0
HeLa_digest_SPME_1ng_1.mzML	GFCFLEYEDHK	sp|O60506|HNRPQ_HUMAN	0.0	True	False	2	1.0	True	16	0	0.0
HeLa_digest_SPME_1ng_1.mzML	SVFALTNGIYPHK	sp|Q02878|RL6_HUMAN	0.0	False	False	1	1.0	True	348	0	0.0
HeLa_digest_SPME_1ng_1.mzML	LRENELTYYCCK	sp|P13987|CD59_HUMAN	0.0	False	False	1	1.0	True	110	0	0.0
HeLa_digest_SPME_1ng_1.mzML	EIAQEFKTDLR	sp|Q5TEC6|H37_HUMAN	0.0	False	False	1	1.0	True	405	0	0.0
HeLa_digest_SPME_1ng_1.mzML	NCLTNFHGMDLTR	sp|P61247|RS3A_HUMAN	0.0	False	False	1	1.0	True	287	0	0.0
HeLa_digest_SPME_1ng_1.mzML	HVFGESDELIGQK	sp|P60174|TPIS_HUMAN	0.0	False	False	1	1.0	True	276	0	0.0
HeLa_digest_SPME_1ng_1.mzML	NLYSDDIPHALR	sp|P60228|EIF3E_HUMAN	0.0	False	False	1	1.0	True	277	0	0.0
HeLa_digest_SPME_1ng_1.mzML	TVFAEHISDECK	sp|P39023|RL3_HUMAN	0.0	False	False	1	1.0	True	217	0	0.0
HeLa_digest_SPME_1ng_1.mzML	VIMVTGDHPITAK	sp|Q13733|AT1A4_HUMAN,sp|P54707|AT12A_HUMAN,sp|P50993|AT1A2_HUMAN,sp|P20648|ATP4A_HUMAN,sp|P13637|AT1A3_HUMAN,sp|P05023|AT1A1_HUMAN	0.0	True	False	6	1.0	True	375	0	0.0
HeLa_digest_SPME_1ng_1.mzML	DFESHITSYK	sp|Q99613|EIF3C_HUMAN,sp|B5ME19|EIFCL_HUMAN	0.0	True	False	2	1.0	True	432	0	0.0
HeLa_digest_SPME_1ng_1.mzML	KPPLLNNADSVQAK	sp|P09874|PARP1_HUMAN	0.0	False	False	1	1.0	True	84	0	0.0
HeLa_digest_SPME_1ng_1.mzML	GNDISSGTVLSDYVGSGPPK	sp|P30086|PEBP1_HUMAN	0.0	False	False	1	1.0	True	187	0	0.0
HeLa_digest_SPME_1ng_1.mzML	DGDFENPVPYTGAVK	sp|P30040|ERP29_HUMAN	0.0	False	False	1	1.0	True	179	0	0.0
HeLa_digest_SPME_1ng_1.mzML	ELDALDANDELTPLGR	sp|Q08211|DHX9_HUMAN	0.0	False	False	1	1.0	True	360	0	0.0
HeLa_digest_SPME_1ng_1.mzML	DSLLQDGEFSMDLR	sp|P07737|PROF1_HUMAN	0.0	False	False	1	1.0	True	63	0	0.0
HeLa_digest_SPME_1ng_1.mzML	IAAAILNTPDLRK	sp|P00505|AATM_HUMAN	0.0	False	False	1	1.0	True	34	0	0.0
HeLa_digest_SPME_1ng_1.mzML	EVVETPLLHPER	sp|P35998|PRS7_HUMAN	0.0	False	False	1	1.0	True	207	0	0.0
HeLa_digest_SPME_1ng_1.mzML	TPELNLDQFHDK	sp|P27824|CALX_HUMAN	0.0	False	False	1	1.0	True	175	0	0.0
HeLa_digest_SPME_1ng_1.mzML	LFYSTFATDDRK	sp|P30084|ECHM_HUMAN	0.0	False	False	1	1.0	True	185	0	0.0
HeLa_digest_SPME_1ng_1.mzML	VEYHFLSPYVSPK	sp|P02786|TFR1_HUMAN	0.0	False	False	1	1.0	True	40	0	0.0
HeLa_digest_SPME_1ng_1.mzML	FLITHNPTNATLNK	sp|Q93096|TP4A1_HUMAN,sp|Q12974|TP4A2_HUMAN	0.0	True	False	2	1.0	True	423	0	0.0
HeLa_digest_SPME_1ng_1.mzML	THLPGFVEQAEALK	sp|P30044|PRDX5_HUMAN	0.0	False	False	1	1.0	True	182	0	0.0
HeLa_digest_SPME_1ng_1.mzML	YADLTEDQLPSCESLK	sp|P18669|PGAM1_HUMAN	0.0	True	False	1	1.0	True	135	0	0.0
HeLa_digest_SPME_1ng_1.mzML	SEDFGVNEDLADSDAR	sp|P04083|ANXA1_HUMAN	0.0	False	False	1	1.0	True	43	0	0.0
HeLa_digest_SPME_1ng_1.mzML	DVVICPDASLEDAK	sp|Q99497|PARK7_HUMAN	0.0	False	False	1	1.0	True	431	0	0.0
HeLa_digest_SPME_1ng_1.mzML	DISTTLNADEAVAR	sp|Q92598|HS105_HUMAN,sp|O95757|HS74L_HUMAN	0.0	True	False	2	1.0	True	417	0	0.0
HeLa_digest_SPME_1ng_1.mzML	AHQVVEDGYEFFAK	sp|P62140|PP1B_HUMAN	0.0	True	False	3	1.0	True	293	0	0.0
HeLa_digest_SPME_1ng_1.mzML	DNIQGITKPAIR	sp|P62805|H4_HUMAN	0.0	False	False	1	1.0	True	309	0	0.0
HeLa_digest_SPME_1ng_1.mzML	KYEMFAQTLQQSR	sp|P55072|TERA_HUMAN	0.0	False	False	1	1.0	True	265	0	0.0
HeLa_digest_SPME_1ng_1.mzML	FQSGDFHVINGVLR	sp|P55060|XPO2_HUMAN	0.0	False	False	1	1.0	True	264	0	0.0
HeLa_digest_SPME_1ng_1.mzML	DSNNLCLHFNPR	sp|P09382|LEG1_HUMAN	0.0	False	False	1	1.0	True	80	0	0.0
HeLa_digest_SPME_1ng_1.mzML	DQGTYEDYVEGLR	sp|P60660|MYL6_HUMAN	0.0	True	False	1	1.0	True	278	0	0.0
HeLa_digest_SPME_1ng_1.mzML	DVIELTDDSFDK	sp|Q15084|PDIA6_HUMAN	0.0	False	False	1	1.0	True	385	0	0.0
HeLa_digest_SPME_1ng_1.mzML	DIELVMSQANVSR	sp|Q13765|NACA_HUMAN,sp|E9PAV3|NACAM_HUMAN	0.0	True	False	2	1.0	True	376	0	0.0
HeLa_digest_SPME_1ng_1.mzML	AIVAIENPADVSVISSR	sp|P08865|RSSA_HUMAN	0.0	True	False	2	1.0	True	78	0	0.0
HeLa_digest_SPME_1ng_1.mzML	TKPYIQVDIGGGQTK	sp|P11021|BIP_HUMAN	0.0	True	False	1	1.0	True	91	0	0.0
HeLa_digest_SPME_1ng_1.mzML	VLAMSGDPNYLHR	sp|P30153|2AAA_HUMAN	0.0	False	False	1	1.0	True	189	0	0.0
HeLa_digest_SPME_1ng_1.mzML	DYAFVHFEDR	sp|O43390|HNRPR_HUMAN	0.0	True	False	1	1.0	True	12	0	0.0
HeLa_digest_SPME_1ng_1.mzML	LVRPPVQVYGIEGR	sp|P48047|ATPO_HUMAN	0.0	False	False	1	1.0	True	236	0	0.0
HeLa_digest_SPME_1ng_1.mzML	VHPEIINENGNPSYK	sp|O95881|TXD12_HUMAN	0.0	False	False	1	1.0	True	29	0	0.0
HeLa_digest_SPME_1ng_1.mzML	IQFKPDDGTTPER	sp|Q96AE4|FUBP1_HUMAN	0.0	False	False	1	1.0	True	425	0	0.0
HeLa_digest_SPME_1ng_1.mzML	FAQHGTFEYEYSQR	sp|P23246|SFPQ_HUMAN	0.0	False	False	1	1.0	True	152	0	0.0
HeLa_digest_SPME_1ng_1.mzML	KQPPVSPGTALVGSQK	sp|P17096|HMGA1_HUMAN	0.0	False	False	1	1.0	True	124	0	0.0
HeLa_digest_SPME_1ng_1.mzML	VDEAVAVLQAHQAK	sp|P11940|PABP1_HUMAN	0.0	True	False	2	1.0	True	97	0	0.0
HeLa_digest_SPME_1ng_1.mzML	AVDIPHMDIEALK	sp|P62906|RL10A_HUMAN	0.0	False	False	1	1.0	True	317	0	0.0
HeLa_digest_SPME_1ng_1.mzML	IQFKPDDGISPER	sp|Q96I24|FUBP3_HUMAN	0.0	False	False	1	1.0	True	429	0	0.0
HeLa_digest_SPME_1ng_1.mzML	GISEETTTGVHNLYK	sp|P23526|SAHH_HUMAN	0.0	True	False	1	1.0	True	155	0	0.0
HeLa_digest_SPME_1ng_1.mzML	AFVAIGDYNGHVGLGVK	sp|P15880|RS2_HUMAN	0.0	False	False	1	1.0	True	121	0	0.0
HeLa_digest_SPME_1ng_1.mzML	YSLKPNDQILAEDK	sp|P55263|ADK_HUMAN	0.0	False	False	1	1.0	True	268	0	0.0
HeLa_digest_SPME_1ng_1.mzML	IFHTVTTTDDPVIR	sp|O15371|EIF3D_HUMAN	0.0	False	False	1	1.0	True	6	0	0.0
HeLa_digest_SPME_1ng_1.mzML	FNLTYVSHDGDDK	sp|P26639|SYTC_HUMAN	0.0	False	False	1	1.0	True	171	0	0.0
HeLa_digest_SPME_1ng_1.mzML	IVSRPEELREDDVGTGAGLLEIK	sp|P49368|TCPG_HUMAN	0.0	False	False	1	1.0	True	240	0	0.0
HeLa_digest_SPME_1ng_1.mzML	EMDRETLIDVAR	sp|P40227|TCPZ_HUMAN	0.0	False	False	1	1.0	True	220	0	0.0
HeLa_digest_SPME_1ng_1.mzML	DHPFGFVAVPTK	sp|P63279|UBC9_HUMAN	0.0	False	False	1	1.0	True	328	0	0.0
HeLa_digest_SPME_1ng_1.mzML	LDYGQHVVAGTPGR	sp|P38919|IF4A3_HUMAN	0.0	True	False	1	1.0	True	216	0	0.0
HeLa_digest_SPME_1ng_1.mzML	RGPCIIYNEDNGIIK	sp|P36578|RL4_HUMAN	0.0	False	False	1	1.0	True	209	0	0.0
HeLa_digest_SPME_1ng_1.mzML	VFEGNRPTNSIVFTK	sp|P06744|G6PI_HUMAN	0.0	False	False	1	1.0	True	56	0	0.0
HeLa_digest_SPME_1ng_1.mzML	DEILPTTPISEQK	sp|P23396|RS3_HUMAN	0.0	False	False	1	1.0	True	154	0	0.0
HeLa_digest_SPME_1ng_1.mzML	FDTGNLCMVTGGANLGR	sp|P62701|RS4X_HUMAN	0.0	True	False	1	1.0	True	306	0	0.0
HeLa_digest_SPME_1ng_1.mzML	EEEAIQLDGLNASQIR	sp|P14625|ENPL_HUMAN	0.0	True	False	1	1.0	True	115	0	0.0
HeLa_digest_SPME_1ng_1.mzML	MDATANDVPSPYEVR	sp|P30101|PDIA3_HUMAN	0.0	False	False	1	1.0	True	188	0	0.0
HeLa_digest_SPME_1ng_1.mzML	INPDGSQSVVEVPYAR	sp|Q9Y2B0|CNPY2_HUMAN	0.0	False	False	1	1.0	True	462	0	0.0
HeLa_digest_SPME_1ng_1.mzML	GLVYETSVLDPDEGIR	sp|O75390|CISY_HUMAN	0.0	False	False	1	1.0	True	21	0	0.0
HeLa_digest_SPME_1ng_1.mzML	AEEYEFLTPVEEAPK	sp|P52565|GDIR1_HUMAN	0.0	False	False	1	1.0	True	255	0	0.0
HeLa_digest_SPME_1ng_1.mzML	LEPQIASASEYAHR	sp|O60664|PLIN3_HUMAN	0.0	False	False	1	1.0	True	17	0	0.0
HeLa_digest_SPME_1ng_1.mzML	HNEETGDNVGPLIIK	sp|Q9NZ45|CISD1_HUMAN	0.0	False	False	1	1.0	True	450	0	0.0
HeLa_digest_SPME_1ng_1.mzML	SDSFENPVLQQHFR	sp|P12956|XRCC6_HUMAN	0.0	False	False	1	1.0	True	101	0	0.0
HeLa_digest_SPME_1ng_1.mzML	TPVIDADKPVSSQLR	sp|Q14204|DYHC1_HUMAN	0.0	False	False	1	1.0	True	381	0	0.0
HeLa_digest_SPME_1ng_1.mzML	LQMEAPHIIVGTPGR	sp|P60842|IF4A1_HUMAN	0.0	True	False	1	1.0	True	279	0	0.0
HeLa_digest_SPME_1ng_1.mzML	FCFTPHTEEGCLSER	sp|P49327|FAS_HUMAN	0.0	False	False	1	1.0	True	239	0	0.0
HeLa_digest_SPME_1ng_1.mzML	FGPGVAFR	sp|P08727|K1C19_HUMAN	0.0	True	False	1	1.0	True	75	0	0.0
HeLa_digest_SPME_1ng_1.mzML	LFIGGLSFETTDESLR	sp|P09651|ROA1_HUMAN	0.0	True	False	2	1.0	True	82	0	0.0
HeLa_digest_SPME_1ng_1.mzML	IDFYFDENPYFENK	sp|Q01105|SET_HUMAN	0.0	True	False	2	1.0	True	345	0	0.0
HeLa_digest_SPME_1ng_1.mzML	LIAPVAEEEATVPNNK	sp|P07195|LDHB_HUMAN	0.0	False	False	1	1.0	True	58	0	0.0
HeLa_digest_SPME_1ng_1.mzML	DFAAEVVHPGDLK	sp|P54577|SYYC_HUMAN	0.0	False	False	1	1.0	True	261	0	0.0
HeLa_digest_SPME_1ng_1.mzML	SGVSLAALK	sp|P16403|H12_HUMAN,sp|P16402|H13_HUMAN,sp|P10412|H14_HUMAN	0.0	True	False	3	1.0	True	122	0	0.0
HeLa_digest_SPME_1ng_1.mzML	LVPFDHAESTYGLYR	sp|O95336|6PGL_HUMAN	0.0	False	False	1	1.0	True	28	0	0.0
HeLa_digest_SPME_1ng_1.mzML	EQIVPKPEEEVAQK	sp|P18621|RL17_HUMAN	0.0	False	False	1	1.0	True	134	0	0.0
HeLa_digest_SPME_1ng_1.mzML	EEVVLLTHGDSVDK	sp|P49915|GUAA_HUMAN	0.0	False	False	1	1.0	True	245	0	0.0
HeLa_digest_SPME_1ng_1.mzML	IYELAAGGTAVGTGLNTR	sp|P07954|FUMH_HUMAN	0.0	False	False	1	1.0	True	68	0	0.0
HeLa_digest_SPME_1ng_1.mzML	NPDDITNEEYGEFYK	sp|P07900|HS90A_HUMAN	0.0	True	False	1	1.0	True	66	0	0.0
HeLa_digest_SPME_1ng_1.mzML	DLTTAGAVTQCYR	sp|Q02543|RL18A_HUMAN	0.0	False	False	1	1.0	True	347	0	0.0
HeLa_digest_SPME_1ng_1.mzML	SSGPTSLFAVTVAPPGAR	sp|Q00839|HNRPU_HUMAN	0.0	False	False	1	1.0	True	343	0	0.0
HeLa_digest_SPME_1ng_1.mzML	GPDGLTAFEATDNQAIK	sp|P58546|MTPN_HUMAN	0.0	False	False	1	1.0	True	274	0	0.0
HeLa_digest_SPME_1ng_1.mzML	DLGTESQIFISR	sp|P50395|GDIB_HUMAN	0.0	True	False	1	1.0	True	247	0	0.0
HeLa_digest_SPME_1ng_1.mzML	IISNASCTTNCLAPLAK	sp|P04406|G3P_HUMAN	0.0	False	False	1	1.0	True	44	0	0.0
HeLa_digest_SPME_1ng_1.mzML	VRPCVVYGGADIGQQIR	sp|O15523|DDX3Y_HUMAN,sp|O00571|DDX3X_HUMAN	0.0	True	False	2	1.0	True	8	0	0.0
HeLa_digest_SPME_1ng_1.mzML	GEGGTTNPHIFPEGSEPK	sp|Q96FW1|OTUB1_HUMAN	0.0	False	False	1	1.0	True	427	0	0.0
HeLa_digest_SPME_1ng_1.mzML	DHQYQFLEDAVR	sp|Q13263|TIF1B_HUMAN	0.0	False	False	1	1.0	True	371	0	0.0
HeLa_digest_SPME_1ng_1.mzML	IGDLQAFQGHGAGNLAGLK	sp|P08195|4F2_HUMAN	0.0	False	False	1	1.0	True	69	0	0.0
HeLa_digest_SPME_1ng_1.mzML	GQAFVIFK	sp|P09012|SNRPA_HUMAN	0.0	True	False	2	1.0	True	79	0	0.0
HeLa_digest_SPME_1ng_1.mzML	FHQFLVSETESGNISR	sp|Q08J23|NSUN2_HUMAN	0.0	False	False	1	1.0	True	361	0	0.0
HeLa_digest_SPME_1ng_1.mzML	TDHPEIGEGKPTPALSEEASSSSIR	sp|Q16891|MIC60_HUMAN	0.0	False	False	1	1.0	True	402	0	0.0
HeLa_digest_SPME_1ng_1.mzML	KVEEAEPEEFVVEK	sp|Q13185|CBX3_HUMAN	0.0	False	False	1	1.0	True	370	0	0.0
HeLa_digest_SPME_1ng_1.mzML	EILGTAQSVGCNVDGR	sp|P30050|RL12_HUMAN	0.0	False	False	1	1.0	True	184	0	0.0
HeLa_digest_SPME_1ng_1.mzML	AILVDLEPGTMDSVR	sp|Q9BVA1|TBB2B_HUMAN,sp|Q13885|TBB2A_HUMAN	0.0	True	False	4	1.0	True	442	0	0.0
HeLa_digest_SPME_1ng_1.mzML	SELVANNVTLPAGEQR	sp|P42167|LAP2B_HUMAN	0.0	True	False	2	1.0	True	226	0	0.0
HeLa_digest_SPME_1ng_1.mzML	YVVVTGITPTPLGEGK	sp|P11586|C1TC_HUMAN	0.0	False	False	1	1.0	True	95	0	0.0
HeLa_digest_SPME_1ng_1.mzML	VFVGGLSPDTSEEQIK	sp|O14979|HNRDL_HUMAN	0.0	True	False	1	1.0	True	4	0	0.0
HeLa_digest_SPME_1ng_1.mzML	TNVNGGAIALGHPLGGSGSR	sp|P42765|THIM_HUMAN	0.0	False	False	1	1.0	True	227	0	0.0
HeLa_digest_SPME_1ng_1.mzML	SILPTAPR	sp|P23588|IF4B_HUMAN	0.0	False	False	1	1.0	True	157	0	0.0
HeLa_digest_SPME_1ng_1.mzML	SPAGSIVHELNPNFQPPK	sp|O43776|SYNC_HUMAN	0.0	False	False	1	1.0	True	15	0	0.0
HeLa_digest_SPME_1ng_1.mzML	FEEHVQSVDIAAFNK	sp|P29692|EF1D_HUMAN	0.0	False	False	1	1.0	True	178	0	0.0
HeLa_digest_SPME_1ng_1.mzML	YLNFFTK	sp|P12004|PCNA_HUMAN	0.0	False	False	1	1.0	True	98	0	0.0
HeLa_digest_SPME_1ng_1.mzML	VSLDVNHFAPDELTVK	sp|P04792|HSPB1_HUMAN	0.0	False	False	1	1.0	True	45	0	0.0
HeLa_digest_SPME_1ng_1.mzML	DLNHVCVISETGK	sp|P00492|HPRT_HUMAN	0.0	False	False	1	1.0	True	33	0	0.0
HeLa_digest_SPME_1ng_1.mzML	VFQFLNAK	sp|P83731|RL24_HUMAN	0.0	False	False	1	1.0	True	339	0	0.0
HeLa_digest_SPME_1ng_1.mzML	YEEVSVSGFEEFHR	sp|Q9BRA2|TXD17_HUMAN	0.0	False	False	1	1.0	True	438	0	0.0
HeLa_digest_SPME_1ng_1.mzML	LAIEAGFR	sp|Q04828|AK1C1_HUMAN,sp|P42330|AK1C3_HUMAN,sp|P17516|AK1C4_HUMAN	0.0	True	False	3	1.0	True	352	0	0.0
HeLa_digest_SPME_1ng_1.mzML	VVNPLFEK	sp|P62424|RL7A_HUMAN	0.0	False	False	1	1.0	True	304	0	0.0
HeLa_digest_SPME_1ng_1.mzML	LSSLPFQK	sp|P61970|NTF2_HUMAN	0.0	False	False	1	1.0	True	290	0	0.0
HeLa_digest_SPME_1ng_1.mzML	GDTANEIGQVLHFENVK	sp|P36952|SPB5_HUMAN	0.0	False	False	1	1.0	True	210	0	0.0
HeLa_digest_SPME_1ng_1.mzML	MLTGPVYSQSTALTHK	sp|Q86VP6|CAND1_HUMAN	0.0	False	False	1	1.0	True	411	0	0.0
HeLa_digest_SPME_1ng_1.mzML	LESEHPDQAQAILSR	sp|Q01082|SPTB2_HUMAN	0.0	False	False	1	1.0	True	344	0	0.0
HeLa_digest_SPME_1ng_1.mzML	VIVVGNPANTNCLTASK	sp|P40925|MDHC_HUMAN	0.0	False	False	1	1.0	True	221	0	0.0
HeLa_digest_SPME_1ng_1.mzML	FGYVDFESAEDLEK	sp|P19338|NUCL_HUMAN	0.0	False	False	1	1.0	True	137	0	0.0
HeLa_digest_SPME_1ng_1.mzML	IAELLSPGSVDPLTR	sp|P35237|SPB6_HUMAN	0.0	False	False	1	1.0	True	202	0	0.0
HeLa_digest_SPME_1ng_1.mzML	DAQPSFSAEDIAK	sp|P25205|MCM3_HUMAN	0.0	False	False	1	1.0	True	159	0	0.0
HeLa_digest_SPME_1ng_1.mzML	ALTVPELTQQVFDAK	sp|P07437|TBB5_HUMAN	0.0	True	False	1	1.0	True	61	0	0.0
HeLa_digest_SPME_1ng_1.mzML	NGPLEVAGAAVSAGHGLPAK	sp|O75367|H2AY_HUMAN	0.0	False	False	1	1.0	True	19	0	0.0
HeLa_digest_SPME_1ng_1.mzML	VPDGKPENEFAFNAEFK	sp|Q15181|IPYR_HUMAN	0.0	True	False	1	1.0	True	387	0	0.0
HeLa_digest_SPME_1ng_1.mzML	IIDVVYNASNNELVR	sp|P62241|RS8_HUMAN	0.0	False	False	1	1.0	True	294	0	0.0
HeLa_digest_SPME_1ng_1.mzML	DVLSVAFSSDNR	sp|P63244|RACK1_HUMAN	0.0	False	False	1	1.0	True	326	0	0.0
HeLa_digest_SPME_1ng_1.mzML	DLMVGDEASELR	sp|P61160|ARP2_HUMAN	0.0	False	False	1	1.0	True	286	0	0.0
HeLa_digest_SPME_1ng_1.mzML	SGDSEVYQLGDVSQK	sp|Q04837|SSBP_HUMAN	0.0	False	False	1	1.0	True	353	0	0.0
HeLa_digest_SPME_1ng_1.mzML	AMGIMNSFVNDIFER	sp|Q99880|H2B1L_HUMAN,sp|Q99879|H2B1M_HUMAN,sp|Q99877|H2B1N_HUMAN,sp|Q93079|H2B1H_HUMAN	0.0	True	False	14	1.0	True	436	0	0.0
HeLa_digest_SPME_1ng_1.mzML	DTNGSQFFITTVK	sp|P23284|PPIB_HUMAN	0.0	False	False	1	1.0	True	153	0	0.0
HeLa_digest_SPME_1ng_1.mzML	DIPGLTDTTVPR	sp|P62753|RS6_HUMAN	0.0	False	False	1	1.0	True	308	0	0.0
HeLa_digest_SPME_1ng_1.mzML	ITKPGSIDSNNQLFAPGGR	sp|Q04637|IF4G1_HUMAN	0.0	False	False	1	1.0	True	349	0	0.0
HeLa_digest_SPME_1ng_1.mzML	YLDEDTIYHLQPSGR	sp|P31153|METK2_HUMAN	0.0	False	False	1	1.0	True	191	0	0.0
HeLa_digest_SPME_1ng_1.mzML	GNFGGSFAGSFGGAGGHAPGVAR	sp|P52272|HNRPM_HUMAN	0.0	False	False	1	1.0	True	254	0	0.0
HeLa_digest_SPME_1ng_1.mzML	DTDTGALLFIGK	sp|P36955|PEDF_HUMAN	0.0	False	False	1	1.0	True	211	0	0.0
HeLa_digest_SPME_1ng_1.mzML	NAVITVPAYFNDSQR	sp|P38646|GRP75_HUMAN	0.0	False	False	1	1.0	True	215	0	0.0
HeLa_digest_SPME_1ng_1.mzML	ALVLDCHYPEDEVGQEDEAESDIFSIR	sp|Q07021|C1QBP_HUMAN	0.0	False	False	1	1.0	True	358	0	0.0
HeLa_digest_SPME_1ng_1.mzML	GVVDSEDIPLNLSR	sp|Q12931|TRAP1_HUMAN	0.0	False	False	1	1.0	True	366	0	0.0
HeLa_digest_SPME_1ng_1.mzML	VAALQNLVK	sp|Q14974|IMB1_HUMAN	0.0	False	False	1	1.0	True	383	0	0.0
HeLa_digest_SPME_1ng_1.mzML	VNNSSLIGVGYTQTLRPGVK	sp|P45880|VDAC2_HUMAN	0.0	False	False	1	1.0	True	231	0	0.0
HeLa_digest_SPME_1ng_1.mzML	DLSTVEALQNLK	sp|Q9BTT0|AN32E_HUMAN	0.0	False	False	1	1.0	True	441	0	0.0
HeLa_digest_SPME_1ng_1.mzML	DYGVYLEDSGHTLR	sp|Q13162|PRDX4_HUMAN	0.0	True	False	1	1.0	True	369	0	0.0
HeLa_digest_SPME_1ng_1.mzML	GDDLLPAGTEDYIHIR	sp|P41567|EIF1_HUMAN,sp|O60739|EIF1B_HUMAN	0.0	True	False	2	1.0	True	225	0	0.0
HeLa_digest_SPME_1ng_1.mzML	SLIGVEYKPVSATGAEDK	sp|P07814|SYEP_HUMAN	0.0	False	False	1	1.0	True	65	0	0.0
HeLa_digest_SPME_1ng_1.mzML	QAHLCVLASNCDEPMYVK	sp|P25398|RS12_HUMAN	0.0	False	False	1	1.0	True	160	0	0.0
HeLa_digest_SPME_1ng_1.mzML	AFGYYGPLR	sp|P84103|SRSF3_HUMAN	0.0	False	False	1	1.0	True	340	0	0.0
HeLa_digest_SPME_1ng_1.mzML	QSLPPGLAVK	sp|P63173|RL38_HUMAN	0.0	False	False	1	1.0	True	324	0	0.0
HeLa_digest_SPME_1ng_1.mzML	DVACGANHTLVLDSQK	sp|Q9P258|RCC2_HUMAN	0.0	False	False	1	1.0	True	452	0	0.0
HeLa_digest_SPME_1ng_1.mzML	FITHAPPGEFNEVFNDVR	sp|P52907|CAZA1_HUMAN	0.0	True	False	1	1.0	True	257	0	0.0
HeLa_digest_SPME_1ng_1.mzML	VGDVYIPR	sp|Q9BRL6|SRSF8_HUMAN,sp|Q01130|SRSF2_HUMAN	0.0	True	False	2	1.0	True	439	0	0.0
HeLa_digest_SPME_1ng_1.mzML	LFIGGLNVQTSESGLR	sp|Q13151|ROA0_HUMAN	0.0	True	False	1	1.0	True	368	0	0.0
HeLa_digest_SPME_1ng_1.mzML	NVTELNEPLSNEER	sp|P61981|1433G_HUMAN	0.0	True	False	1	1.0	True	292	0	0.0
HeLa_digest_SPME_1ng_1.mzML	MINLSVPDTIDER	sp|P13797|PLST_HUMAN,sp|P13796|PLSL_HUMAN	0.0	True	False	2	1.0	True	107	0	0.0
HeLa_digest_SPME_1ng_1.mzML	AGTGVDNVDLEAATR	sp|O43175|SERA_HUMAN	0.0	False	False	1	1.0	True	10	0	0.0
HeLa_digest_SPME_1ng_1.mzML	DVQMLQDAISK	sp|Q16543|CDC37_HUMAN	0.0	False	False	1	1.0	True	397	0	0.0
HeLa_digest_SPME_1ng_1.mzML	DFLAGGVAAAISK	sp|P05141|ADT2_HUMAN	0.0	True	False	1	1.0	True	47	0	0.0
HeLa_digest_SPME_1ng_1.mzML	EEETSIDVAGKPNEVTK	sp|P53985|MOT1_HUMAN	0.0	False	False	1	1.0	True	259	0	0.0
HeLa_digest_SPME_1ng_1.mzML	AIAFLQQPR	sp|P22102|PUR2_HUMAN	0.0	False	False	1	1.0	True	146	0	0.0
HeLa_digest_SPME_1ng_1.mzML	YNFFTGCPK	sp|Q99832|TCPH_HUMAN	0.0	False	False	1	1.0	True	435	0	0.0
HeLa_digest_SPME_1ng_1.mzML	AFSYYGPLR	sp|Q16629|SRSF7_HUMAN	0.0	False	False	1	1.0	True	400	0	0.0
HeLa_digest_SPME_1ng_1.mzML	KPEDVLDDDDAGSAPLK	sp|P35613|BASI_HUMAN	0.0	False	False	1	1.0	True	205	0	0.0
HeLa_digest_SPME_1ng_1.mzML	AALQELLSK	sp|P62851|RS25_HUMAN	0.0	False	False	1	1.0	True	313	0	0.0
HeLa_digest_SPME_1ng_1.mzML	VAPEEHPILLTEAPLNPK	sp|P0CG38|POTEI_HUMAN	0.0	True	False	4	1.0	True	85	0	0.0
HeLa_digest_SPME_1ng_1.mzML	MNVLADALK	sp|P62244|RS15A_HUMAN	0.0	False	False	1	1.0	True	295	0	0.0
HeLa_digest_SPME_1ng_1.mzML	LLPQLTYLDGYDRDDK	sp|P39687|AN32A_HUMAN	0.0	True	False	1	1.0	True	218	0	0.0
HeLa_digest_SPME_1ng_1.mzML	QMEQISQFLQAAER	sp|P37802|TAGL2_HUMAN	0.0	False	False	1	1.0	True	212	0	0.0
HeLa_digest_SPME_1ng_1.mzML	VNQIGSVTESIQACK	sp|P13929|ENOB_HUMAN	0.0	True	False	1	1.0	True	109	0	0.0
HeLa_digest_SPME_1ng_1.mzML	DYETATLSEIK	sp|P12814|ACTN1_HUMAN	0.0	True	False	1	1.0	True	100	0	0.0
HeLa_digest_SPME_1ng_1.mzML	DGVADVSIEDSVISLSGDHCIIGR	sp|P00441|SODC_HUMAN	0.0	False	False	1	1.0	True	32	0	0.0
HeLa_digest_SPME_1ng_1.mzML	GILFVGSGVSGGEEGAR	sp|P52209|6PGD_HUMAN	0.0	False	False	1	1.0	True	253	0	0.0
HeLa_digest_SPME_1ng_1.mzML	LEEGPPVTTVLTR	sp|P08559|ODPA_HUMAN	0.0	False	False	1	1.0	True	71	0	0.0
HeLa_digest_SPME_1ng_1.mzML	LYDIDVAK	sp|P62750|RL23A_HUMAN	0.0	False	False	1	1.0	True	307	0	0.0
HeLa_digest_SPME_1ng_1.mzML	GLSQSALPYR	sp|P62277|RS13_HUMAN	0.0	False	False	1	1.0	True	300	0	0.0
HeLa_digest_SPME_1ng_1.mzML	DAVEDLESVGK	sp|P81605|DCD_HUMAN	0.0	False	False	1	1.0	True	338	0	0.0
HeLa_digest_SPME_1ng_1.mzML	VLEQLTGQTPVFSK	sp|P62913|RL11_HUMAN	0.0	False	False	1	1.0	True	319	0	0.0
HeLa_digest_SPME_1ng_1.mzML	IFVGGLSPDTPEEK	sp|Q14103|HNRPD_HUMAN	0.0	False	False	1	1.0	True	379	0	0.0
HeLa_digest_SPME_1ng_1.mzML	VDLVDENFTELR	sp|P61086|UBE2K_HUMAN	0.0	False	False	1	1.0	True	284	0	0.0
HeLa_digest_SPME_1ng_1.mzML	TTEMETIYDLGTK	sp|Q9Y230|RUVB2_HUMAN	0.0	False	False	1	1.0	True	459	0	0.0
HeLa_digest_SPME_1ng_1.mzML	VTVDTGVIPASEEK	sp|O60841|IF2P_HUMAN	0.0	False	False	1	1.0	True	18	0	0.0
HeLa_digest_SPME_1ng_1.mzML	VVQVSAGDSHTAALTDDGR	sp|P18754|RCC1_HUMAN	0.0	False	False	1	1.0	True	136	0	0.0
HeLa_digest_SPME_1ng_1.mzML	VLQSALAAIR	sp|Q12905|ILF2_HUMAN	0.0	False	False	1	1.0	True	364	0	0.0
HeLa_digest_SPME_1ng_1.mzML	TIGISVDPR	sp|P26373|RL13_HUMAN	0.0	False	False	1	1.0	True	168	0	0.0
HeLa_digest_SPME_1ng_1.mzML	VLTEDEMGHPEIGDAIAR	sp|P14324|FPPS_HUMAN	0.0	False	False	1	1.0	True	113	0	0.0
HeLa_digest_SPME_1ng_1.mzML	GPQLFHMDPSGTFVQCDAR	sp|P28066|PSA5_HUMAN	0.0	False	False	1	1.0	True	176	0	0.0
HeLa_digest_SPME_1ng_1.mzML	FNPFVTSDR	sp|Q9UNX3|RL26L_HUMAN,sp|P61254|RL26_HUMAN	0.0	True	False	2	1.0	True	456	0	0.0
HeLa_digest_SPME_1ng_1.mzML	LLCGLLAER	sp|P14174|MIF_HUMAN	0.0	False	False	1	1.0	True	111	0	0.0
HeLa_digest_SPME_1ng_1.mzML	EDAPIGPHLQSMPSEQIR	sp|Q14152|EIF3A_HUMAN	0.0	False	False	1	1.0	True	380	0	0.0
HeLa_digest_SPME_1ng_1.mzML	EILDAFDK	sp|P07602|SAP_HUMAN	0.0	False	False	1	1.0	True	62	0	0.0
HeLa_digest_SPME_1ng_1.mzML	LVVLGSGGVGK	sp|P62834|RAP1A_HUMAN,sp|P61224|RAP1B_HUMAN	0.0	True	False	2	1.0	True	311	0	0.0
HeLa_digest_SPME_1ng_1.mzML	REEEEFNTGPLSVLTQSVK	sp|P62316|SMD2_HUMAN	0.0	False	False	1	1.0	True	302	0	0.0
HeLa_digest_SPME_1ng_1.mzML	EDIIQGFR	sp|P13010|XRCC5_HUMAN	0.0	False	False	1	1.0	True	102	0	0.0
HeLa_digest_SPME_1ng_1.mzML	ALADDDFLTVTGK	sp|P33991|MCM4_HUMAN	0.0	False	False	1	1.0	True	198	0	0.0
HeLa_digest_SPME_1ng_1.mzML	IIPGFMCQGGDFTR	sp|P62937|PPIA_HUMAN	0.0	True	False	2	1.0	True	321	0	0.0
HeLa_digest_SPME_1ng_1.mzML	SYLYFTQFK	sp|Q969H8|MYDGF_HUMAN	0.0	False	False	1	1.0	True	424	0	0.0
HeLa_digest_SPME_1ng_1.mzML	DREVGIPPEQSLETAK	sp|P61158|ARP3_HUMAN	0.0	False	False	1	1.0	True	285	0	0.0
HeLa_digest_SPME_1ng_1.mzML	LPVALDPGAK	sp|P04843|RPN1_HUMAN	0.0	False	False	1	1.0	True	46	0	0.0
HeLa_digest_SPME_1ng_1.mzML	ELPGFLQSGK	sp|P25815|S100P_HUMAN	0.0	False	False	1	1.0	True	166	0	0.0
HeLa_digest_SPME_1ng_1.mzML	NVDLLSDMVQEHDEPILK	sp|P55209|NP1L1_HUMAN	0.0	True	False	1	1.0	True	267	0	0.0
HeLa_digest_SPME_1ng_1.mzML	EHINLGCDMDFDIAGPSIR	sp|P21796|VDAC1_HUMAN	0.0	False	False	1	1.0	True	143	0	0.0
HeLa_digest_SPME_1ng_1.mzML	TYGADLASVDFQHASEDAR	sp|P30740|ILEU_HUMAN	0.0	False	False	1	1.0	True	190	0	0.0
HeLa_digest_SPME_1ng_1.mzML	ILNPEEIEK	sp|O14818|PSA7_HUMAN	0.0	True	False	1	1.0	True	3	0	0.0
HeLa_digest_SPME_1ng_1.mzML	VLLPEYGGTK	sp|P61604|CH10_HUMAN	0.0	False	False	1	1.0	True	289	0	0.0
HeLa_digest_SPME_1ng_1.mzML	VGFQYEGTYK	sp|P11413|G6PD_HUMAN	0.0	False	False	1	1.0	True	94	0	0.0
HeLa_digest_SPME_1ng_1.mzML	FNASQLITQR	sp|Q99623|PHB2_HUMAN	0.0	False	False	1	1.0	True	433	0	0.0
HeLa_digest_SPME_1ng_1.mzML	SEDFSLPAYMDR	sp|P13073|COX41_HUMAN	0.0	False	False	1	1.0	True	103	0	0.0
HeLa_digest_SPME_1ng_1.mzML	TSDIFGSPVTATSR	sp|Q9H910|JUPI2_HUMAN	0.0	False	False	1	1.0	True	447	0	0.0
HeLa_digest_SPME_1ng_1.mzML	AGGIETIANEYSDR	sp|P34932|HSP74_HUMAN	0.0	False	False	1	1.0	True	200	0	0.0
HeLa_digest_SPME_1ng_1.mzML	GEATVSFDDPPSAK	sp|P35637|FUS_HUMAN	0.0	True	False	2	1.0	True	206	0	0.0
HeLa_digest_SPME_1ng_1.mzML	ESYSIYVYK	sp|Q8N257|H2B3B_HUMAN,sp|Q6DRA6|H2B2D_HUMAN,sp|Q6DN03|H2B2C_HUMAN,sp|Q16778|H2B2E_HUMAN,sp|P33778|H2B1B_HUMAN,sp|P23527|H2B1O_HUMAN,sp|P06899|H2B1J_HUMAN	0.0	True	False	7	1.0	True	414	0	0.0
HeLa_digest_SPME_1ng_1.mzML	TTFDEAMADLHTLSEDSYK	sp|P31947|1433S_HUMAN	0.0	True	False	1	1.0	True	196	0	0.0
HeLa_digest_SPME_1ng_1.mzML	GFYIYQEGVK	sp|P40939|ECHA_HUMAN	0.0	False	False	1	1.0	True	223	0	0.0
HeLa_digest_SPME_1ng_1.mzML	LLLLGAGESGK	sp|Q5JWF2|GNAS1_HUMAN,sp|P63096|GNAI1_HUMAN,sp|P63092|GNAS2_HUMAN,sp|P38405|GNAL_HUMAN,sp|P19087|GNAT2_HUMAN,sp|P11488|GNAT1_HUMAN,sp|P09471|GNAO_HUMAN,sp|P08754|GNAI3_HUMAN,sp|P04899|GNAI2_HUMAN,sp|A8MTJ3|GNAT3_HUMAN	0.0	True	False	10	1.0	True	404	0	0.0
HeLa_digest_SPME_1ng_1.mzML	EFEVYGPIK	sp|P08621|RU17_HUMAN	0.0	False	False	1	1.0	True	72	0	0.0
HeLa_digest_SPME_1ng_1.mzML	EALTYDGALLGDR	sp|Q15056|IF4H_HUMAN	0.0	False	False	1	1.0	True	384	0	0.0
HeLa_digest_SPME_1ng_1.mzML	AQGPAASAEEPKPVEAPAANSDQTVTVK	sp|P80723|BASP1_HUMAN	0.0	False	False	1	1.0	True	337	0	0.0
HeLa_digest_SPME_1ng_1.mzML	DDITGEPLIR	sp|P54819|KAD2_HUMAN	0.0	False	False	1	1.0	True	262	0	0.0
HeLa_digest_SPME_1ng_1.mzML	EIEIDIEPTDK	sp|Q15843|NEDD8_HUMAN	0.0	False	False	1	1.0	True	396	0	0.0
HeLa_digest_SPME_1ng_1.mzML	DVTGAEALLER	sp|Q13813|SPTN1_HUMAN	0.0	False	False	1	1.0	True	377	0	0.0
HeLa_digest_SPME_1ng_1.mzML	TAVVVGTITDDVR	sp|Q07020|RL18_HUMAN	0.0	False	False	1	1.0	True	357	0	0.0
HeLa_digest_SPME_1ng_1.mzML	GDGPICLVLAPTR	sp|Q92841|DDX17_HUMAN	0.0	True	False	2	1.0	True	419	0	0.0
HeLa_digest_SPME_1ng_1.mzML	DFLLQQTMLR	sp|Q04760|LGUL_HUMAN	0.0	False	False	1	1.0	True	351	0	0.0
HeLa_digest_SPME_1ng_1.mzML	VAPDEHPILLTEAPLNPK	sp|Q562R1|ACTBL_HUMAN	0.0	True	False	1	1.0	True	403	0	0.0
HeLa_digest_SPME_1ng_1.mzML	FVNVVPTFGK	sp|P62861|RS30_HUMAN	0.0	False	False	1	1.0	True	315	0	0.0
HeLa_digest_SPME_1ng_1.mzML	STLNEIYFGK	sp|P47756|CAPZB_HUMAN	0.0	False	False	1	1.0	True	235	0	0.0
HeLa_digest_SPME_1ng_1.mzML	VANVSLLALYK	sp|P62266|RS23_HUMAN	0.0	False	False	1	1.0	True	299	0	0.0
HeLa_digest_SPME_1ng_1.mzML	NSLPDTVQIR	sp|P56537|IF6_HUMAN	0.0	False	False	1	1.0	True	273	0	0.0
HeLa_digest_SPME_1ng_1.mzML	EFPGFLENQK	sp|P60903|S10AA_HUMAN	0.0	False	False	1	1.0	True	281	0	0.0
HeLa_digest_SPME_1ng_1.mzML	TPFLLSGTSYK	sp|P55084|ECHB_HUMAN	0.0	False	False	1	1.0	True	266	0	0.0
HeLa_digest_SPME_1ng_1.mzML	LSQNNFALGYK	sp|Q9Y277|VDAC3_HUMAN	0.0	False	False	1	1.0	True	461	0	0.0
HeLa_digest_SPME_1ng_1.mzML	LPAVVTADLR	sp|P38117|ETFB_HUMAN	0.0	False	False	1	1.0	True	213	0	0.0
HeLa_digest_SPME_1ng_1.mzML	FDDPLLGPR	sp|Q9P2J5|SYLC_HUMAN	0.0	False	False	1	1.0	True	453	0	0.0
HeLa_digest_SPME_1ng_1.mzML	VIILGDSGVGK	sp|P51149|RAB7A_HUMAN	0.0	False	False	1	1.0	True	252	0	0.0
HeLa_digest_SPME_1ng_1.mzML	GPLQSVQVFGR	sp|P62249|RS16_HUMAN	0.0	False	False	1	1.0	True	296	0	0.0
HeLa_digest_SPME_1ng_1.mzML	IDPLAPLDK	sp|P11766|ADHX_HUMAN	0.0	False	False	1	1.0	True	96	0	0.0
HeLa_digest_SPME_1ng_1.mzML	AVLLAGPPGTGK	sp|Q9Y265|RUVB1_HUMAN	0.0	False	False	1	1.0	True	460	0	0.0
HeLa_digest_SPME_1ng_1.mzML	SHYADVDPENQNFLLESNLGK	sp|Q96QD8|S38A2_HUMAN	0.0	False	False	1	1.0	True	430	0	0.0
HeLa_digest_SPME_1ng_1.mzML	VFNETPINPR	sp|Q9Y678|COPG1_HUMAN	0.0	False	False	1	1.0	True	464	0	0.0
HeLa_digest_SPME_1ng_1.mzML	LQQLPADFGR	sp|Q96AG4|LRC59_HUMAN	0.0	False	False	1	1.0	True	426	0	0.0
HeLa_digest_SPME_1ng_1.mzML	LLIIGDSGVGK	sp|Q15286|RAB35_HUMAN	0.0	False	False	1	1.0	True	389	0	0.0
HeLa_digest_SPME_1ng_1.mzML	VVLPIEAPIR	sp|P00403|COX2_HUMAN	0.0	False	False	1	1.0	True	31	0	0.0
HeLa_digest_SPME_1ng_1.mzML	IFTSIGEDYDER	sp|P35232|PHB1_HUMAN	0.0	False	False	1	1.0	True	201	0	0.0
HeLa_digest_SPME_1ng_1.mzML	VCENIPIVLCGNK	sp|P62826|RAN_HUMAN	0.0	False	False	1	1.0	True	310	0	0.0
HeLa_digest_SPME_1ng_1.mzML	NFGEEVDDESLK	sp|Q13310|PABP4_HUMAN	0.0	True	False	1	1.0	True	373	0	0.0
HeLa_digest_SPME_1ng_1.mzML	EDPNLVPSISNK	sp|P10606|COX5B_HUMAN	0.0	False	False	1	1.0	True	89	0	0.0
HeLa_digest_SPME_1ng_1.mzML	GLELIASENFCSR	sp|P34897|GLYM_HUMAN	0.0	False	False	1	1.0	True	199	0	0.0
HeLa_digest_SPME_1ng_1.mzML	VAQLEQVYIR	sp|P62318|SMD3_HUMAN	0.0	False	False	1	1.0	True	303	0	0.0
HeLa_digest_SPME_1ng_1.mzML	TAGTICLETFK	sp|Q8IYD1|ERF3B_HUMAN,sp|P15170|ERF3A_HUMAN	0.0	True	False	2	1.0	True	412	0	0.0
HeLa_digest_SPME_1ng_1.mzML	ILMVGLDAAGK	sp|P18085|ARF4_HUMAN	0.0	True	False	4	1.0	True	131	0	0.0
HeLa_digest_SPME_1ng_1.mzML	GEDFPANNIVK	sp|P43307|SSRA_HUMAN	0.0	False	False	1	1.0	True	230	0	0.0
HeLa_digest_SPME_1ng_1.mzML	ILYLTPEQEK	sp|P62495|ERF1_HUMAN	0.0	False	False	1	1.0	True	305	0	0.0
HeLa_digest_SPME_1ng_1.mzML	AMEVDERPTEQYSDIGGLDK	sp|P17980|PRS6A_HUMAN	0.0	False	False	1	1.0	True	129	0	0.0
HeLa_digest_SPME_1ng_1.mzML	VVPEMTEILK	sp|P13804|ETFA_HUMAN	0.0	False	False	1	1.0	True	108	0	0.0
HeLa_digest_SPME_1ng_1.mzML	EGDVLTLLESER	sp|P62857|RS28_HUMAN	0.0	False	False	1	1.0	True	314	0	0.0
HeLa_digest_SPME_1ng_1.mzML	LVQSPNSYFMDVK	sp|Q71UM5|RS27L_HUMAN,sp|P42677|RS27_HUMAN	0.0	True	False	2	1.0	True	408	0	0.0
HeLa_digest_SPME_1ng_1.mzML	FYGPEGPYGVFAGR	sp|O00264|PGRC1_HUMAN	0.0	False	False	1	1.0	True	1	0	0.0
HeLa_digest_SPME_1ng_1.mzML	NAIANASTLAEVER	sp|P09661|RU2A_HUMAN	0.0	False	False	1	1.0	True	83	0	0.0
HeLa_digest_SPME_1ng_1.mzML	YSQLVVETIR	sp|Q92522|H1X_HUMAN	0.0	False	False	1	1.0	True	416	0	0.0
HeLa_digest_SPME_1ng_1.mzML	LIADVAPSAIR	sp|P39748|FEN1_HUMAN	0.0	False	False	1	1.0	True	219	0	0.0
HeLa_digest_SPME_1ng_1.mzML	TGAAPIIDVVR	sp|P46776|RL27A_HUMAN	0.0	False	False	1	1.0	True	232	0	0.0
HeLa_digest_SPME_1ng_1.mzML	LALGDDSPALK	sp|P17174|AATC_HUMAN	0.0	False	False	1	1.0	True	125	0	0.0
HeLa_digest_SPME_1ng_1.mzML	GDVEEDETIPDSEQDIRPR	sp|Q92973|TNPO1_HUMAN	0.0	False	False	1	1.0	True	422	0	0.0
HeLa_digest_SPME_1ng_1.mzML	GDEELDSLIK	sp|Q71UI9|H2AV_HUMAN,sp|P0C0S5|H2AZ_HUMAN	0.0	True	False	2	1.0	True	407	0	0.0
HeLa_digest_SPME_1ng_1.mzML	YNPENLATLER	sp|Q9UBQ5|EIF3K_HUMAN	0.0	False	False	1	1.0	True	454	0	0.0
HeLa_digest_SPME_1ng_1.mzML	IDFVGELNDK	sp|P55786|PSA_HUMAN,sp|A6NEC2|PSAL_HUMAN	0.0	True	False	2	1.0	True	270	0	0.0
HeLa_digest_SPME_1ng_1.mzML	EIIDPVLDR	sp|P68366|TBA4A_HUMAN	0.0	True	False	1	1.0	True	330	0	0.0
HeLa_digest_SPME_1ng_1.mzML	LLEELEEGQK	sp|Q15819|UB2V2_HUMAN,sp|Q13404|UB2V1_HUMAN	0.0	True	False	2	1.0	True	395	0	0.0
HeLa_digest_SPME_1ng_1.mzML	SGGMSNELNNIISR	sp|P53396|ACLY_HUMAN	0.0	False	False	1	1.0	True	258	0	0.0
HeLa_digest_SPME_1ng_1.mzML	ELAEQLGLSTGEK	sp|O75821|EIF3G_HUMAN	0.0	False	False	1	1.0	True	22	0	0.0
HeLa_digest_SPME_1ng_1.mzML	AQQEQELAADAFK	sp|P14314|GLU2B_HUMAN	0.0	False	False	1	1.0	True	112	0	0.0
HeLa_digest_SPME_1ng_1.mzML	EQISDIDDAVR	sp|P53999|TCP4_HUMAN	0.0	False	False	1	1.0	True	260	0	0.0
HeLa_digest_SPME_1ng_1.mzML	LQNLQLQPGNAK	sp|P22307|SCP2_HUMAN	0.0	False	False	1	1.0	True	148	0	0.0
HeLa_digest_SPME_1ng_1.mzML	IDYIAGLDSR	sp|P07741|APT_HUMAN	0.0	False	False	1	1.0	True	64	0	0.0
HeLa_digest_SPME_1ng_1.mzML	TELLNVCMNAK	sp|P15328|FOLR1_HUMAN	0.0	False	False	1	1.0	True	119	0	0.0
HeLa_digest_SPME_1ng_1.mzML	IYVGNLPPDIR	sp|Q07955|SRSF1_HUMAN	0.0	False	False	1	1.0	True	359	0	0.0
HeLa_digest_SPME_1ng_1.mzML	LLDEVFFSEK	sp|P25789|PSA4_HUMAN	0.0	True	False	1	1.0	True	165	0	0.0
HeLa_digest_SPME_1ng_1.mzML	VTSVVFHPSQDLVFSASPDATIR	sp|Q9UMS4|PRP19_HUMAN	0.0	False	False	1	1.0	True	455	0	0.0
HeLa_digest_SPME_1ng_1.mzML	IGDPLLEDTR	sp|P49189|AL9A1_HUMAN	0.0	False	False	1	1.0	True	238	0	0.0
HeLa_digest_SPME_1ng_1.mzML	VLTLSDDLER	sp|P55010|IF5_HUMAN	0.0	False	False	1	1.0	True	263	0	0.0
HeLa_digest_SPME_1ng_1.mzML	AGNLGGGVVTIER	sp|P35268|RL22_HUMAN	0.0	False	False	1	1.0	True	203	0	0.0
HeLa_digest_SPME_1ng_1.mzML	ELTPQVVSAAR	sp|P18206|VINC_HUMAN	0.0	False	False	1	1.0	True	133	0	0.0
HeLa_digest_SPME_1ng_1.mzML	NYIQGINLVQAK	sp|P52815|RM12_HUMAN	0.0	False	False	1	1.0	True	256	0	0.0
HeLa_digest_SPME_1ng_1.mzML	STNPGISIGDVAK	sp|O15347|HMGB3_HUMAN	0.0	False	False	1	1.0	True	5	0	0.0
HeLa_digest_SPME_1ng_1.mzML	VQISPDSGGLPER	sp|Q92945|FUBP2_HUMAN	0.0	False	False	1	1.0	True	421	0	0.0
HeLa_digest_SPME_1ng_1.mzML	ELTAPDENIPAK	sp|P11387|TOP1_HUMAN	0.0	True	False	1	1.0	True	93	0	0.0
HeLa_digest_SPME_1ng_1.mzML	EVEELILTESK	sp|Q9BZZ5|API5_HUMAN	0.0	False	False	1	1.0	True	445	0	0.0
HeLa_digest_SPME_1ng_1.mzML	ELLLQPVTISR	sp|P59998|ARPC4_HUMAN	0.0	False	False	1	1.0	True	275	0	0.0
HeLa_digest_SPME_1ng_1.mzML	TAFQEALDAAGDK	sp|P10599|THIO_HUMAN	0.0	False	False	1	1.0	True	88	0	0.0
HeLa_digest_SPME_1ng_1.mzML	LEAEGVPEVSEK	sp|O76003|GLRX3_HUMAN	0.0	False	False	1	1.0	True	25	0	0.0
HeLa_digest_SPME_1ng_1.mzML	AEAGAGSATEFQFR	sp|Q9NQ39|RS10L_HUMAN,sp|P46783|RS10_HUMAN	0.0	True	False	2	1.0	True	448	0	0.0
HeLa_digest_SPME_1ng_1.mzML	TIYTPGSTVLYR	sp|P01024|CO3_HUMAN	0.0	False	False	1	1.0	True	37	0	0.0
HeLa_digest_SPME_1ng_1.mzML	EIFGLYGQTTGK	sp|Q9NR31|SAR1A_HUMAN	0.0	True	False	1	1.0	True	449	0	0.0
HeLa_digest_SPME_1ng_1.mzML	AEVLSEEPILK	sp|Q7L1Q6|5MP2_HUMAN	0.0	False	False	1	1.0	True	409	0	0.0
HeLa_digest_SPME_1ng_1.mzML	ITNSLTVLCSEK	sp|O75822|EIF3J_HUMAN	0.0	False	False	1	1.0	True	23	0	0.0
HeLa_digest_SPME_1ng_1.mzML	YALYDASFETK	sp|P60981|DEST_HUMAN	0.0	False	False	1	1.0	True	282	0	0.0
HeLa_digest_SPME_1ng_1.mzML	DLGFNGAPYR	sp|Q9Y5B9|SP16H_HUMAN	0.0	False	False	1	1.0	True	463	0	0.0
HeLa_digest_SPME_1ng_1.mzML	LNGTDPEDVIR	sp|P24844|MYL9_HUMAN,sp|P19105|ML12A_HUMAN,sp|O14950|ML12B_HUMAN	0.0	True	False	3	1.0	True	158	0	0.0
HeLa_digest_SPME_1ng_1.mzML	AVQGFFTSNNATR	sp|O43242|PSMD3_HUMAN	0.0	False	False	1	1.0	True	11	0	0.0
HeLa_digest_SPME_1ng_1.mzML	YVAVMPPHIGDQPLTGAYTVTLDGR	sp|P30043|BLVRB_HUMAN	0.0	False	False	1	1.0	True	181	0	0.0
HeLa_digest_SPME_1ng_1.mzML	GEPPLPEEDLSK	sp|O15372|EIF3H_HUMAN	0.0	False	False	1	1.0	True	7	0	0.0
HeLa_digest_SPME_1ng_1.mzML	SDSEDICLFTK	sp|O76021|RL1D1_HUMAN	0.0	False	False	1	1.0	True	26	0	0.0
HeLa_digest_SPME_1ng_1.mzML	DLSLEEIQK	sp|P16949|STMN1_HUMAN	0.0	True	False	2	1.0	True	123	0	0.0
HeLa_digest_SPME_1ng_1.mzML	GTVTDFPGFDER	sp|P08758|ANXA5_HUMAN	0.0	True	False	1	1.0	True	77	0	0.0
HeLa_digest_SPME_1ng_1.mzML	LTFSCLGGSDNFK	sp|Q15185|TEBP_HUMAN	0.0	False	False	1	1.0	True	388	0	0.0
HeLa_digest_SPME_1ng_1.mzML	LFIGGLNTETNEK	sp|P38159|RBMX_HUMAN	0.0	True	False	2	1.0	True	214	0	0.0
HeLa_digest_SPME_1ng_1.mzML	EVYELLDSPGK	sp|P22234|PUR6_HUMAN	0.0	False	False	1	1.0	True	147	0	0.0
HeLa_digest_SPME_1ng_1.mzML	IDATSASVLASR	sp|P13667|PDIA4_HUMAN	0.0	False	False	1	1.0	True	105	0	0.0
HeLa_digest_SPME_1ng_1.mzML	VAVGELTDEDVK	sp|P49736|MCM2_HUMAN	0.0	False	False	1	1.0	True	243	0	0.0
HeLa_digest_SPME_1ng_1.mzML	NPDSQYGELIEK	sp|P30085|KCY_HUMAN	0.0	False	False	1	1.0	True	186	0	0.0
HeLa_digest_SPME_1ng_1.mzML	TSAALSTVGSAISR	sp|O43399|TPD54_HUMAN	0.0	False	False	1	1.0	True	13	0	0.0
HeLa_digest_SPME_1ng_1.mzML	FYFHDGVR	sp|O00410|IPO5_HUMAN	0.0	False	False	1	1.0	True	2	0	0.0
HeLa_digest_SPME_1ng_1.mzML	VHVIFNYK	sp|P27797|CALR_HUMAN	0.0	False	False	1	1.0	True	173	0	0.0
HeLa_digest_SPME_1ng_1.mzML	GHVSFKPSLDQQR	sp|Q06033|ITIH3_HUMAN	0.0	False	False	1	1.0	True	354	0	0.0
HeLa_digest_SPME_1ng_1.mzML	YKPLDLRPK	sp|P42766|RL35_HUMAN	0.0	False	False	1	1.0	True	228	0	0.0
HeLa_digest_SPME_1ng_1.mzML	LDHVVTIIK	sp|Q99873|ANM1_HUMAN	0.0	False	False	1	0.99609375	True	506	0	0.0
HeLa_digest_SPME_1ng_1.mzML	VDLGVLGK	sp|P36871|PGM1_HUMAN	0.0	False	False	1	0.99609375	True	484	0	0.0
HeLa_digest_SPME_1ng_1.mzML	IEGDMIVCAAYAHELPK	sp|P46777|RL5_HUMAN	0.0	False	False	1	0.99609375	True	487	0	0.0
HeLa_digest_SPME_1ng_1.mzML	IEDLSQEAQLAAAEK	sp|Q9BZK3|NACP4_HUMAN	0.0	False	False	1	0.99609375	True	508	0	0.0
HeLa_digest_SPME_1ng_1.mzML	LADFGLAR	sp|Q9NYV4|CDK12_HUMAN,sp|Q96Q40|CDK15_HUMAN,sp|Q14004|CDK13_HUMAN,sp|Q07002|CDK18_HUMAN,sp|Q00537|CDK17_HUMAN,sp|Q00536|CDK16_HUMAN,sp|Q00535|CDK5_HUMAN,sp|Q00534|CDK6_HUMAN,sp|Q00526|CDK3_HUMAN,sp|P50750|CDK9_HUMAN,sp|P24941|CDK2_HUMAN,sp|P11802|CDK4_HUMAN,sp|P06493|CDK1_HUMAN,sp|O94921|CDK14_HUMAN	0.0	True	False	14	0.99609375	True	511	0	0.0
HeLa_digest_SPME_1ng_1.mzML	IAVEPVNPSELPK	sp|Q15029|U5S1_HUMAN	0.0	False	False	1	0.99609375	True	497	0	0.0
HeLa_digest_SPME_1ng_1.mzML	DVQTALALAK	sp|Q99714|HCD2_HUMAN	0.0	False	False	1	0.99609375	True	505	0	0.0
HeLa_digest_SPME_1ng_1.mzML	VADGLPLAASMQEDEQSGR	sp|O75396|SC22B_HUMAN	0.0	False	False	1	0.99609375	True	469	0	0.0
HeLa_digest_SPME_1ng_1.mzML	GLGLSPDLVVCR	sp|P17812|PYRG1_HUMAN	0.0	False	False	1	0.99609375	True	478	0	0.0
HeLa_digest_SPME_1ng_1.mzML	ATAENEFVVLKK	sp|P78386|KRT85_HUMAN	0.0	False	False	1	0.99609375	True	492	0	0.0
HeLa_digest_SPME_1ng_1.mzML	QVVNIPSFIVR	sp|P46781|RS9_HUMAN	0.0	False	False	1	0.99609375	True	488	0	0.0
HeLa_digest_SPME_1ng_1.mzML	DVFQELEK	sp|Q16719|KYNU_HUMAN	0.0	False	False	1	0.99609375	True	501	0	0.0
HeLa_digest_SPME_1ng_1.mzML	DPGLVDQLVK	sp|P49591|SYSC_HUMAN	0.0	False	False	1	0.99609375	True	489	0	0.0
HeLa_digest_SPME_1ng_1.mzML	LEAAYLDLQR	sp|O75347|TBCA_HUMAN	0.0	False	False	1	0.99609375	True	468	0	0.0
HeLa_digest_SPME_1ng_1.mzML	FNADEFEDMVAEK	sp|P27635|RL10_HUMAN	0.0	False	False	1	0.99609375	True	481	0	0.0
HeLa_digest_SPME_1ng_1.mzML	KTESAVSQMQSVIELGR	sp|P41252|SYIC_HUMAN	0.0	False	False	1	0.99609375	True	485	0	0.0
HeLa_digest_SPME_1ng_1.mzML	LDTDDLDEIEK	sp|Q9UMR2|DD19B_HUMAN,sp|Q9NUU7|DD19A_HUMAN	0.0	True	False	2	0.99609375	True	515	0	0.0
HeLa_digest_SPME_1ng_1.mzML	LLDEEEATDNDLR	sp|Q8WUM4|PDC6I_HUMAN	0.0	False	False	1	0.99609375	True	503	0	0.0
HeLa_digest_SPME_1ng_1.mzML	YLAPSGPSGTLK	sp|Q16658|FSCN1_HUMAN	0.0	False	False	1	0.99609375	True	500	0	0.0
HeLa_digest_SPME_1ng_1.mzML	TVTATFGYPFR	sp|Q16563|SYPL1_HUMAN	0.0	False	False	1	0.99609375	True	499	0	0.0
HeLa_digest_SPME_1ng_1.mzML	ATDFVVPGPGK	sp|O75874|IDHC_HUMAN	0.0	False	False	1	0.99609375	True	472	0	0.0
HeLa_digest_SPME_1ng_1.mzML	ATENDIANFFSPLNPIR	sp|P31942|HNRH3_HUMAN	0.0	False	False	1	0.99609375	True	483	0	0.0
HeLa_digest_SPME_1ng_1.mzML	VTVLTLQDK	sp|Q9UBT2|SAE2_HUMAN	0.0	False	False	1	0.99609375	True	513	0	0.0
HeLa_digest_SPME_1ng_1.mzML	NALVSHLDGTTPVCEDIGR	sp|P31930|QCR1_HUMAN	0.0	False	False	1	0.99609375	True	482	0	0.0
HeLa_digest_SPME_1ng_1.mzML	FTVAELK	sp|Q13435|SF3B2_HUMAN	0.0	False	False	1	0.99609375	True	494	0	0.0
HeLa_digest_SPME_1ng_1.mzML	LFIGGLSFETTDDSLR	sp|P51991|ROA3_HUMAN	0.0	True	False	1	0.99609375	True	491	0	0.0
HeLa_digest_SPME_1ng_1.mzML	TNLPIFK	sp|Q9UMY4|SNX12_HUMAN,sp|O60493|SNX3_HUMAN	0.0	True	False	2	0.99609375	True	516	0	0.0
HeLa_digest_SPME_1ng_1.mzML	LIHPDEDISLEER	sp|O43670|ZN207_HUMAN	0.0	False	False	1	0.99609375	True	466	0	0.0
HeLa_digest_SPME_1ng_1.mzML	VVLIGDSGVGK	sp|Q15907|RB11B_HUMAN,sp|P62491|RB11A_HUMAN	0.0	True	False	2	0.99609375	True	498	0	0.0
HeLa_digest_SPME_1ng_1.mzML	HGGTIPIVPTAEFQDR	sp|P00367|DHE3_HUMAN	0.0	False	False	1	0.99609375	True	473	0	0.0
HeLa_digest_SPME_1ng_1.mzML	ALLTLADGR	sp|P12429|ANXA3_HUMAN	0.0	False	False	1	0.99609375	True	477	0	0.0
HeLa_digest_SPME_1ng_1.mzML	VQASLAANTFTITGHAETK	sp|P20290|BTF3_HUMAN	0.0	False	False	1	0.99609375	True	479	0	0.0
HeLa_digest_SPME_1ng_1.mzML	TAFDEAIAELDTLNEDSYK	sp|P27348|1433T_HUMAN	0.0	True	False	1	0.99609375	True	480	0	0.0
HeLa_digest_SPME_1ng_1.mzML	HYEVEILDAK	sp|Q9NZ01|TECR_HUMAN	0.0	False	False	1	0.99609375	True	512	0	0.0
HeLa_digest_SPME_1ng_1.mzML	IPYTTVLR	sp|Q08945|SSRP1_HUMAN	0.0	False	False	1	0.9921875	True	530	0	0.0
HeLa_digest_SPME_1ng_1.mzML	RGPGLYYVDSEGNR	sp|P28074|PSB5_HUMAN	0.0	False	False	1	0.9921875	True	522	0	0.0
HeLa_digest_SPME_1ng_1.mzML	DQLALAIGK	sp|P43897|EFTS_HUMAN	0.0	False	False	1	0.9921875	True	526	0	0.0
HeLa_digest_SPME_1ng_1.mzML	VPDFSEYR	sp|P47985|UCRI_HUMAN,sp|P0C7P4|UCRIL_HUMAN	0.0	True	False	2	0.9921875	True	528	0	0.0
HeLa_digest_SPME_1ng_1.mzML	VFANPEDCVAFGK	sp|P10620|MGST1_HUMAN	0.0	False	False	1	0.9921875	True	519	0	0.0
HeLa_digest_SPME_1ng_1.mzML	NGGQILIADLR	sp|P55735|SEC13_HUMAN	0.0	False	False	1	0.98828125	True	537	0	0.0
HeLa_digest_SPME_1ng_1.mzML	FPFNTPK	sp|P08243|ASNS_HUMAN	0.0	False	False	1	0.98828125	True	533	0	0.0
HeLa_digest_SPME_1ng_1.mzML	IDIDPEETVK	sp|P54727|RD23B_HUMAN	0.0	False	False	1	0.98828125	True	536	0	0.0
HeLa_digest_SPME_1ng_1.mzML	HFIDVGAGVIDEDYR	sp|P33316|DUT_HUMAN	0.0	False	False	1	0.98828125	True	534	0	0.0
HeLa_digest_SPME_1ng_1.mzML	NLVTGDHIPTPQDLPQR	sp|O43768|ENSA_HUMAN	0.0	False	False	1	0.98828125	True	532	0	0.0
HeLa_digest_SPME_1ng_1.mzML	EQDLQLEELR	sp|O60763|USO1_HUMAN	0.0017985611510791	False	False	1	0.984375	True	539	1	0.0018552875695732
HeLa_digest_SPME_1ng_1.mzML	GEDLTEEEDGGIIR	sp|Q02790|FKBP4_HUMAN	0.0	False	False	1	0.99609375	True	493	0	0.0
HeLa_digest_SPME_1ng_1.mzML	AAFVLPEFAR	sp|P19623|SPEE_HUMAN	0.0017985611510791	False	False	1	0.98046875	True	541	1	0.0018484288354898
HeLa_digest_SPME_1ng_1.mzML	LANLINAEER	sp|P52701|MSH6_HUMAN	0.0017985611510791	False	False	1	0.9765625	True	542	1	0.0018450184501845
HeLa_digest_SPME_1ng_1.mzML	VPQVSTPTLVEVSR	sp|P02768|ALBU_HUMAN	0.0017985611510791	False	False	1	0.97265625	True	543	1	0.001841620626151
HeLa_digest_SPME_1ng_1.mzML	EGEFVAQFK	sp|Q9UQ80|PA2G4_HUMAN	0.0	False	False	1	1.0	True	457	0	0.0
HeLa_digest_SPME_1ng_1.mzML	GGTILAPTVSAK	sp|Q7L014|DDX46_HUMAN	0.0017985611510791	False	False	1	0.96875	True	546	1	0.0018315018315018
HeLa_digest_SPME_1ng_1.mzML	LHKPPADSGVDLR	sp|O15427|MOT4_HUMAN	0.0017985611510791	False	False	1	0.95703125	True	548	1	0.0018248175182481
HeLa_digest_SPME_1ng_1.mzML	GQVVSLIR	sp|P07384|CAN1_HUMAN	0.0017985611510791	False	False	1	0.94921875	True	549	1	0.0018214936247723
HeLa_digest_SPME_1ng_1.mzML	TPAFAESVTEGDVR	sp|P36957|ODO2_HUMAN	0.0017985611510791	False	False	1	0.9453125	True	552	1	0.0018115942028985
HeLa_digest_SPME_1ng_1.mzML	LQIDEQLR	sp|P51114|FXR1_HUMAN	0.0017985611510791	True	False	3	0.94921875	True	550	1	0.0018181818181818
HeLa_digest_SPME_1ng_1.mzML	RLEESDVLQEAR	sp|O43615|TIM44_HUMAN	0.0035714285714285	False	False	1	0.8828125	True	560	2	0.0035714285714285
HeLa_digest_SPME_1ng_1.mzML	LFNKVFR	sp|Q96J66|MRP8_HUMAN	0.0053003533568904	False	False	1	0.8515625	True	564	3	0.0053191489361702
HeLa_digest_SPME_1ng_1.mzML	IEDMAVSLIR	sp|Q15776|ZKSC8_HUMAN	0.0068846815834767	False	False	1	0.6796875	True	570	4	0.0070175438596491
HeLa_digest_SPME_1ng_1.mzML	NIAIQSQFTR	sp|P12270|TPR_HUMAN	0.0068846815834767	False	False	1	0.65625	True	571	4	0.0070052539404553
HeLa_digest_SPME_1ng_1.mzML	KEYIQPVQLR	sp|Q07889|SOS1_HUMAN	0.0068846815834767	False	False	1	0.65234375	True	572	4	0.0069930069930069
HeLa_digest_SPME_1ng_1.mzML	AVANQTSATFLR	sp|P62191|PRS4_HUMAN	0.0068846815834767	False	False	1	0.6328125	True	573	4	0.0069808027923211
HeLa_digest_SPME_1ng_1.mzML	IYVVDVGSEPR	sp|Q13228|SBP1_HUMAN	0.0068846815834767	False	False	1	0.59375	True	575	4	0.0069565217391304
HeLa_digest_SPME_1ng_1.mzML	GLFLPEDENLR	sp|Q12797|ASPH_HUMAN	0.0068846815834767	False	False	1	0.5234375	True	580	4	0.0068965517241379
HeLa_digest_SPME_1ng_1.mzML	ALAGCDFLTISPK	sp|P37837|TALDO_HUMAN	0.0068846815834767	False	False	1	0.5234375	True	579	4	0.006908462867012
HeLa_digest_SPME_1ng_1.mzML	YLENYDAIR	sp|P15374|UCHL3_HUMAN	0.0068846815834767	False	False	1	0.474609375	True	581	4	0.0068846815834767
HeLa_digest_SPME_1ng_1.mzML	LSNQAFVFRGGR	sp|A6NI87|CBY3_HUMAN	0.0084602368866328	False	False	1	0.421875	True	582	5	0.0085910652920962
HeLa_digest_SPME_1ng_1.mzML	SDIIFFQR	sp|Q14116|IL18_HUMAN	0.0084602368866328	False	False	1	0.408203125	True	583	5	0.0085763293310463
HeLa_digest_SPME_1ng_1.mzML	ATGFDGGNKADQLDYENFR	sp|Q8NI27|THOC2_HUMAN	0.0084602368866328	False	False	1	0.357421875	True	586	5	0.0085324232081911
HeLa_digest_SPME_1ng_1.mzML	SHPLDPIDTVDFER	sp|P47897|SYQ_HUMAN	0.0084602368866328	False	False	1	0.330078125	True	588	5	0.0085034013605442
HeLa_digest_SPME_1ng_1.mzML	LVHNNEAQQAIISALDDANK	sp|Q96NG3|ODAD4_HUMAN	0.0084602368866328	False	False	1	0.294921875	True	591	5	0.0084602368866328
HeLa_digest_SPME_1ng_1.mzML	FLQEHGSDSFLAEHK	sp|Q00688|FKBP3_HUMAN	0.0	False	False	1	1.0	True	342	0	0.0
HeLa_digest_SPME_1ng_1.mzML	HLVDEPQNLIK	sp|P02769|ALBU_BOVIN	0.0	False	False	1	1.0	True	39	0	0.0
HeLa_digest_SPME_1ng_1.mzML	TIVITSHPGQIVK	sp|P31689|DNJA1_HUMAN	0.0	False	False	1	1.0	True	193	0	0.0
HeLa_digest_SPME_1ng_1.mzML	REAPVDVLTQIGR	sp|Q9BVC6|TM109_HUMAN	0.0	False	False	1	1.0	True	443	0	0.0
HeLa_digest_SPME_1ng_1.mzML	PYCNHPCYAAMFGPK	sp|P50238|CRIP1_HUMAN	0.0	False	False	1	1.0	True	246	0	0.0
HeLa_digest_SPME_1ng_1.mzML	VGSLDNVGHLPAGGAVK	sp|P27816|MAP4_HUMAN	0.0	False	False	1	1.0	True	174	0	0.0
HeLa_digest_SPME_1ng_1.mzML	AHIMEIQLNGGTVAEK	sp|Q92901|RL3L_HUMAN	0.0	False	False	1	1.0	True	420	0	0.0
HeLa_digest_SPME_1ng_1.mzML	REVDDLGPEVGDIK	sp|O43143|DHX15_HUMAN	0.0	False	False	1	1.0	True	9	0	0.0
HeLa_digest_SPME_1ng_1.mzML	NFFLTNR	sp|P17655|CAN2_HUMAN	0.0	False	False	1	1.0	True	126	0	0.0
HeLa_digest_SPME_1ng_1.mzML	YLLGTSLAR	sp|P00966|ASSY_HUMAN	0.0	False	False	1	1.0	True	36	0	0.0
HeLa_digest_SPME_1ng_1.mzML	TEVTGDHIPTPQDLPQR	sp|P56211|ARP19_HUMAN	0.0	False	False	1	1.0	True	272	0	0.0
HeLa_digest_SPME_1ng_1.mzML	EGLPVALDK	sp|Q9Y224|RTRAF_HUMAN	0.0	False	False	1	1.0	True	458	0	0.0
HeLa_digest_SPME_1ng_1.mzML	DLYLENPEIK	sp|P21980|TGM2_HUMAN	0.0	False	False	1	1.0	True	144	0	0.0
HeLa_digest_SPME_1ng_1.mzML	DYYQTLGLAR	sp|P25685|DNJB1_HUMAN	0.0	False	False	1	1.0	True	161	0	0.0
HeLa_digest_SPME_1ng_1.mzML	LPLQLDDAVRPEAEGEEEGR	sp|P14868|SYDC_HUMAN	0.0	False	False	1	1.0	True	117	0	0.0
HeLa_digest_SPME_1ng_1.mzML	GPFTDVVTTNLK	sp|Q9P0L0|VAPA_HUMAN,sp|O95292|VAPB_HUMAN	0.0	True	False	2	1.0	True	451	0	0.0
HeLa_digest_SPME_1ng_1.mzML	SLFSSIGEVESAK	sp|Q15717|ELAV1_HUMAN	0.0	False	False	1	1.0	True	394	0	0.0
HeLa_digest_SPME_1ng_1.mzML	GVTIPYRPK	sp|Q15366|PCBP2_HUMAN	0.0	True	False	1	1.0	True	391	0	0.0
HeLa_digest_SPME_1ng_1.mzML	ELPTVVFR	sp|Q9BVP2|GNL3_HUMAN	0.0	False	False	1	0.99609375	True	507	0	0.0
HeLa_digest_SPME_1ng_1.mzML	DLFDPIIEDR	sp|P12277|KCRB_HUMAN	0.0	False	False	1	0.99609375	True	476	0	0.0
HeLa_digest_SPME_1ng_1.mzML	DLFPYEESK	sp|P51858|HDGF_HUMAN	0.0	False	False	1	0.99609375	True	490	0	0.0
HeLa_digest_SPME_1ng_1.mzML	TTHYTPLACGSNPLK	sp|O60832|DKC1_HUMAN	0.0	False	False	1	0.99609375	True	467	0	0.0
HeLa_digest_SPME_1ng_1.mzML	ASFPQGPIGGANR	sp|O75608|LYPA1_HUMAN	0.0	False	False	1	0.99609375	True	471	0	0.0
HeLa_digest_SPME_1ng_1.mzML	ESEDFIVEQYK	sp|Q14566|MCM6_HUMAN	0.0	False	False	1	0.99609375	True	496	0	0.0
HeLa_digest_SPME_1ng_1.mzML	LQDAINILK	sp|P42704|LPPRC_HUMAN	0.0	False	False	1	0.99609375	True	486	0	0.0
HeLa_digest_SPME_1ng_1.mzML	LCQDLGPGAFR	sp|P08697|A2AP_HUMAN	0.0	False	False	1	0.99609375	True	475	0	0.0
HeLa_digest_SPME_1ng_1.mzML	FDVSSTSVFK	sp|Q96TA1|NIBA2_HUMAN	0.0	False	False	1	0.99609375	True	504	0	0.0
HeLa_digest_SPME_1ng_1.mzML	EKPPITVVGDVGGR	sp|Q14558|KPRA_HUMAN,sp|O60256|KPRB_HUMAN	0.0	True	False	2	0.99609375	True	495	0	0.0
HeLa_digest_SPME_1ng_1.mzML	PLPEVTDEYK	sp|P05455|LA_HUMAN	0.0	False	False	1	0.99609375	True	474	0	0.0
HeLa_digest_SPME_1ng_1.mzML	LFFVGSR	sp|Q9UM01|YLAT1_HUMAN,sp|Q92536|YLAT2_HUMAN,sp|Q01650|LAT1_HUMAN	0.0	True	False	3	0.99609375	True	514	0	0.0
HeLa_digest_SPME_1ng_1.mzML	SEIDLNLIK	sp|Q5VT79|AXA81_HUMAN,sp|P13928|ANXA8_HUMAN	0.0	True	False	2	0.99609375	True	502	0	0.0
HeLa_digest_SPME_1ng_1.mzML	SFDLLVK	sp|Q9HB71|CYBP_HUMAN	0.0	False	False	1	0.99609375	True	510	0	0.0
HeLa_digest_SPME_1ng_1.mzML	PVGSLAGIGEVLGK	sp|O75531|BAF_HUMAN	0.0	False	False	1	0.99609375	True	470	0	0.0
HeLa_digest_SPME_1ng_1.mzML	DFINFISDK	sp|Q9H3N1|TMX1_HUMAN	0.0	False	False	1	0.99609375	True	509	0	0.0
HeLa_digest_SPME_1ng_1.mzML	DINELNLPK	sp|P61081|UBC12_HUMAN	0.0	False	False	1	0.9921875	True	529	0	0.0
HeLa_digest_SPME_1ng_1.mzML	NREPLMPSPQFIK	sp|O94826|TOM70_HUMAN	0.0	False	False	1	0.9921875	True	518	0	0.0
HeLa_digest_SPME_1ng_1.mzML	TQRPADVIFATVR	sp|P33993|MCM7_HUMAN	0.0	False	False	1	0.9921875	True	525	0	0.0
HeLa_digest_SPME_1ng_1.mzML	DLAQALINR	sp|P46087|NOP2_HUMAN	0.0	False	False	1	0.9921875	True	527	0	0.0
HeLa_digest_SPME_1ng_1.mzML	NLIDAGVDALR	sp|P12268|IMDH2_HUMAN	0.0	False	False	1	0.9921875	True	520	0	0.0
HeLa_digest_SPME_1ng_1.mzML	LAYINPDLALEEK	sp|P31948|STIP1_HUMAN	0.0	False	False	1	0.9921875	True	523	0	0.0
HeLa_digest_SPME_1ng_1.mzML	IREDLPNLESSEETEQINK	sp|Q96QK1|VPS35_HUMAN	0.0	False	False	1	0.9921875	True	531	0	0.0
HeLa_digest_SPME_1ng_1.mzML	GLFIIDGK	sp|P32119|PRDX2_HUMAN	0.0	True	False	1	0.9921875	True	524	0	0.0
HeLa_digest_SPME_1ng_1.mzML	DYTSGAMLTGELK	sp|P23381|SYWC_HUMAN	0.0	False	False	1	0.9921875	True	521	0	0.0
HeLa_digest_SPME_1ng_1.mzML	VAVEYLDPSPEVQK	sp|O43684|BUB3_HUMAN	0.0	False	False	1	0.9921875	True	517	0	0.0
HeLa_digest_SPME_1ng_1.mzML	ELEEDFIK	sp|Q14019|COTL1_HUMAN	0.0	False	False	1	0.98828125	True	538	0	0.0
HeLa_digest_SPME_1ng_1.mzML	LYCPVEFSK	sp|P52788|SPSY_HUMAN	0.0	False	False	1	0.98828125	True	535	0	0.0
HeLa_digest_SPME_1ng_1.mzML	DLEEFFSTVGK	sp|Q14498|RBM39_HUMAN	0.0017985611510791	False	False	1	0.984375	True	540	1	0.0018518518518518
HeLa_digest_SPME_1ng_1.mzML	ALAAFLK	sp|P39019|RS19_HUMAN	0.0017985611510791	False	False	1	0.97265625	True	544	1	0.0018382352941176
HeLa_digest_SPME_1ng_1.mzML	ELLPELR	sp|P49321|NASP_HUMAN	0.0017985611510791	True	False	2	0.97265625	True	545	1	0.0018348623853211
HeLa_digest_SPME_1ng_1.mzML	DLAEITTLDR	sp|Q9BS26|ERP44_HUMAN	0.0017985611510791	False	False	1	0.96484375	True	547	1	0.0018281535648994
HeLa_digest_SPME_1ng_1.mzML	SVLISLK	sp|Q0IIM8|TBC8B_HUMAN,sp|P09496|CLCA_HUMAN	0.0017985611510791	True	False	2	0.94921875	True	551	1	0.0018148820326678
HeLa_digest_SPME_1ng_1.mzML	LAQMISDHNDADFEEK	sp|Q14157|UBP2L_HUMAN	0.0017985611510791	False	False	1	0.9375	True	554	1	0.0018050541516245
HeLa_digest_SPME_1ng_1.mzML	LVEIAQVPK	sp|Q16851|UGPA_HUMAN	0.0017985611510791	False	False	1	0.9296875	True	555	1	0.0018018018018018
HeLa_digest_SPME_1ng_1.mzML	DLFNAIATGK	sp|P04040|CATA_HUMAN	0.0017985611510791	False	False	1	0.92578125	True	556	1	0.0017985611510791
HeLa_digest_SPME_1ng_1.mzML	TVFGVEPDLTR	sp|Q96KP4|CNDP2_HUMAN	0.0035714285714285	False	False	1	0.91796875	True	558	2	0.003584229390681
HeLa_digest_SPME_1ng_1.mzML	ILTLSQIGR	sp|Q16401|PSMD5_HUMAN	0.0035714285714285	False	False	1	0.91796875	True	557	2	0.0035906642728904
HeLa_digest_SPME_1ng_1.mzML	EIVVLETLEDIDK	sp|Q15293|RCN1_HUMAN	0.0035714285714285	False	False	1	0.9140625	True	559	2	0.0035778175313059
HeLa_digest_SPME_1ng_1.mzML	LLELLPGK	sp|Q8N684|CPSF7_HUMAN	0.0053003533568904	False	False	1	0.87109375	True	561	3	0.0053475935828877
HeLa_digest_SPME_1ng_1.mzML	GFAYVQFEDVR	sp|Q8WXF0|SRS12_HUMAN,sp|O75494|SRS10_HUMAN	0.0053003533568904	True	False	2	0.86328125	True	562	3	0.0053380782918149
HeLa_digest_SPME_1ng_1.mzML	ICSLHSLPPQS	sp|P03928|ATP8_HUMAN	0.0053003533568904	False	False	1	0.8515625	True	563	3	0.0053285968028419
HeLa_digest_SPME_1ng_1.mzML	LNLYELK	sp|P49720|PSB3_HUMAN	0.0053003533568904	False	False	1	0.828125	True	565	3	0.0053097345132743
HeLa_digest_SPME_1ng_1.mzML	LGSTVVDLSVPGK	sp|Q86U90|YRDC_HUMAN	0.0053003533568904	False	False	1	0.765625	True	566	3	0.0053003533568904
HeLa_digest_SPME_1ng_1.mzML	LSLDDLLQR	sp|P27708|PYR1_HUMAN	0.0068846815834767	True	False	1	0.734375	True	567	4	0.0070546737213403
HeLa_digest_SPME_1ng_1.mzML	ILEVDLK	sp|Q13247|SRSF6_HUMAN,sp|Q08170|SRSF4_HUMAN	0.0068846815834767	True	False	2	0.73046875	True	568	4	0.0070422535211267
HeLa_digest_SPME_1ng_1.mzML	PQAPATVGLAFR	sp|Q15370|ELOB_HUMAN	0.0068846815834767	False	False	1	0.71875	True	569	4	0.0070298769771528
HeLa_digest_SPME_1ng_1.mzML	NLQGFLEQPK	sp|Q5T4S7|UBR4_HUMAN	0.0068846815834767	False	False	1	0.62890625	True	574	4	0.0069686411149825
HeLa_digest_SPME_1ng_1.mzML	SGSPAVLAFAK	sp|Q8TEM1|PO210_HUMAN	0.0068846815834767	False	False	1	0.58984375	True	576	4	0.0069444444444444
HeLa_digest_SPME_1ng_1.mzML	TEFLSFMNTELAAFTK	sp|P31949|S10AB_HUMAN	0.0068846815834767	False	False	1	0.5625	True	577	4	0.0069324090121317
HeLa_digest_SPME_1ng_1.mzML	LLSSLGGFK	sp|Q92616|GCN1_HUMAN	0.0068846815834767	False	False	1	0.5390625	True	578	4	0.0069204152249134
HeLa_digest_SPME_1ng_1.mzML	LSSLLTYEDK	sp|Q9C0B2|CFA74_HUMAN	0.0084602368866328	False	False	1	0.408203125	True	584	5	0.0085616438356164
HeLa_digest_SPME_1ng_1.mzML	VLLESEQFLTELTR	sp|P37108|SRP14_HUMAN	0.0084602368866328	False	False	1	0.365234375	True	585	5	0.0085470085470085
HeLa_digest_SPME_1ng_1.mzML	TVLENLR	sp|A6NMB1|SIG16_HUMAN	0.0084602368866328	False	False	1	0.33984375	True	587	5	0.0085178875638841
HeLa_digest_SPME_1ng_1.mzML	TAEEVAALIR	sp|Q6P2Q9|PRP8_HUMAN	0.0084602368866328	False	False	1	0.30859375	True	589	5	0.0084889643463497
HeLa_digest_SPME_1ng_1.mzML	TFDEIASGFR	sp|P11166|GTR1_HUMAN	0.0084602368866328	False	False	1	0.306640625	True	590	5	0.0084745762711864
HeLa_digest_SPME_1ng_1.mzML	HIGLVYSGMGPDYR	sp|P25787|PSA2_HUMAN	0.0017985611510791	False	False	1	0.9375	True	553	1	0.0018083182640144
